<?xml version="1.0" encoding="UTF-8"?>
<package id="1" uuid="1d5a927c-6e5b-4e64-97e5-b1792f75e4fd">
  <dateCreated id="2">2023-08-11 14:25:33</dateCreated>
  <name>Refill_Visit_Note_New_Concepts</name>
  <description>Package contains new concepts for Refill Visit Note</description>
  <openmrsVersion>2.3.1 cfl.2 Build 402691</openmrsVersion>
  <version>1</version>
  <groupUuid>c1e68fa8-c3ae-433e-8bf4-1fff3e532408</groupUuid>
  <modules id="3">
    <entry>
      <string>openconceptlab</string>
      <string>2.0.0-SNAPSHOT</string>
    </entry>
    <entry>
      <string>calculation</string>
      <string>1.2</string>
    </entry>
    <entry>
      <string>legacyui</string>
      <string>1.6.0</string>
    </entry>
    <entry>
      <string>attachments</string>
      <string>2.4.0</string>
    </entry>
    <entry>
      <string>metadatadeploy</string>
      <string>1.11.0</string>
    </entry>
    <entry>
      <string>fhir</string>
      <string>1.20.0</string>
    </entry>
    <entry>
      <string>metadatasharing</string>
      <string>1.6.0</string>
    </entry>
    <entry>
      <string>allergyui</string>
      <string>1.8.3-SNAPSHOT</string>
    </entry>
    <entry>
      <string>formentryapp</string>
      <string>1.4.2</string>
    </entry>
    <entry>
      <string>providermanagement</string>
      <string>2.10.0</string>
    </entry>
    <entry>
      <string>visits</string>
      <string>1.5.0-3</string>
    </entry>
    <entry>
      <string>htmlwidgets</string>
      <string>1.10.0</string>
    </entry>
    <entry>
      <string>dataexchange</string>
      <string>1.3.4</string>
    </entry>
    <entry>
      <string>sms</string>
      <string>1.3.0</string>
    </entry>
    <entry>
      <string>addresshierarchy</string>
      <string>2.11.0</string>
    </entry>
    <entry>
      <string>cflcharts</string>
      <string>1.2.1</string>
    </entry>
    <entry>
      <string>reportingrest</string>
      <string>1.11.0</string>
    </entry>
    <entry>
      <string>uiframework</string>
      <string>3.19.0</string>
    </entry>
    <entry>
      <string>reportingui</string>
      <string>1.6.0</string>
    </entry>
    <entry>
      <string>event</string>
      <string>2.9.0-SNAPSHOT</string>
    </entry>
    <entry>
      <string>uicommons</string>
      <string>2.14.0-SNAPSHOT</string>
    </entry>
    <entry>
      <string>patientflags</string>
      <string>3.0.3-SNAPSHOT</string>
    </entry>
    <entry>
      <string>reporting</string>
      <string>1.21.0-SNAPSHOT</string>
    </entry>
    <entry>
      <string>emrapi</string>
      <string>1.29.0-SNAPSHOT</string>
    </entry>
    <entry>
      <string>registrationapp</string>
      <string>1.20.0-SNAPSHOT</string>
    </entry>
    <entry>
      <string>callflows</string>
      <string>1.1.13</string>
    </entry>
    <entry>
      <string>idgen</string>
      <string>4.5.0</string>
    </entry>
    <entry>
      <string>htmlformentryui</string>
      <string>2.0.0-SNAPSHOT</string>
    </entry>
    <entry>
      <string>htmlformentry</string>
      <string>4.0.1-cfl.1</string>
    </entry>
    <entry>
      <string>etllite</string>
      <string>1.1.10</string>
    </entry>
    <entry>
      <string>cfl</string>
      <string>1.4.1-3</string>
    </entry>
    <entry>
      <string>reportingcompatibility</string>
      <string>2.0.6</string>
    </entry>
    <entry>
      <string>uilibrary</string>
      <string>2.0.6</string>
    </entry>
    <entry>
      <string>locationbasedaccess</string>
      <string>0.3.0-SNAPSHOT</string>
    </entry>
    <entry>
      <string>appframework</string>
      <string>2.15.0-SNAPSHOT</string>
    </entry>
    <entry>
      <string>cfldistribution-ship</string>
      <string>1.1.3-2</string>
    </entry>
    <entry>
      <string>webservices.rest</string>
      <string>2.29.1-SNAPSHOT.ccf336</string>
    </entry>
    <entry>
      <string>adminui</string>
      <string>1.3.0</string>
    </entry>
    <entry>
      <string>registrationcore</string>
      <string>1.9.0</string>
    </entry>
    <entry>
      <string>owa</string>
      <string>1.10.0</string>
    </entry>
    <entry>
      <string>messages</string>
      <string>1.7.0-2</string>
    </entry>
    <entry>
      <string>metadatamapping</string>
      <string>1.3.4</string>
    </entry>
    <entry>
      <string>coreapps</string>
      <string>1.29.0</string>
    </entry>
    <entry>
      <string>appui</string>
      <string>1.13.0-SNAPSHOT</string>
    </entry>
    <entry>
      <string>serialization.xstream</string>
      <string>0.2.14</string>
    </entry>
    <entry>
      <string>cflcore</string>
      <string>1.11.1-4-SNAPSHOT</string>
    </entry>
  </modules>
  <items class="linked-hash-set" id="4">
    <org.openmrs.module.metadatasharing.Item id="5" uuid="ff16180b-db7e-4423-a925-b29c1b1f2c0f">
      <id>221310</id>
      <classname>org.openmrs.ConceptNumeric</classname>
      <dateChanged id="6">2023-08-08 12:19:34</dateChanged>
      <retired>false</retired>
    </org.openmrs.module.metadatasharing.Item>
    <org.openmrs.module.metadatasharing.Item id="7" uuid="7f1693a5-4223-4a75-9eb7-8d547e6ec677">
      <id>221312</id>
      <classname>org.openmrs.ConceptNumeric</classname>
      <dateChanged id="8">2023-08-04 13:38:29</dateChanged>
      <retired>false</retired>
    </org.openmrs.module.metadatasharing.Item>
    <org.openmrs.module.metadatasharing.Item id="9" uuid="977e3982-fe6b-4abf-aaa1-8c1fbfb5f058">
      <id>221311</id>
      <classname>org.openmrs.ConceptNumeric</classname>
      <dateChanged id="10">2023-08-04 13:37:40</dateChanged>
      <retired>false</retired>
    </org.openmrs.module.metadatasharing.Item>
    <org.openmrs.module.metadatasharing.Item id="11" uuid="6db838eb-55a6-44d6-8554-60dcafd0a620">
      <id>221313</id>
      <classname>org.openmrs.ConceptNumeric</classname>
      <dateChanged id="12">2023-08-08 11:35:05</dateChanged>
      <retired>false</retired>
    </org.openmrs.module.metadatasharing.Item>
  </items>
  <relatedItems class="linked-hash-set" id="13">
    <org.openmrs.module.metadatasharing.Item id="14" uuid="8d4a4488-c2cc-11de-8d13-0010c6dffd0f">
      <id>1</id>
      <classname>org.openmrs.ConceptDatatype</classname>
      <dateChanged id="15">2004-02-02 00:00:00</dateChanged>
      <retired>false</retired>
    </org.openmrs.module.metadatasharing.Item>
    <org.openmrs.module.metadatasharing.Item id="16" uuid="8d491e50-c2cc-11de-8d13-0010c6dffd0f">
      <id>7</id>
      <classname>org.openmrs.ConceptClass</classname>
      <dateChanged id="17">2023-08-02 11:37:04</dateChanged>
      <retired>false</retired>
    </org.openmrs.module.metadatasharing.Item>
    <org.openmrs.module.metadatasharing.Item id="18" uuid="3d626bf7-c086-4b75-aea8-778feb29ca37">
      <id>275110</id>
      <classname>org.openmrs.ConceptName</classname>
      <dateChanged id="19">2023-08-03 13:53:04</dateChanged>
    </org.openmrs.module.metadatasharing.Item>
    <org.openmrs.module.metadatasharing.Item id="20" uuid="2138f5ab-948f-4893-a4cd-9e6f69930223">
      <id>496615</id>
      <classname>org.openmrs.ConceptMap</classname>
      <dateChanged id="21">2023-08-11 14:26:24</dateChanged>
    </org.openmrs.module.metadatasharing.Item>
    <org.openmrs.module.metadatasharing.Item id="22" uuid="35543629-7d8c-11e1-909d-c80aa9edcf4e">
      <id>1</id>
      <classname>org.openmrs.ConceptMapType</classname>
      <dateChanged id="23">2023-08-02 11:37:04</dateChanged>
      <retired>false</retired>
    </org.openmrs.module.metadatasharing.Item>
    <org.openmrs.module.metadatasharing.Item id="24" uuid="835e48d9-4312-41d9-b13b-c5f19d509694">
      <id>448106</id>
      <classname>org.openmrs.ConceptReferenceTerm</classname>
      <dateChanged id="25">2023-08-11 14:26:24</dateChanged>
      <retired>false</retired>
    </org.openmrs.module.metadatasharing.Item>
    <org.openmrs.module.metadatasharing.Item id="26" uuid="21ADDDDDDDDDDDDDDDDDDDDDDDDDDDDDDDDD">
      <id>21</id>
      <classname>org.openmrs.ConceptSource</classname>
      <dateChanged id="27">2023-08-02 11:37:04</dateChanged>
      <retired>false</retired>
    </org.openmrs.module.metadatasharing.Item>
    <org.openmrs.module.metadatasharing.Item id="28" uuid="0b54a477-9e0c-49f7-9558-f4b0291152c5">
      <id>275112</id>
      <classname>org.openmrs.ConceptName</classname>
      <dateChanged id="29">2023-08-04 13:38:29</dateChanged>
    </org.openmrs.module.metadatasharing.Item>
    <org.openmrs.module.metadatasharing.Item id="30" uuid="760a2cfe-875d-4315-868d-8d4a4a0da6cd">
      <id>35845</id>
      <classname>org.openmrs.ConceptDescription</classname>
      <dateChanged id="31">2023-08-04 13:38:29</dateChanged>
    </org.openmrs.module.metadatasharing.Item>
    <org.openmrs.module.metadatasharing.Item id="32" uuid="58248ec4-deb6-4618-88ac-743ab6019d84">
      <id>496616</id>
      <classname>org.openmrs.ConceptMap</classname>
      <dateChanged id="33">2023-08-11 14:26:24</dateChanged>
    </org.openmrs.module.metadatasharing.Item>
    <org.openmrs.module.metadatasharing.Item id="34" uuid="19cbd02f-3832-4700-abf6-cc64901ea03d">
      <id>448107</id>
      <classname>org.openmrs.ConceptReferenceTerm</classname>
      <dateChanged id="35">2023-08-11 14:26:24</dateChanged>
      <retired>false</retired>
    </org.openmrs.module.metadatasharing.Item>
    <org.openmrs.module.metadatasharing.Item id="36" uuid="de8bcea7-28ab-445f-b969-f886d81b8990">
      <id>275111</id>
      <classname>org.openmrs.ConceptName</classname>
      <dateChanged id="37">2023-08-04 13:37:40</dateChanged>
    </org.openmrs.module.metadatasharing.Item>
    <org.openmrs.module.metadatasharing.Item id="38" uuid="99bfad1b-1704-41a5-9444-d95853495b30">
      <id>35844</id>
      <classname>org.openmrs.ConceptDescription</classname>
      <dateChanged id="39">2023-08-04 13:37:40</dateChanged>
    </org.openmrs.module.metadatasharing.Item>
    <org.openmrs.module.metadatasharing.Item id="40" uuid="19c2f456-7762-4953-acfa-fac053f50c07">
      <id>496617</id>
      <classname>org.openmrs.ConceptMap</classname>
      <dateChanged id="41">2023-08-11 14:26:24</dateChanged>
    </org.openmrs.module.metadatasharing.Item>
    <org.openmrs.module.metadatasharing.Item id="42" uuid="4b0fd2ca-7f57-4d8a-9664-34c283f15c54">
      <id>448108</id>
      <classname>org.openmrs.ConceptReferenceTerm</classname>
      <dateChanged id="43">2023-08-11 14:26:24</dateChanged>
      <retired>false</retired>
    </org.openmrs.module.metadatasharing.Item>
    <org.openmrs.module.metadatasharing.Item id="44" uuid="8d492594-c2cc-11de-8d13-0010c6dffd0f">
      <id>10</id>
      <classname>org.openmrs.ConceptClass</classname>
      <dateChanged id="45">2023-08-02 11:37:04</dateChanged>
      <retired>false</retired>
    </org.openmrs.module.metadatasharing.Item>
    <org.openmrs.module.metadatasharing.Item id="46" uuid="a474e549-099c-49e8-a025-cb9a0349429e">
      <id>275113</id>
      <classname>org.openmrs.ConceptName</classname>
      <dateChanged id="47">2023-08-04 13:56:24</dateChanged>
    </org.openmrs.module.metadatasharing.Item>
    <org.openmrs.module.metadatasharing.Item id="48" uuid="ba580df4-d5e8-4666-9322-b6d904e71e05">
      <id>5919</id>
      <classname>org.openmrs.ConceptSet</classname>
      <dateChanged id="49">2023-08-08 11:35:05</dateChanged>
    </org.openmrs.module.metadatasharing.Item>
    <org.openmrs.module.metadatasharing.Item id="50" uuid="5d388d28-f919-4228-9be9-de5486529c7f">
      <id>5917</id>
      <classname>org.openmrs.ConceptSet</classname>
      <dateChanged id="51">2023-08-04 13:56:24</dateChanged>
    </org.openmrs.module.metadatasharing.Item>
    <org.openmrs.module.metadatasharing.Item id="52" uuid="488623c2-53d7-4d9a-b3d7-d05df0b6d751">
      <id>5918</id>
      <classname>org.openmrs.ConceptSet</classname>
      <dateChanged id="53">2023-08-04 13:56:24</dateChanged>
    </org.openmrs.module.metadatasharing.Item>
    <org.openmrs.module.metadatasharing.Item id="54" uuid="6df083eb-c37f-43c5-931c-82fe43941d5e">
      <id>496618</id>
      <classname>org.openmrs.ConceptMap</classname>
      <dateChanged id="55">2023-08-11 14:26:24</dateChanged>
    </org.openmrs.module.metadatasharing.Item>
    <org.openmrs.module.metadatasharing.Item id="56" uuid="08a3ae31-c9f6-4a07-a5bc-cab08d64b11a">
      <id>448109</id>
      <classname>org.openmrs.ConceptReferenceTerm</classname>
      <dateChanged id="57">2023-08-11 14:26:24</dateChanged>
      <retired>false</retired>
    </org.openmrs.module.metadatasharing.Item>
  </relatedItems>
</package>
