<?xml version="1.0" encoding="UTF-8"?>
<list id="1">
  <org.openmrs.ConceptNumeric id="2" uuid="ff16180b-db7e-4423-a925-b29c1b1f2c0f">
    <conceptId>221310</conceptId>
    <retired>false</retired>
    <datatype id="3" resolves-to="org.openmrs.ConceptDatatype" uuid="8d4a4488-c2cc-11de-8d13-0010c6dffd0f">
      <name>Numeric</name>
      <description>Numeric value, including integer or float (e.g., creatinine, weight)</description>
      <creator/>
      <dateCreated id="4">2004-02-02 00:00:00</dateCreated>
      <retired>false</retired>
      <retiredBy/>
      <conceptDatatypeId>1</conceptDatatypeId>
      <hl7Abbreviation>NM</hl7Abbreviation>
    </datatype>
    <conceptClass id="5" resolves-to="org.openmrs.ConceptClass" uuid="8d491e50-c2cc-11de-8d13-0010c6dffd0f">
      <name>Question</name>
      <description>Question (eg, patient history, SF36 items)</description>
      <creator/>
      <dateCreated id="6">2004-03-02 00:00:00</dateCreated>
      <changedBy/>
      <dateChanged id="7">2023-08-02 11:37:04</dateChanged>
      <retired>false</retired>
      <conceptClassId>7</conceptClassId>
    </conceptClass>
    <set>false</set>
    <creator/>
    <dateCreated id="8">2023-08-03 13:53:04</dateCreated>
    <changedBy/>
    <dateChanged id="9">2023-08-11 14:26:24</dateChanged>
    <names class="set" id="10">
      <org.openmrs.ConceptName id="11" uuid="3d626bf7-c086-4b75-aea8-778feb29ca37">
        <conceptNameId>275110</conceptNameId>
        <concept class="org.openmrs.ConceptNumeric" reference="2"/>
        <name>Adherence score</name>
        <locale id="12">en</locale>
        <creator/>
        <dateCreated id="13">2023-08-03 13:53:04</dateCreated>
        <voided>false</voided>
        <tags class="set" id="14"/>
        <conceptNameType>FULLY_SPECIFIED</conceptNameType>
        <localePreferred>true</localePreferred>
      </org.openmrs.ConceptName>
    </names>
    <answers class="set" id="15"/>
    <conceptSets class="set" id="16"/>
    <descriptions class="set" id="17"/>
    <conceptMappings class="set" id="18">
      <org.openmrs.ConceptMap id="19" uuid="2138f5ab-948f-4893-a4cd-9e6f69930223">
        <conceptMapType id="20" uuid="35543629-7d8c-11e1-909d-c80aa9edcf4e">
          <name>SAME-AS</name>
          <creator/>
          <dateCreated id="21">2018-10-12 00:00:00</dateCreated>
          <changedBy/>
          <dateChanged id="22">2023-08-02 11:37:04</dateChanged>
          <retired>false</retired>
          <conceptMapTypeId>1</conceptMapTypeId>
          <isHidden>false</isHidden>
        </conceptMapType>
        <creator/>
        <dateCreated id="23">2023-08-11 14:26:24</dateCreated>
        <conceptMapId>496615</conceptMapId>
        <concept class="org.openmrs.ConceptNumeric" reference="2"/>
        <conceptReferenceTerm id="24" uuid="835e48d9-4312-41d9-b13b-c5f19d509694">
          <creator/>
          <dateCreated id="25">2023-08-11 14:26:24</dateCreated>
          <retired>false</retired>
          <conceptReferenceTermId>448106</conceptReferenceTermId>
          <conceptSource id="26" uuid="21ADDDDDDDDDDDDDDDDDDDDDDDDDDDDDDDDD">
            <name>CIEL</name>
            <description>Columbia International eHealth Laboratory concept ID</description>
            <creator/>
            <dateCreated id="27">2013-07-03 15:55:03</dateCreated>
            <changedBy/>
            <dateChanged id="28">2023-08-02 11:37:04</dateChanged>
            <retired>false</retired>
            <conceptSourceId>21</conceptSourceId>
          </conceptSource>
          <code>221310</code>
          <conceptReferenceTermMaps id="29"/>
        </conceptReferenceTerm>
      </org.openmrs.ConceptMap>
    </conceptMappings>
    <attributes id="30"/>
    <allowDecimal>true</allowDecimal>
  </org.openmrs.ConceptNumeric>
  <org.openmrs.ConceptNumeric id="31" uuid="7f1693a5-4223-4a75-9eb7-8d547e6ec677">
    <conceptId>221312</conceptId>
    <retired>false</retired>
    <datatype reference="3"/>
    <conceptClass reference="5"/>
    <set>false</set>
    <creator/>
    <dateCreated id="32">2023-08-04 13:38:29</dateCreated>
    <changedBy/>
    <dateChanged id="33">2023-08-11 14:26:24</dateChanged>
    <names class="set" id="34">
      <org.openmrs.ConceptName id="35" uuid="0b54a477-9e0c-49f7-9558-f4b0291152c5">
        <conceptNameId>275112</conceptNameId>
        <concept class="org.openmrs.ConceptNumeric" reference="31"/>
        <name>Pills left</name>
        <locale id="36">en</locale>
        <creator/>
        <dateCreated id="37">2023-08-04 13:38:29</dateCreated>
        <voided>false</voided>
        <tags class="set" id="38"/>
        <conceptNameType>FULLY_SPECIFIED</conceptNameType>
        <localePreferred>true</localePreferred>
      </org.openmrs.ConceptName>
    </names>
    <answers class="set" id="39"/>
    <conceptSets class="set" id="40"/>
    <descriptions class="set" id="41">
      <org.openmrs.ConceptDescription id="42" uuid="760a2cfe-875d-4315-868d-8d4a4a0da6cd">
        <conceptDescriptionId>35845</conceptDescriptionId>
        <concept class="org.openmrs.ConceptNumeric" reference="31"/>
        <description>Refill visit note field</description>
        <locale id="43">en</locale>
        <creator/>
        <dateCreated id="44">2023-08-04 13:38:29</dateCreated>
      </org.openmrs.ConceptDescription>
    </descriptions>
    <conceptMappings class="set" id="45">
      <org.openmrs.ConceptMap id="46" uuid="58248ec4-deb6-4618-88ac-743ab6019d84">
        <conceptMapType reference="20"/>
        <creator/>
        <dateCreated id="47">2023-08-11 14:26:24</dateCreated>
        <conceptMapId>496616</conceptMapId>
        <concept class="org.openmrs.ConceptNumeric" reference="31"/>
        <conceptReferenceTerm id="48" uuid="19cbd02f-3832-4700-abf6-cc64901ea03d">
          <creator/>
          <dateCreated id="49">2023-08-11 14:26:24</dateCreated>
          <retired>false</retired>
          <conceptReferenceTermId>448107</conceptReferenceTermId>
          <conceptSource reference="26"/>
          <code>221312</code>
          <conceptReferenceTermMaps id="50"/>
        </conceptReferenceTerm>
      </org.openmrs.ConceptMap>
    </conceptMappings>
    <attributes id="51"/>
    <allowDecimal>false</allowDecimal>
  </org.openmrs.ConceptNumeric>
  <org.openmrs.ConceptNumeric id="52" uuid="977e3982-fe6b-4abf-aaa1-8c1fbfb5f058">
    <conceptId>221311</conceptId>
    <retired>false</retired>
    <datatype reference="3"/>
    <conceptClass reference="5"/>
    <set>false</set>
    <creator/>
    <dateCreated id="53">2023-08-04 13:37:40</dateCreated>
    <changedBy/>
    <dateChanged id="54">2023-08-11 14:26:24</dateChanged>
    <names class="set" id="55">
      <org.openmrs.ConceptName id="56" uuid="de8bcea7-28ab-445f-b969-f886d81b8990">
        <conceptNameId>275111</conceptNameId>
        <concept class="org.openmrs.ConceptNumeric" reference="52"/>
        <name>Pills missed</name>
        <locale id="57">en</locale>
        <creator/>
        <dateCreated id="58">2023-08-04 13:37:40</dateCreated>
        <voided>false</voided>
        <tags class="set" id="59"/>
        <conceptNameType>FULLY_SPECIFIED</conceptNameType>
        <localePreferred>true</localePreferred>
      </org.openmrs.ConceptName>
    </names>
    <answers class="set" id="60"/>
    <conceptSets class="set" id="61"/>
    <descriptions class="set" id="62">
      <org.openmrs.ConceptDescription id="63" uuid="99bfad1b-1704-41a5-9444-d95853495b30">
        <conceptDescriptionId>35844</conceptDescriptionId>
        <concept class="org.openmrs.ConceptNumeric" reference="52"/>
        <description>Refill visit note field</description>
        <locale id="64">en</locale>
        <creator/>
        <dateCreated id="65">2023-08-04 13:37:40</dateCreated>
      </org.openmrs.ConceptDescription>
    </descriptions>
    <conceptMappings class="set" id="66">
      <org.openmrs.ConceptMap id="67" uuid="19c2f456-7762-4953-acfa-fac053f50c07">
        <conceptMapType reference="20"/>
        <creator/>
        <dateCreated id="68">2023-08-11 14:26:24</dateCreated>
        <conceptMapId>496617</conceptMapId>
        <concept class="org.openmrs.ConceptNumeric" reference="52"/>
        <conceptReferenceTerm id="69" uuid="4b0fd2ca-7f57-4d8a-9664-34c283f15c54">
          <creator/>
          <dateCreated id="70">2023-08-11 14:26:24</dateCreated>
          <retired>false</retired>
          <conceptReferenceTermId>448108</conceptReferenceTermId>
          <conceptSource reference="26"/>
          <code>221311</code>
          <conceptReferenceTermMaps id="71"/>
        </conceptReferenceTerm>
      </org.openmrs.ConceptMap>
    </conceptMappings>
    <attributes id="72"/>
    <allowDecimal>false</allowDecimal>
  </org.openmrs.ConceptNumeric>
  <org.openmrs.ConceptNumeric id="73" uuid="6db838eb-55a6-44d6-8554-60dcafd0a620">
    <conceptId>221313</conceptId>
    <retired>false</retired>
    <datatype reference="3"/>
    <conceptClass id="74" resolves-to="org.openmrs.ConceptClass" uuid="8d492594-c2cc-11de-8d13-0010c6dffd0f">
      <name>ConvSet</name>
      <description>Term to describe convenience sets</description>
      <creator/>
      <dateCreated id="75">2004-03-02 00:00:00</dateCreated>
      <changedBy/>
      <dateChanged id="76">2023-08-02 11:37:04</dateChanged>
      <retired>false</retired>
      <conceptClassId>10</conceptClassId>
    </conceptClass>
    <set>true</set>
    <creator/>
    <dateCreated id="77">2023-08-04 13:56:24</dateCreated>
    <changedBy/>
    <dateChanged id="78">2023-08-11 14:26:24</dateChanged>
    <names class="set" id="79">
      <org.openmrs.ConceptName id="80" uuid="a474e549-099c-49e8-a025-cb9a0349429e">
        <conceptNameId>275113</conceptNameId>
        <concept class="org.openmrs.ConceptNumeric" reference="73"/>
        <name>Pills details group</name>
        <locale id="81">en</locale>
        <creator/>
        <dateCreated id="82">2023-08-04 13:56:24</dateCreated>
        <voided>false</voided>
        <tags class="set" id="83"/>
        <conceptNameType>FULLY_SPECIFIED</conceptNameType>
        <localePreferred>true</localePreferred>
      </org.openmrs.ConceptName>
    </names>
    <answers class="set" id="84"/>
    <conceptSets class="set" id="85">
      <org.openmrs.ConceptSet id="86" uuid="488623c2-53d7-4d9a-b3d7-d05df0b6d751">
        <conceptSetId>5918</conceptSetId>
        <concept class="org.openmrs.ConceptNumeric" reference="31"/>
        <conceptSet class="org.openmrs.ConceptNumeric" reference="73"/>
        <sortWeight>2.0</sortWeight>
        <creator/>
        <dateCreated id="87">2023-08-04 13:56:24</dateCreated>
      </org.openmrs.ConceptSet>
      <org.openmrs.ConceptSet id="88" uuid="5d388d28-f919-4228-9be9-de5486529c7f">
        <conceptSetId>5917</conceptSetId>
        <concept class="org.openmrs.ConceptNumeric" reference="52"/>
        <conceptSet class="org.openmrs.ConceptNumeric" reference="73"/>
        <sortWeight>1.0</sortWeight>
        <creator/>
        <dateCreated id="89">2023-08-04 13:56:24</dateCreated>
      </org.openmrs.ConceptSet>
      <org.openmrs.ConceptSet id="90" uuid="ba580df4-d5e8-4666-9322-b6d904e71e05">
        <conceptSetId>5919</conceptSetId>
        <concept class="org.openmrs.ConceptNumeric" reference="2"/>
        <conceptSet class="org.openmrs.ConceptNumeric" reference="73"/>
        <sortWeight>0.0</sortWeight>
        <creator/>
        <dateCreated id="91">2023-08-08 11:35:05</dateCreated>
      </org.openmrs.ConceptSet>
    </conceptSets>
    <descriptions class="set" id="92"/>
    <conceptMappings class="set" id="93">
      <org.openmrs.ConceptMap id="94" uuid="6df083eb-c37f-43c5-931c-82fe43941d5e">
        <conceptMapType reference="20"/>
        <creator/>
        <dateCreated id="95">2023-08-11 14:26:24</dateCreated>
        <conceptMapId>496618</conceptMapId>
        <concept class="org.openmrs.ConceptNumeric" reference="73"/>
        <conceptReferenceTerm id="96" uuid="08a3ae31-c9f6-4a07-a5bc-cab08d64b11a">
          <creator/>
          <dateCreated id="97">2023-08-11 14:26:24</dateCreated>
          <retired>false</retired>
          <conceptReferenceTermId>448109</conceptReferenceTermId>
          <conceptSource reference="26"/>
          <code>221313</code>
          <conceptReferenceTermMaps id="98"/>
        </conceptReferenceTerm>
      </org.openmrs.ConceptMap>
    </conceptMappings>
    <attributes id="99"/>
    <allowDecimal>false</allowDecimal>
  </org.openmrs.ConceptNumeric>
</list>
