<?xml version="1.0" encoding="UTF-8"?>
<package id="1" uuid="977877db-a07a-4d48-a66e-46ac55f81691">
  <dateCreated id="2">2022-07-06 17:45:03</dateCreated>
  <name>CfL Concept Dictionary</name>
  <description>Package used for storage required concepts for diagnoses and conditions sets</description>
  <openmrsVersion>2.3.6 SNAPSHOT Build b132fa</openmrsVersion>
  <version>1</version>
  <groupUuid>beba88d0-307d-4239-9395-28ba3632a2d9</groupUuid>
  <modules id="3">
    <entry>
      <string>openconceptlab</string>
      <string>2.0.0-SNAPSHOT</string>
    </entry>
    <entry>
      <string>calculation</string>
      <string>1.2</string>
    </entry>
    <entry>
      <string>legacyui</string>
      <string>1.6.0</string>
    </entry>
    <entry>
      <string>appointmentscheduling</string>
      <string>1.12.0</string>
    </entry>
    <entry>
      <string>cfldefault</string>
      <string>1.0.0-SNAPSHOT</string>
    </entry>
    <entry>
      <string>appointmentschedulingui</string>
      <string>1.9.0</string>
    </entry>
    <entry>
      <string>htmlwidgets</string>
      <string>1.10.0</string>
    </entry>
    <entry>
      <string>dataexchange</string>
      <string>1.3.4</string>
    </entry>
    <entry>
      <string>addresshierarchy</string>
      <string>2.11.0</string>
    </entry>
    <entry>
      <string>reportingui</string>
      <string>1.6.0</string>
    </entry>
    <entry>
      <string>uicommons</string>
      <string>2.14.0-SNAPSHOT</string>
    </entry>
    <entry>
      <string>patientflags</string>
      <string>3.0.3-SNAPSHOT</string>
    </entry>
    <entry>
      <string>emrapi</string>
      <string>1.29.0-SNAPSHOT</string>
    </entry>
    <entry>
      <string>registrationapp</string>
      <string>1.20.0-SNAPSHOT</string>
    </entry>
    <entry>
      <string>idgen</string>
      <string>4.5.0</string>
    </entry>
    <entry>
      <string>htmlformentry</string>
      <string>4.0.0</string>
    </entry>
    <entry>
      <string>etllite</string>
      <string>1.1.7</string>
    </entry>
    <entry>
      <string>reportingcompatibility</string>
      <string>2.0.6</string>
    </entry>
    <entry>
      <string>vxnaidlicensemanagement</string>
      <string>1.1.3</string>
    </entry>
    <entry>
      <string>uilibrary</string>
      <string>2.0.6</string>
    </entry>
    <entry>
      <string>locationbasedaccess</string>
      <string>0.3.0-SNAPSHOT</string>
    </entry>
    <entry>
      <string>adminui</string>
      <string>1.3.0</string>
    </entry>
    <entry>
      <string>vxnaidbiometric</string>
      <string>1.2.6</string>
    </entry>
    <entry>
      <string>messages</string>
      <string>1.5.7</string>
    </entry>
    <entry>
      <string>metadatamapping</string>
      <string>1.3.4</string>
    </entry>
    <entry>
      <string>coreapps</string>
      <string>1.29.0</string>
    </entry>
    <entry>
      <string>cflcore</string>
      <string>1.9.1</string>
    </entry>
    <entry>
      <string>serialization.xstream</string>
      <string>0.2.14</string>
    </entry>
    <entry>
      <string>attachments</string>
      <string>2.4.0</string>
    </entry>
    <entry>
      <string>metadatadeploy</string>
      <string>1.11.0</string>
    </entry>
    <entry>
      <string>fhir</string>
      <string>1.20.0</string>
    </entry>
    <entry>
      <string>metadatasharing</string>
      <string>1.6.0</string>
    </entry>
    <entry>
      <string>allergyui</string>
      <string>1.8.3-SNAPSHOT</string>
    </entry>
    <entry>
      <string>formentryapp</string>
      <string>1.4.2</string>
    </entry>
    <entry>
      <string>providermanagement</string>
      <string>2.10.0</string>
    </entry>
    <entry>
      <string>visits</string>
      <string>1.3.5</string>
    </entry>
    <entry>
      <string>sms</string>
      <string>1.2.5</string>
    </entry>
    <entry>
      <string>reportingrest</string>
      <string>1.11.0</string>
    </entry>
    <entry>
      <string>uiframework</string>
      <string>3.19.0</string>
    </entry>
    <entry>
      <string>event</string>
      <string>2.9.0-SNAPSHOT</string>
    </entry>
    <entry>
      <string>reporting</string>
      <string>1.21.0-SNAPSHOT</string>
    </entry>
    <entry>
      <string>callflows</string>
      <string>1.1.8</string>
    </entry>
    <entry>
      <string>htmlformentryui</string>
      <string>2.0.0-SNAPSHOT</string>
    </entry>
    <entry>
      <string>cfl</string>
      <string>1.3.1</string>
    </entry>
    <entry>
      <string>appframework</string>
      <string>2.15.0-SNAPSHOT</string>
    </entry>
    <entry>
      <string>webservices.rest</string>
      <string>2.29.1-SNAPSHOT.ccf336</string>
    </entry>
    <entry>
      <string>registrationcore</string>
      <string>1.9.0</string>
    </entry>
    <entry>
      <string>owa</string>
      <string>1.10.0</string>
    </entry>
    <entry>
      <string>vxnaid</string>
      <string>1.0.2</string>
    </entry>
    <entry>
      <string>appui</string>
      <string>1.13.0-SNAPSHOT</string>
    </entry>
  </modules>
  <items class="linked-hash-set" id="4">
    <org.openmrs.module.metadatasharing.Item id="5" uuid="f9285e8a-b205-4630-a220-078ac24dd926">
      <id>55164</id>
      <classname>org.openmrs.ConceptNumeric</classname>
      <dateChanged id="6">2022-07-06 17:30:47</dateChanged>
      <retired>false</retired>
    </org.openmrs.module.metadatasharing.Item>
    <org.openmrs.module.metadatasharing.Item id="7" uuid="2c91daf3-5b97-4509-9524-a81e6f86605b">
      <id>55168</id>
      <classname>org.openmrs.Concept</classname>
      <dateChanged id="8">2022-07-06 17:30:48</dateChanged>
      <retired>false</retired>
    </org.openmrs.module.metadatasharing.Item>
    <org.openmrs.module.metadatasharing.Item id="9" uuid="87b8d48a-6952-4073-a756-1b6cb9e39763">
      <id>55169</id>
      <classname>org.openmrs.Concept</classname>
      <dateChanged id="10">2022-07-06 17:30:48</dateChanged>
      <retired>false</retired>
    </org.openmrs.module.metadatasharing.Item>
    <org.openmrs.module.metadatasharing.Item id="11" uuid="aa4d89b0-b0cf-4b68-9432-d0352d0be2c9">
      <id>55167</id>
      <classname>org.openmrs.Concept</classname>
      <dateChanged id="12">2022-07-06 17:30:48</dateChanged>
      <retired>false</retired>
    </org.openmrs.module.metadatasharing.Item>
    <org.openmrs.module.metadatasharing.Item id="13" uuid="99aa17c0-6e3a-4698-a292-47fafff0c0be">
      <id>55165</id>
      <classname>org.openmrs.Concept</classname>
      <dateChanged id="14">2022-07-06 17:30:48</dateChanged>
      <retired>false</retired>
    </org.openmrs.module.metadatasharing.Item>
    <org.openmrs.module.metadatasharing.Item id="15" uuid="5883a781-ffb0-440d-a9d3-76c67e396469">
      <id>55166</id>
      <classname>org.openmrs.ConceptNumeric</classname>
      <dateChanged id="16">2022-07-06 17:30:48</dateChanged>
      <retired>false</retired>
    </org.openmrs.module.metadatasharing.Item>
    <org.openmrs.module.metadatasharing.Item id="17" uuid="fe2ea4aa-a9a1-40ff-bfa9-a5cdbc6a045c">
      <id>37</id>
      <classname>org.openmrs.ConceptClass</classname>
      <dateChanged id="18">2022-07-06 14:59:09</dateChanged>
      <retired>false</retired>
    </org.openmrs.module.metadatasharing.Item>
  </items>
  <relatedItems class="linked-hash-set" id="19">
    <org.openmrs.module.metadatasharing.Item id="20" uuid="8d4a4488-c2cc-11de-8d13-0010c6dffd0f">
      <id>1</id>
      <classname>org.openmrs.ConceptDatatype</classname>
      <dateChanged id="21">2004-02-02 00:00:00</dateChanged>
      <retired>false</retired>
    </org.openmrs.module.metadatasharing.Item>
    <org.openmrs.module.metadatasharing.Item id="22" uuid="8d491a9a-c2cc-11de-8d13-0010c6dffd0f">
      <id>5</id>
      <classname>org.openmrs.ConceptClass</classname>
      <dateChanged id="23">2022-07-06 17:30:48</dateChanged>
      <retired>false</retired>
    </org.openmrs.module.metadatasharing.Item>
    <org.openmrs.module.metadatasharing.Item id="24" uuid="7f9c5b6f-712c-4a15-b38a-8cfbb7864e27">
      <id>132841</id>
      <classname>org.openmrs.ConceptName</classname>
      <dateChanged id="25">2022-07-06 14:58:00</dateChanged>
    </org.openmrs.module.metadatasharing.Item>
    <org.openmrs.module.metadatasharing.Item id="26" uuid="8d4a4c94-c2cc-11de-8d13-0010c6dffd0f">
      <id>4</id>
      <classname>org.openmrs.ConceptDatatype</classname>
      <dateChanged id="27">2004-02-02 00:00:00</dateChanged>
      <retired>false</retired>
    </org.openmrs.module.metadatasharing.Item>
    <org.openmrs.module.metadatasharing.Item id="28" uuid="08820cf4-df34-414f-9c52-7b1f70a06050">
      <id>132845</id>
      <classname>org.openmrs.ConceptName</classname>
      <dateChanged id="29">2022-07-06 14:59:55</dateChanged>
    </org.openmrs.module.metadatasharing.Item>
    <org.openmrs.module.metadatasharing.Item id="30" uuid="1fea3ed0-41e6-40cb-88f4-00a4d407c44a">
      <id>132846</id>
      <classname>org.openmrs.ConceptName</classname>
      <dateChanged id="31">2022-07-06 14:59:30</dateChanged>
    </org.openmrs.module.metadatasharing.Item>
    <org.openmrs.module.metadatasharing.Item id="32" uuid="8d4907b2-c2cc-11de-8d13-0010c6dffd0f">
      <id>1</id>
      <classname>org.openmrs.ConceptClass</classname>
      <dateChanged id="33">2022-07-06 17:30:51</dateChanged>
      <retired>false</retired>
    </org.openmrs.module.metadatasharing.Item>
    <org.openmrs.module.metadatasharing.Item id="34" uuid="503aa2af-62b6-4a1f-8b56-30aeb6a65eb5">
      <id>132844</id>
      <classname>org.openmrs.ConceptName</classname>
      <dateChanged id="35">2022-07-06 15:07:48</dateChanged>
    </org.openmrs.module.metadatasharing.Item>
    <org.openmrs.module.metadatasharing.Item id="36" uuid="2d2d7d47-e998-49e6-a84f-1e801b963004">
      <id>2823</id>
      <classname>org.openmrs.ConceptSet</classname>
      <dateChanged id="37">2022-07-06 15:07:48</dateChanged>
    </org.openmrs.module.metadatasharing.Item>
    <org.openmrs.module.metadatasharing.Item id="38" uuid="884AAAAAAAAAAAAAAAAAAAAAAAAAAAAAAAAA">
      <id>54888</id>
      <classname>org.openmrs.ConceptNumeric</classname>
      <dateChanged id="39">2022-07-06 17:30:51</dateChanged>
      <retired>false</retired>
    </org.openmrs.module.metadatasharing.Item>
    <org.openmrs.module.metadatasharing.Item id="40" uuid="8d4918b0-c2cc-11de-8d13-0010c6dffd0f">
      <id>4</id>
      <classname>org.openmrs.ConceptClass</classname>
      <dateChanged id="41">2022-07-06 17:30:51</dateChanged>
      <retired>false</retired>
    </org.openmrs.module.metadatasharing.Item>
    <org.openmrs.module.metadatasharing.Item id="42" uuid="928BBBBBBBBBBBBBBBBBBBBBBBBBBBBBBBBB">
      <id>132224</id>
      <classname>org.openmrs.ConceptName</classname>
      <dateChanged id="43">2022-07-06 17:30:51</dateChanged>
    </org.openmrs.module.metadatasharing.Item>
    <org.openmrs.module.metadatasharing.Item id="44" uuid="118633BBBBBBBBBBBBBBBBBBBBBBBBBBBBBB">
      <id>132226</id>
      <classname>org.openmrs.ConceptName</classname>
      <dateChanged id="45">2022-07-06 17:30:48</dateChanged>
    </org.openmrs.module.metadatasharing.Item>
    <org.openmrs.module.metadatasharing.Item id="46" uuid="92893BBBBBBBBBBBBBBBBBBBBBBBBBBBBBBB">
      <id>132228</id>
      <classname>org.openmrs.ConceptName</classname>
      <dateChanged id="47">2022-07-06 17:30:48</dateChanged>
    </org.openmrs.module.metadatasharing.Item>
    <org.openmrs.module.metadatasharing.Item id="48" uuid="887FFFFFFFFFFFFFFFFFFFFFFFFFFFFFFFFF">
      <id>16254</id>
      <classname>org.openmrs.ConceptDescription</classname>
      <dateChanged id="49">2022-07-06 17:30:48</dateChanged>
    </org.openmrs.module.metadatasharing.Item>
    <org.openmrs.module.metadatasharing.Item id="50" uuid="898fe639-7d67-43ad-a50a-d22e40a54cce">
      <id>16397</id>
      <classname>org.openmrs.ConceptDescription</classname>
      <dateChanged id="51">2022-07-06 17:30:51</dateChanged>
    </org.openmrs.module.metadatasharing.Item>
    <org.openmrs.module.metadatasharing.Item id="52" uuid="34997a8e-ed5c-3bbc-98a8-92dcea3e27d5">
      <id>177229</id>
      <classname>org.openmrs.ConceptMap</classname>
      <dateChanged id="53">2022-07-06 17:30:48</dateChanged>
    </org.openmrs.module.metadatasharing.Item>
    <org.openmrs.module.metadatasharing.Item id="54" uuid="35543629-7d8c-11e1-909d-c80aa9edcf4e">
      <id>1</id>
      <classname>org.openmrs.ConceptMapType</classname>
      <dateChanged id="55">2022-07-06 17:30:51</dateChanged>
      <retired>false</retired>
    </org.openmrs.module.metadatasharing.Item>
    <org.openmrs.module.metadatasharing.Item id="56" uuid="9ea65862-f80e-46fe-bdd0-ef63968a6cb8">
      <id>157903</id>
      <classname>org.openmrs.ConceptReferenceTerm</classname>
      <dateChanged id="57">2022-07-06 17:30:48</dateChanged>
      <retired>false</retired>
    </org.openmrs.module.metadatasharing.Item>
    <org.openmrs.module.metadatasharing.Item id="58" uuid="de7432c3-52d7-5f84-aff4-dbaaf9cfc49d">
      <id>2</id>
      <classname>org.openmrs.ConceptSource</classname>
      <dateChanged id="59">2022-07-06 17:30:51</dateChanged>
      <retired>false</retired>
    </org.openmrs.module.metadatasharing.Item>
    <org.openmrs.module.metadatasharing.Item id="60" uuid="b59b7f3b-ffb2-4d12-8d89-313f5e77a484">
      <id>212711</id>
      <classname>org.openmrs.ConceptMap</classname>
      <dateChanged id="61">2022-07-06 17:30:51</dateChanged>
    </org.openmrs.module.metadatasharing.Item>
    <org.openmrs.module.metadatasharing.Item id="62" uuid="805deb3c-5a8a-4c1d-af33-61efc48af958">
      <id>164988</id>
      <classname>org.openmrs.ConceptReferenceTerm</classname>
      <dateChanged id="63">2022-07-06 17:30:51</dateChanged>
      <retired>false</retired>
    </org.openmrs.module.metadatasharing.Item>
    <org.openmrs.module.metadatasharing.Item id="64" uuid="8c83c532-9ec9-5ab6-b845-18938441d8ad">
      <id>7</id>
      <classname>org.openmrs.ConceptSource</classname>
      <dateChanged id="65">2022-07-06 17:30:51</dateChanged>
      <retired>false</retired>
    </org.openmrs.module.metadatasharing.Item>
    <org.openmrs.module.metadatasharing.Item id="66" uuid="39481ABBBBBBBBBBBBBBBBBBBBBBBBBBBBBB">
      <id>177253</id>
      <classname>org.openmrs.ConceptMap</classname>
      <dateChanged id="67">2022-07-06 17:30:48</dateChanged>
    </org.openmrs.module.metadatasharing.Item>
    <org.openmrs.module.metadatasharing.Item id="68" uuid="3e2ef3f9-07cc-46b5-89b2-3b2c68d76608">
      <id>157921</id>
      <classname>org.openmrs.ConceptReferenceTerm</classname>
      <dateChanged id="69">2022-07-06 17:30:48</dateChanged>
      <retired>false</retired>
    </org.openmrs.module.metadatasharing.Item>
    <org.openmrs.module.metadatasharing.Item id="70" uuid="171a5df4-acac-5e9b-b59b-50ecc9460a4a">
      <id>4</id>
      <classname>org.openmrs.ConceptSource</classname>
      <dateChanged id="71">2022-07-06 17:30:51</dateChanged>
      <retired>false</retired>
    </org.openmrs.module.metadatasharing.Item>
    <org.openmrs.module.metadatasharing.Item id="72" uuid="276579ABBBBBBBBBBBBBBBBBBBBBBBBBBBBB">
      <id>177235</id>
      <classname>org.openmrs.ConceptMap</classname>
      <dateChanged id="73">2022-07-06 17:30:48</dateChanged>
    </org.openmrs.module.metadatasharing.Item>
    <org.openmrs.module.metadatasharing.Item id="74" uuid="d81572b9-538b-4b0f-be69-41564147e5ed">
      <id>74001</id>
      <classname>org.openmrs.ConceptReferenceTerm</classname>
      <dateChanged id="75">2022-07-06 17:30:48</dateChanged>
      <retired>false</retired>
    </org.openmrs.module.metadatasharing.Item>
    <org.openmrs.module.metadatasharing.Item id="76" uuid="ece524be-5e02-546b-8624-51471aab5c66">
      <id>11</id>
      <classname>org.openmrs.ConceptSource</classname>
      <dateChanged id="77">2022-07-06 17:30:48</dateChanged>
      <retired>false</retired>
    </org.openmrs.module.metadatasharing.Item>
    <org.openmrs.module.metadatasharing.Item id="78" uuid="275641ABBBBBBBBBBBBBBBBBBBBBBBBBBBBB">
      <id>177271</id>
      <classname>org.openmrs.ConceptMap</classname>
      <dateChanged id="79">2022-07-06 17:30:48</dateChanged>
    </org.openmrs.module.metadatasharing.Item>
    <org.openmrs.module.metadatasharing.Item id="80" uuid="3509b614-241f-482c-a489-3f5054c3503e">
      <id>157934</id>
      <classname>org.openmrs.ConceptReferenceTerm</classname>
      <dateChanged id="81">2022-07-06 17:30:48</dateChanged>
      <retired>false</retired>
    </org.openmrs.module.metadatasharing.Item>
    <org.openmrs.module.metadatasharing.Item id="82" uuid="7ea90041-b784-5b8a-b26a-152ea4a3af8f">
      <id>31</id>
      <classname>org.openmrs.ConceptSource</classname>
      <dateChanged id="83">2022-07-06 17:30:48</dateChanged>
      <retired>false</retired>
    </org.openmrs.module.metadatasharing.Item>
    <org.openmrs.module.metadatasharing.Item id="84" uuid="637945b9-ccb5-4ab8-9fef-7644e2d4aa4a">
      <id>2828</id>
      <classname>org.openmrs.ConceptSet</classname>
      <dateChanged id="85">2022-07-06 15:07:48</dateChanged>
    </org.openmrs.module.metadatasharing.Item>
    <org.openmrs.module.metadatasharing.Item id="86" uuid="112141AAAAAAAAAAAAAAAAAAAAAAAAAAAAAA">
      <id>44277</id>
      <classname>org.openmrs.Concept</classname>
      <dateChanged id="87">2022-07-06 17:30:48</dateChanged>
      <retired>false</retired>
    </org.openmrs.module.metadatasharing.Item>
    <org.openmrs.module.metadatasharing.Item id="88" uuid="8d4a48b6-c2cc-11de-8d13-0010c6dffd0f">
      <id>2</id>
      <classname>org.openmrs.ConceptDatatype</classname>
      <dateChanged id="89">2004-02-02 00:00:00</dateChanged>
      <retired>false</retired>
    </org.openmrs.module.metadatasharing.Item>
    <org.openmrs.module.metadatasharing.Item id="90" uuid="131141BBBBBBBBBBBBBBBBBBBBBBBBBBBBBB">
      <id>104577</id>
      <classname>org.openmrs.ConceptName</classname>
      <dateChanged id="91">2022-07-06 17:30:48</dateChanged>
    </org.openmrs.module.metadatasharing.Item>
    <org.openmrs.module.metadatasharing.Item id="92" uuid="86185BBBBBBBBBBBBBBBBBBBBBBBBBBBBBBB">
      <id>104578</id>
      <classname>org.openmrs.ConceptName</classname>
      <dateChanged id="93">2022-07-06 17:30:48</dateChanged>
    </org.openmrs.module.metadatasharing.Item>
    <org.openmrs.module.metadatasharing.Item id="94" uuid="137527BBBBBBBBBBBBBBBBBBBBBBBBBBBBBB">
      <id>104579</id>
      <classname>org.openmrs.ConceptName</classname>
      <dateChanged id="95">2022-07-06 17:30:48</dateChanged>
    </org.openmrs.module.metadatasharing.Item>
    <org.openmrs.module.metadatasharing.Item id="96" uuid="12838BBBBBBBBBBBBBBBBBBBBBBBBBBBBBBB">
      <id>104580</id>
      <classname>org.openmrs.ConceptName</classname>
      <dateChanged id="97">2022-07-06 17:30:48</dateChanged>
    </org.openmrs.module.metadatasharing.Item>
    <org.openmrs.module.metadatasharing.Item id="98" uuid="12839BBBBBBBBBBBBBBBBBBBBBBBBBBBBBBB">
      <id>104581</id>
      <classname>org.openmrs.ConceptName</classname>
      <dateChanged id="99">2022-07-06 17:30:48</dateChanged>
    </org.openmrs.module.metadatasharing.Item>
    <org.openmrs.module.metadatasharing.Item id="100" uuid="12840BBBBBBBBBBBBBBBBBBBBBBBBBBBBBBB">
      <id>104583</id>
      <classname>org.openmrs.ConceptName</classname>
      <dateChanged id="101">2022-07-06 17:30:48</dateChanged>
    </org.openmrs.module.metadatasharing.Item>
    <org.openmrs.module.metadatasharing.Item id="102" uuid="1513CCCCCCCCCCCCCCCCCCCCCCCCCCCCCCCC">
      <id>5000</id>
      <classname>org.openmrs.ConceptAnswer</classname>
      <dateChanged id="103">2022-07-01 07:45:33</dateChanged>
    </org.openmrs.module.metadatasharing.Item>
    <org.openmrs.module.metadatasharing.Item id="104" uuid="1066AAAAAAAAAAAAAAAAAAAAAAAAAAAAAAAA">
      <id>54007</id>
      <classname>org.openmrs.Concept</classname>
      <dateChanged id="105">2022-07-06 17:30:48</dateChanged>
      <retired>false</retired>
    </org.openmrs.module.metadatasharing.Item>
    <org.openmrs.module.metadatasharing.Item id="106" uuid="8d492774-c2cc-11de-8d13-0010c6dffd0f">
      <id>11</id>
      <classname>org.openmrs.ConceptClass</classname>
      <dateChanged id="107">2022-07-06 17:30:48</dateChanged>
      <retired>false</retired>
    </org.openmrs.module.metadatasharing.Item>
    <org.openmrs.module.metadatasharing.Item id="108" uuid="139803BBBBBBBBBBBBBBBBBBBBBBBBBBBBBB">
      <id>129771</id>
      <classname>org.openmrs.ConceptName</classname>
      <dateChanged id="109">2022-07-06 17:30:48</dateChanged>
    </org.openmrs.module.metadatasharing.Item>
    <org.openmrs.module.metadatasharing.Item id="110" uuid="137333BBBBBBBBBBBBBBBBBBBBBBBBBBBBBB">
      <id>129772</id>
      <classname>org.openmrs.ConceptName</classname>
      <dateChanged id="111">2022-07-06 17:30:48</dateChanged>
    </org.openmrs.module.metadatasharing.Item>
    <org.openmrs.module.metadatasharing.Item id="112" uuid="126360BBBBBBBBBBBBBBBBBBBBBBBBBBBBBB">
      <id>129773</id>
      <classname>org.openmrs.ConceptName</classname>
      <dateChanged id="113">2022-07-06 17:30:48</dateChanged>
    </org.openmrs.module.metadatasharing.Item>
    <org.openmrs.module.metadatasharing.Item id="114" uuid="111196BBBBBBBBBBBBBBBBBBBBBBBBBBBBBB">
      <id>129774</id>
      <classname>org.openmrs.ConceptName</classname>
      <dateChanged id="115">2022-07-06 17:30:48</dateChanged>
    </org.openmrs.module.metadatasharing.Item>
    <org.openmrs.module.metadatasharing.Item id="116" uuid="108334BBBBBBBBBBBBBBBBBBBBBBBBBBBBBB">
      <id>129775</id>
      <classname>org.openmrs.ConceptName</classname>
      <dateChanged id="117">2022-07-06 17:30:48</dateChanged>
    </org.openmrs.module.metadatasharing.Item>
    <org.openmrs.module.metadatasharing.Item id="118" uuid="126357BBBBBBBBBBBBBBBBBBBBBBBBBBBBBB">
      <id>129777</id>
      <classname>org.openmrs.ConceptName</classname>
      <dateChanged id="119">2022-07-06 17:30:48</dateChanged>
    </org.openmrs.module.metadatasharing.Item>
    <org.openmrs.module.metadatasharing.Item id="120" uuid="106917BBBBBBBBBBBBBBBBBBBBBBBBBBBBBB">
      <id>129779</id>
      <classname>org.openmrs.ConceptName</classname>
      <dateChanged id="121">2022-07-06 17:30:48</dateChanged>
    </org.openmrs.module.metadatasharing.Item>
    <org.openmrs.module.metadatasharing.Item id="122" uuid="1139BBBBBBBBBBBBBBBBBBBBBBBBBBBBBBBB">
      <id>129781</id>
      <classname>org.openmrs.ConceptName</classname>
      <dateChanged id="123">2022-07-06 17:30:48</dateChanged>
    </org.openmrs.module.metadatasharing.Item>
    <org.openmrs.module.metadatasharing.Item id="124" uuid="126358BBBBBBBBBBBBBBBBBBBBBBBBBBBBBB">
      <id>129783</id>
      <classname>org.openmrs.ConceptName</classname>
      <dateChanged id="125">2022-07-06 17:30:48</dateChanged>
    </org.openmrs.module.metadatasharing.Item>
    <org.openmrs.module.metadatasharing.Item id="126" uuid="106308BBBBBBBBBBBBBBBBBBBBBBBBBBBBBB">
      <id>129785</id>
      <classname>org.openmrs.ConceptName</classname>
      <dateChanged id="127">2022-07-06 17:30:48</dateChanged>
    </org.openmrs.module.metadatasharing.Item>
    <org.openmrs.module.metadatasharing.Item id="128" uuid="126362BBBBBBBBBBBBBBBBBBBBBBBBBBBBBB">
      <id>129786</id>
      <classname>org.openmrs.ConceptName</classname>
      <dateChanged id="129">2022-07-06 17:30:48</dateChanged>
    </org.openmrs.module.metadatasharing.Item>
    <org.openmrs.module.metadatasharing.Item id="130" uuid="137334BBBBBBBBBBBBBBBBBBBBBBBBBBBBBB">
      <id>129789</id>
      <classname>org.openmrs.ConceptName</classname>
      <dateChanged id="131">2022-07-06 17:30:48</dateChanged>
    </org.openmrs.module.metadatasharing.Item>
    <org.openmrs.module.metadatasharing.Item id="132" uuid="126359BBBBBBBBBBBBBBBBBBBBBBBBBBBBBB">
      <id>129790</id>
      <classname>org.openmrs.ConceptName</classname>
      <dateChanged id="133">2022-07-06 17:30:48</dateChanged>
    </org.openmrs.module.metadatasharing.Item>
    <org.openmrs.module.metadatasharing.Item id="134" uuid="1138BBBBBBBBBBBBBBBBBBBBBBBBBBBBBBBB">
      <id>129792</id>
      <classname>org.openmrs.ConceptName</classname>
      <dateChanged id="135">2022-07-06 17:30:48</dateChanged>
    </org.openmrs.module.metadatasharing.Item>
    <org.openmrs.module.metadatasharing.Item id="136" uuid="127333BBBBBBBBBBBBBBBBBBBBBBBBBBBBBB">
      <id>129794</id>
      <classname>org.openmrs.ConceptName</classname>
      <dateChanged id="137">2022-07-06 17:30:48</dateChanged>
    </org.openmrs.module.metadatasharing.Item>
    <org.openmrs.module.metadatasharing.Item id="138" uuid="126361BBBBBBBBBBBBBBBBBBBBBBBBBBBBBB">
      <id>129795</id>
      <classname>org.openmrs.ConceptName</classname>
      <dateChanged id="139">2022-07-06 17:30:48</dateChanged>
    </org.openmrs.module.metadatasharing.Item>
    <org.openmrs.module.metadatasharing.Item id="140" uuid="126356BBBBBBBBBBBBBBBBBBBBBBBBBBBBBB">
      <id>129797</id>
      <classname>org.openmrs.ConceptName</classname>
      <dateChanged id="141">2022-07-06 17:30:48</dateChanged>
    </org.openmrs.module.metadatasharing.Item>
    <org.openmrs.module.metadatasharing.Item id="142" uuid="18159FFFFFFFFFFFFFFFFFFFFFFFFFFFFFFF">
      <id>15423</id>
      <classname>org.openmrs.ConceptDescription</classname>
      <dateChanged id="143">2022-07-06 17:30:48</dateChanged>
    </org.openmrs.module.metadatasharing.Item>
    <org.openmrs.module.metadatasharing.Item id="144" uuid="1069FFFFFFFFFFFFFFFFFFFFFFFFFFFFFFFF">
      <id>15424</id>
      <classname>org.openmrs.ConceptDescription</classname>
      <dateChanged id="145">2022-07-06 17:30:48</dateChanged>
    </org.openmrs.module.metadatasharing.Item>
    <org.openmrs.module.metadatasharing.Item id="146" uuid="144379ABBBBBBBBBBBBBBBBBBBBBBBBBBBBB">
      <id>176015</id>
      <classname>org.openmrs.ConceptMap</classname>
      <dateChanged id="147">2022-07-06 17:30:48</dateChanged>
    </org.openmrs.module.metadatasharing.Item>
    <org.openmrs.module.metadatasharing.Item id="148" uuid="70d28ed3-5892-4a53-ac3f-119b1dc525b2">
      <id>156918</id>
      <classname>org.openmrs.ConceptReferenceTerm</classname>
      <dateChanged id="149">2022-07-06 17:30:48</dateChanged>
      <retired>false</retired>
    </org.openmrs.module.metadatasharing.Item>
    <org.openmrs.module.metadatasharing.Item id="150" uuid="e36d4d0c-3e8a-5540-b662-b8784d4098f7">
      <id>34</id>
      <classname>org.openmrs.ConceptSource</classname>
      <dateChanged id="151">2022-07-06 17:30:48</dateChanged>
      <retired>false</retired>
    </org.openmrs.module.metadatasharing.Item>
    <org.openmrs.module.metadatasharing.Item id="152" uuid="143597ABBBBBBBBBBBBBBBBBBBBBBBBBBBBB">
      <id>176035</id>
      <classname>org.openmrs.ConceptMap</classname>
      <dateChanged id="153">2022-07-06 17:30:48</dateChanged>
    </org.openmrs.module.metadatasharing.Item>
    <org.openmrs.module.metadatasharing.Item id="154" uuid="788eb438-a036-4929-992e-84ddd7e87b12">
      <id>156936</id>
      <classname>org.openmrs.ConceptReferenceTerm</classname>
      <dateChanged id="155">2022-07-06 17:30:48</dateChanged>
      <retired>false</retired>
    </org.openmrs.module.metadatasharing.Item>
    <org.openmrs.module.metadatasharing.Item id="156" uuid="71713b98-4ee1-5e46-ae0b-45bc4b3875ea">
      <id>15</id>
      <classname>org.openmrs.ConceptSource</classname>
      <dateChanged id="157">2022-07-06 17:30:48</dateChanged>
      <retired>false</retired>
    </org.openmrs.module.metadatasharing.Item>
    <org.openmrs.module.metadatasharing.Item id="158" uuid="df4503bf-3a50-34cc-a796-5ba3f4890df4">
      <id>175991</id>
      <classname>org.openmrs.ConceptMap</classname>
      <dateChanged id="159">2022-07-06 17:30:48</dateChanged>
    </org.openmrs.module.metadatasharing.Item>
    <org.openmrs.module.metadatasharing.Item id="160" uuid="4e4d75b7-c821-4f0c-8b66-01ac65d21dbf">
      <id>156901</id>
      <classname>org.openmrs.ConceptReferenceTerm</classname>
      <dateChanged id="161">2022-07-06 17:30:48</dateChanged>
      <retired>false</retired>
    </org.openmrs.module.metadatasharing.Item>
    <org.openmrs.module.metadatasharing.Item id="162" uuid="134738ABBBBBBBBBBBBBBBBBBBBBBBBBBBBB">
      <id>176050</id>
      <classname>org.openmrs.ConceptMap</classname>
      <dateChanged id="163">2022-07-06 17:30:48</dateChanged>
    </org.openmrs.module.metadatasharing.Item>
    <org.openmrs.module.metadatasharing.Item id="164" uuid="a5991c07-1621-435f-8db7-0e5ae3e5a76a">
      <id>156951</id>
      <classname>org.openmrs.ConceptReferenceTerm</classname>
      <dateChanged id="165">2022-07-06 17:30:48</dateChanged>
      <retired>false</retired>
    </org.openmrs.module.metadatasharing.Item>
    <org.openmrs.module.metadatasharing.Item id="166" uuid="133841ABBBBBBBBBBBBBBBBBBBBBBBBBBBBB">
      <id>176083</id>
      <classname>org.openmrs.ConceptMap</classname>
      <dateChanged id="167">2022-07-06 17:30:48</dateChanged>
    </org.openmrs.module.metadatasharing.Item>
    <org.openmrs.module.metadatasharing.Item id="168" uuid="bdb9c265-e050-4461-a3b9-04209e3fbcd1">
      <id>156977</id>
      <classname>org.openmrs.ConceptReferenceTerm</classname>
      <dateChanged id="169">2022-07-06 17:30:48</dateChanged>
      <retired>false</retired>
    </org.openmrs.module.metadatasharing.Item>
    <org.openmrs.module.metadatasharing.Item id="170" uuid="1514CCCCCCCCCCCCCCCCCCCCCCCCCCCCCCCC">
      <id>5007</id>
      <classname>org.openmrs.ConceptAnswer</classname>
      <dateChanged id="171">2022-07-01 07:45:36</dateChanged>
    </org.openmrs.module.metadatasharing.Item>
    <org.openmrs.module.metadatasharing.Item id="172" uuid="1067AAAAAAAAAAAAAAAAAAAAAAAAAAAAAAAA">
      <id>53933</id>
      <classname>org.openmrs.Concept</classname>
      <dateChanged id="173">2022-07-06 17:30:48</dateChanged>
      <retired>false</retired>
    </org.openmrs.module.metadatasharing.Item>
    <org.openmrs.module.metadatasharing.Item id="174" uuid="139801BBBBBBBBBBBBBBBBBBBBBBBBBBBBBB">
      <id>129561</id>
      <classname>org.openmrs.ConceptName</classname>
      <dateChanged id="175">2022-07-06 17:30:48</dateChanged>
    </org.openmrs.module.metadatasharing.Item>
    <org.openmrs.module.metadatasharing.Item id="176" uuid="127334BBBBBBBBBBBBBBBBBBBBBBBBBBBBBB">
      <id>129562</id>
      <classname>org.openmrs.ConceptName</classname>
      <dateChanged id="177">2022-07-06 17:30:48</dateChanged>
    </org.openmrs.module.metadatasharing.Item>
    <org.openmrs.module.metadatasharing.Item id="178" uuid="1140BBBBBBBBBBBBBBBBBBBBBBBBBBBBBBBB">
      <id>129563</id>
      <classname>org.openmrs.ConceptName</classname>
      <dateChanged id="179">2022-07-06 17:30:48</dateChanged>
    </org.openmrs.module.metadatasharing.Item>
    <org.openmrs.module.metadatasharing.Item id="180" uuid="108336BBBBBBBBBBBBBBBBBBBBBBBBBBBBBB">
      <id>129564</id>
      <classname>org.openmrs.ConceptName</classname>
      <dateChanged id="181">2022-07-06 17:30:48</dateChanged>
    </org.openmrs.module.metadatasharing.Item>
    <org.openmrs.module.metadatasharing.Item id="182" uuid="135594BBBBBBBBBBBBBBBBBBBBBBBBBBBBBB">
      <id>129565</id>
      <classname>org.openmrs.ConceptName</classname>
      <dateChanged id="183">2022-07-06 17:30:48</dateChanged>
    </org.openmrs.module.metadatasharing.Item>
    <org.openmrs.module.metadatasharing.Item id="184" uuid="111191BBBBBBBBBBBBBBBBBBBBBBBBBBBBBB">
      <id>129566</id>
      <classname>org.openmrs.ConceptName</classname>
      <dateChanged id="185">2022-07-06 17:30:48</dateChanged>
    </org.openmrs.module.metadatasharing.Item>
    <org.openmrs.module.metadatasharing.Item id="186" uuid="108335BBBBBBBBBBBBBBBBBBBBBBBBBBBBBB">
      <id>129567</id>
      <classname>org.openmrs.ConceptName</classname>
      <dateChanged id="187">2022-07-06 17:30:48</dateChanged>
    </org.openmrs.module.metadatasharing.Item>
    <org.openmrs.module.metadatasharing.Item id="188" uuid="1141BBBBBBBBBBBBBBBBBBBBBBBBBBBBBBBB">
      <id>129568</id>
      <classname>org.openmrs.ConceptName</classname>
      <dateChanged id="189">2022-07-06 17:30:48</dateChanged>
    </org.openmrs.module.metadatasharing.Item>
    <org.openmrs.module.metadatasharing.Item id="190" uuid="110114BBBBBBBBBBBBBBBBBBBBBBBBBBBBBB">
      <id>129569</id>
      <classname>org.openmrs.ConceptName</classname>
      <dateChanged id="191">2022-07-06 17:30:48</dateChanged>
    </org.openmrs.module.metadatasharing.Item>
    <org.openmrs.module.metadatasharing.Item id="192" uuid="106309BBBBBBBBBBBBBBBBBBBBBBBBBBBBBB">
      <id>129570</id>
      <classname>org.openmrs.ConceptName</classname>
      <dateChanged id="193">2022-07-06 17:30:48</dateChanged>
    </org.openmrs.module.metadatasharing.Item>
    <org.openmrs.module.metadatasharing.Item id="194" uuid="105793BBBBBBBBBBBBBBBBBBBBBBBBBBBBBB">
      <id>129571</id>
      <classname>org.openmrs.ConceptName</classname>
      <dateChanged id="195">2022-07-06 17:30:48</dateChanged>
    </org.openmrs.module.metadatasharing.Item>
    <org.openmrs.module.metadatasharing.Item id="196" uuid="18157FFFFFFFFFFFFFFFFFFFFFFFFFFFFFFF">
      <id>15357</id>
      <classname>org.openmrs.ConceptDescription</classname>
      <dateChanged id="197">2022-07-06 17:30:48</dateChanged>
    </org.openmrs.module.metadatasharing.Item>
    <org.openmrs.module.metadatasharing.Item id="198" uuid="1070FFFFFFFFFFFFFFFFFFFFFFFFFFFFFFFF">
      <id>15358</id>
      <classname>org.openmrs.ConceptDescription</classname>
      <dateChanged id="199">2022-07-06 17:30:48</dateChanged>
    </org.openmrs.module.metadatasharing.Item>
    <org.openmrs.module.metadatasharing.Item id="200" uuid="133842ABBBBBBBBBBBBBBBBBBBBBBBBBBBBB">
      <id>175983</id>
      <classname>org.openmrs.ConceptMap</classname>
      <dateChanged id="201">2022-07-06 17:30:48</dateChanged>
    </org.openmrs.module.metadatasharing.Item>
    <org.openmrs.module.metadatasharing.Item id="202" uuid="2fbbbd11-7563-467f-baaa-ccc8c07e2569">
      <id>156894</id>
      <classname>org.openmrs.ConceptReferenceTerm</classname>
      <dateChanged id="203">2022-07-06 17:30:48</dateChanged>
      <retired>false</retired>
    </org.openmrs.module.metadatasharing.Item>
    <org.openmrs.module.metadatasharing.Item id="204" uuid="143603ABBBBBBBBBBBBBBBBBBBBBBBBBBBBB">
      <id>175934</id>
      <classname>org.openmrs.ConceptMap</classname>
      <dateChanged id="205">2022-07-06 17:30:48</dateChanged>
    </org.openmrs.module.metadatasharing.Item>
    <org.openmrs.module.metadatasharing.Item id="206" uuid="4e71c959-1219-43f3-a05c-2870f9762b04">
      <id>156850</id>
      <classname>org.openmrs.ConceptReferenceTerm</classname>
      <dateChanged id="207">2022-07-06 17:30:48</dateChanged>
      <retired>false</retired>
    </org.openmrs.module.metadatasharing.Item>
    <org.openmrs.module.metadatasharing.Item id="208" uuid="137877ABBBBBBBBBBBBBBBBBBBBBBBBBBBBB">
      <id>175947</id>
      <classname>org.openmrs.ConceptMap</classname>
      <dateChanged id="209">2022-07-06 17:30:48</dateChanged>
    </org.openmrs.module.metadatasharing.Item>
    <org.openmrs.module.metadatasharing.Item id="210" uuid="875726fc-4932-4f58-8d36-08b9da492f6b">
      <id>156863</id>
      <classname>org.openmrs.ConceptReferenceTerm</classname>
      <dateChanged id="211">2022-07-06 17:30:48</dateChanged>
      <retired>false</retired>
    </org.openmrs.module.metadatasharing.Item>
    <org.openmrs.module.metadatasharing.Item id="212" uuid="7ffb76d5-ff2b-527d-a585-cf2106882c3b">
      <id>36</id>
      <classname>org.openmrs.ConceptSource</classname>
      <dateChanged id="213">2022-07-06 17:30:48</dateChanged>
      <retired>false</retired>
    </org.openmrs.module.metadatasharing.Item>
    <org.openmrs.module.metadatasharing.Item id="214" uuid="134739ABBBBBBBBBBBBBBBBBBBBBBBBBBBBB">
      <id>175963</id>
      <classname>org.openmrs.ConceptMap</classname>
      <dateChanged id="215">2022-07-06 17:30:48</dateChanged>
    </org.openmrs.module.metadatasharing.Item>
    <org.openmrs.module.metadatasharing.Item id="216" uuid="6451c883-53b6-44b3-9e5d-e96ef83d87d7">
      <id>156878</id>
      <classname>org.openmrs.ConceptReferenceTerm</classname>
      <dateChanged id="217">2022-07-06 17:30:48</dateChanged>
      <retired>false</retired>
    </org.openmrs.module.metadatasharing.Item>
    <org.openmrs.module.metadatasharing.Item id="218" uuid="dd4b8153-b34a-38ed-9f19-3bfbd873e852">
      <id>175917</id>
      <classname>org.openmrs.ConceptMap</classname>
      <dateChanged id="219">2022-07-06 17:30:48</dateChanged>
    </org.openmrs.module.metadatasharing.Item>
    <org.openmrs.module.metadatasharing.Item id="220" uuid="993d9141-7134-429a-a14b-a4d80f555a0d">
      <id>156835</id>
      <classname>org.openmrs.ConceptReferenceTerm</classname>
      <dateChanged id="221">2022-07-06 17:30:48</dateChanged>
      <retired>false</retired>
    </org.openmrs.module.metadatasharing.Item>
    <org.openmrs.module.metadatasharing.Item id="222" uuid="1515CCCCCCCCCCCCCCCCCCCCCCCCCCCCCCCC">
      <id>4999</id>
      <classname>org.openmrs.ConceptAnswer</classname>
      <dateChanged id="223">2022-07-01 07:45:33</dateChanged>
    </org.openmrs.module.metadatasharing.Item>
    <org.openmrs.module.metadatasharing.Item id="224" uuid="1065AAAAAAAAAAAAAAAAAAAAAAAAAAAAAAAA">
      <id>53978</id>
      <classname>org.openmrs.Concept</classname>
      <dateChanged id="225">2022-07-06 17:30:48</dateChanged>
      <retired>false</retired>
    </org.openmrs.module.metadatasharing.Item>
    <org.openmrs.module.metadatasharing.Item id="226" uuid="1137BBBBBBBBBBBBBBBBBBBBBBBBBBBBBBBB">
      <id>129685</id>
      <classname>org.openmrs.ConceptName</classname>
      <dateChanged id="227">2022-07-06 17:30:48</dateChanged>
    </org.openmrs.module.metadatasharing.Item>
    <org.openmrs.module.metadatasharing.Item id="228" uuid="127332BBBBBBBBBBBBBBBBBBBBBBBBBBBBBB">
      <id>129686</id>
      <classname>org.openmrs.ConceptName</classname>
      <dateChanged id="229">2022-07-06 17:30:48</dateChanged>
    </org.openmrs.module.metadatasharing.Item>
    <org.openmrs.module.metadatasharing.Item id="230" uuid="126316BBBBBBBBBBBBBBBBBBBBBBBBBBBBBB">
      <id>129687</id>
      <classname>org.openmrs.ConceptName</classname>
      <dateChanged id="231">2022-07-06 17:30:48</dateChanged>
    </org.openmrs.module.metadatasharing.Item>
    <org.openmrs.module.metadatasharing.Item id="232" uuid="106307BBBBBBBBBBBBBBBBBBBBBBBBBBBBBB">
      <id>129688</id>
      <classname>org.openmrs.ConceptName</classname>
      <dateChanged id="233">2022-07-06 17:30:48</dateChanged>
    </org.openmrs.module.metadatasharing.Item>
    <org.openmrs.module.metadatasharing.Item id="234" uuid="126313BBBBBBBBBBBBBBBBBBBBBBBBBBBBBB">
      <id>129689</id>
      <classname>org.openmrs.ConceptName</classname>
      <dateChanged id="235">2022-07-06 17:30:48</dateChanged>
    </org.openmrs.module.metadatasharing.Item>
    <org.openmrs.module.metadatasharing.Item id="236" uuid="137332BBBBBBBBBBBBBBBBBBBBBBBBBBBBBB">
      <id>129690</id>
      <classname>org.openmrs.ConceptName</classname>
      <dateChanged id="237">2022-07-06 17:30:48</dateChanged>
    </org.openmrs.module.metadatasharing.Item>
    <org.openmrs.module.metadatasharing.Item id="238" uuid="126317BBBBBBBBBBBBBBBBBBBBBBBBBBBBBB">
      <id>129691</id>
      <classname>org.openmrs.ConceptName</classname>
      <dateChanged id="239">2022-07-06 17:30:48</dateChanged>
    </org.openmrs.module.metadatasharing.Item>
    <org.openmrs.module.metadatasharing.Item id="240" uuid="108333BBBBBBBBBBBBBBBBBBBBBBBBBBBBBB">
      <id>129692</id>
      <classname>org.openmrs.ConceptName</classname>
      <dateChanged id="241">2022-07-06 17:30:48</dateChanged>
    </org.openmrs.module.metadatasharing.Item>
    <org.openmrs.module.metadatasharing.Item id="242" uuid="1136BBBBBBBBBBBBBBBBBBBBBBBBBBBBBBBB">
      <id>129693</id>
      <classname>org.openmrs.ConceptName</classname>
      <dateChanged id="243">2022-07-06 17:30:48</dateChanged>
    </org.openmrs.module.metadatasharing.Item>
    <org.openmrs.module.metadatasharing.Item id="244" uuid="126314BBBBBBBBBBBBBBBBBBBBBBBBBBBBBB">
      <id>129694</id>
      <classname>org.openmrs.ConceptName</classname>
      <dateChanged id="245">2022-07-06 17:30:48</dateChanged>
    </org.openmrs.module.metadatasharing.Item>
    <org.openmrs.module.metadatasharing.Item id="246" uuid="137331BBBBBBBBBBBBBBBBBBBBBBBBBBBBBB">
      <id>129695</id>
      <classname>org.openmrs.ConceptName</classname>
      <dateChanged id="247">2022-07-06 17:30:48</dateChanged>
    </org.openmrs.module.metadatasharing.Item>
    <org.openmrs.module.metadatasharing.Item id="248" uuid="111198BBBBBBBBBBBBBBBBBBBBBBBBBBBBBB">
      <id>129696</id>
      <classname>org.openmrs.ConceptName</classname>
      <dateChanged id="249">2022-07-06 17:30:48</dateChanged>
    </org.openmrs.module.metadatasharing.Item>
    <org.openmrs.module.metadatasharing.Item id="250" uuid="126315BBBBBBBBBBBBBBBBBBBBBBBBBBBBBB">
      <id>129697</id>
      <classname>org.openmrs.ConceptName</classname>
      <dateChanged id="251">2022-07-06 17:30:48</dateChanged>
    </org.openmrs.module.metadatasharing.Item>
    <org.openmrs.module.metadatasharing.Item id="252" uuid="126318BBBBBBBBBBBBBBBBBBBBBBBBBBBBBB">
      <id>129698</id>
      <classname>org.openmrs.ConceptName</classname>
      <dateChanged id="253">2022-07-06 17:30:48</dateChanged>
    </org.openmrs.module.metadatasharing.Item>
    <org.openmrs.module.metadatasharing.Item id="254" uuid="139802BBBBBBBBBBBBBBBBBBBBBBBBBBBBBB">
      <id>129699</id>
      <classname>org.openmrs.ConceptName</classname>
      <dateChanged id="255">2022-07-06 17:30:48</dateChanged>
    </org.openmrs.module.metadatasharing.Item>
    <org.openmrs.module.metadatasharing.Item id="256" uuid="126319BBBBBBBBBBBBBBBBBBBBBBBBBBBBBB">
      <id>129700</id>
      <classname>org.openmrs.ConceptName</classname>
      <dateChanged id="257">2022-07-06 17:30:48</dateChanged>
    </org.openmrs.module.metadatasharing.Item>
    <org.openmrs.module.metadatasharing.Item id="258" uuid="106919BBBBBBBBBBBBBBBBBBBBBBBBBBBBBB">
      <id>129701</id>
      <classname>org.openmrs.ConceptName</classname>
      <dateChanged id="259">2022-07-06 17:30:48</dateChanged>
    </org.openmrs.module.metadatasharing.Item>
    <org.openmrs.module.metadatasharing.Item id="260" uuid="1068FFFFFFFFFFFFFFFFFFFFFFFFFFFFFFFF">
      <id>15397</id>
      <classname>org.openmrs.ConceptDescription</classname>
      <dateChanged id="261">2022-07-06 17:30:48</dateChanged>
    </org.openmrs.module.metadatasharing.Item>
    <org.openmrs.module.metadatasharing.Item id="262" uuid="18158FFFFFFFFFFFFFFFFFFFFFFFFFFFFFFF">
      <id>15398</id>
      <classname>org.openmrs.ConceptDescription</classname>
      <dateChanged id="263">2022-07-06 17:30:48</dateChanged>
    </org.openmrs.module.metadatasharing.Item>
    <org.openmrs.module.metadatasharing.Item id="264" uuid="143596ABBBBBBBBBBBBBBBBBBBBBBBBBBBBB">
      <id>176101</id>
      <classname>org.openmrs.ConceptMap</classname>
      <dateChanged id="265">2022-07-06 17:30:48</dateChanged>
    </org.openmrs.module.metadatasharing.Item>
    <org.openmrs.module.metadatasharing.Item id="266" uuid="05855884-761e-478c-bf61-eff9f387ba37">
      <id>156994</id>
      <classname>org.openmrs.ConceptReferenceTerm</classname>
      <dateChanged id="267">2022-07-06 17:30:48</dateChanged>
      <retired>false</retired>
    </org.openmrs.module.metadatasharing.Item>
    <org.openmrs.module.metadatasharing.Item id="268" uuid="dc8ecb4e-0d3d-3370-8734-070bd813f5a2">
      <id>176068</id>
      <classname>org.openmrs.ConceptMap</classname>
      <dateChanged id="269">2022-07-06 17:30:48</dateChanged>
    </org.openmrs.module.metadatasharing.Item>
    <org.openmrs.module.metadatasharing.Item id="270" uuid="dca632f9-f3d4-42da-91ca-53df367d5b6f">
      <id>156966</id>
      <classname>org.openmrs.ConceptReferenceTerm</classname>
      <dateChanged id="271">2022-07-06 17:30:48</dateChanged>
      <retired>false</retired>
    </org.openmrs.module.metadatasharing.Item>
    <org.openmrs.module.metadatasharing.Item id="272" uuid="133840ABBBBBBBBBBBBBBBBBBBBBBBBBBBBB">
      <id>176129</id>
      <classname>org.openmrs.ConceptMap</classname>
      <dateChanged id="273">2022-07-06 17:30:48</dateChanged>
    </org.openmrs.module.metadatasharing.Item>
    <org.openmrs.module.metadatasharing.Item id="274" uuid="ea8c2d9d-b420-4835-b1ad-0025461b26b1">
      <id>157018</id>
      <classname>org.openmrs.ConceptReferenceTerm</classname>
      <dateChanged id="275">2022-07-06 17:30:48</dateChanged>
      <retired>false</retired>
    </org.openmrs.module.metadatasharing.Item>
    <org.openmrs.module.metadatasharing.Item id="276" uuid="144378ABBBBBBBBBBBBBBBBBBBBBBBBBBBBB">
      <id>176110</id>
      <classname>org.openmrs.ConceptMap</classname>
      <dateChanged id="277">2022-07-06 17:30:48</dateChanged>
    </org.openmrs.module.metadatasharing.Item>
    <org.openmrs.module.metadatasharing.Item id="278" uuid="17268f7b-ac85-4c21-baf2-0975dd46ad21">
      <id>157002</id>
      <classname>org.openmrs.ConceptReferenceTerm</classname>
      <dateChanged id="279">2022-07-06 17:30:48</dateChanged>
      <retired>false</retired>
    </org.openmrs.module.metadatasharing.Item>
    <org.openmrs.module.metadatasharing.Item id="280" uuid="134737ABBBBBBBBBBBBBBBBBBBBBBBBBBBBB">
      <id>176143</id>
      <classname>org.openmrs.ConceptMap</classname>
      <dateChanged id="281">2022-07-06 17:30:48</dateChanged>
    </org.openmrs.module.metadatasharing.Item>
    <org.openmrs.module.metadatasharing.Item id="282" uuid="56cc2563-8bec-41fa-aee3-844c3faa1825">
      <id>157028</id>
      <classname>org.openmrs.ConceptReferenceTerm</classname>
      <dateChanged id="283">2022-07-06 17:30:48</dateChanged>
      <retired>false</retired>
    </org.openmrs.module.metadatasharing.Item>
    <org.openmrs.module.metadatasharing.Item id="284" uuid="3238FFFFFFFFFFFFFFFFFFFFFFFFFFFFFFFF">
      <id>13323</id>
      <classname>org.openmrs.ConceptDescription</classname>
      <dateChanged id="285">2022-07-06 17:30:48</dateChanged>
    </org.openmrs.module.metadatasharing.Item>
    <org.openmrs.module.metadatasharing.Item id="286" uuid="80f6e7dc-a705-37ec-8853-a314647a6fe8">
      <id>148626</id>
      <classname>org.openmrs.ConceptMap</classname>
      <dateChanged id="287">2022-07-06 17:30:48</dateChanged>
    </org.openmrs.module.metadatasharing.Item>
    <org.openmrs.module.metadatasharing.Item id="288" uuid="75ce8cd9-c91f-4557-9631-773f9bfeb04f">
      <id>131313</id>
      <classname>org.openmrs.ConceptReferenceTerm</classname>
      <dateChanged id="289">2022-07-06 17:30:48</dateChanged>
      <retired>false</retired>
    </org.openmrs.module.metadatasharing.Item>
    <org.openmrs.module.metadatasharing.Item id="290" uuid="266764ABBBBBBBBBBBBBBBBBBBBBBBBBBBBB">
      <id>149452</id>
      <classname>org.openmrs.ConceptMap</classname>
      <dateChanged id="291">2022-07-06 17:30:48</dateChanged>
    </org.openmrs.module.metadatasharing.Item>
    <org.openmrs.module.metadatasharing.Item id="292" uuid="c5693d16-4553-4d68-926e-4c986dcf1777">
      <id>131952</id>
      <classname>org.openmrs.ConceptReferenceTerm</classname>
      <dateChanged id="293">2022-07-06 17:30:48</dateChanged>
      <retired>false</retired>
    </org.openmrs.module.metadatasharing.Item>
    <org.openmrs.module.metadatasharing.Item id="294" uuid="132502ABBBBBBBBBBBBBBBBBBBBBBBBBBBBB">
      <id>149521</id>
      <classname>org.openmrs.ConceptMap</classname>
      <dateChanged id="295">2022-07-06 17:30:48</dateChanged>
    </org.openmrs.module.metadatasharing.Item>
    <org.openmrs.module.metadatasharing.Item id="296" uuid="1fb472c3-90b8-44bb-bfdc-d5956879c6a9">
      <id>132003</id>
      <classname>org.openmrs.ConceptReferenceTerm</classname>
      <dateChanged id="297">2022-07-06 17:30:48</dateChanged>
      <retired>false</retired>
    </org.openmrs.module.metadatasharing.Item>
    <org.openmrs.module.metadatasharing.Item id="298" uuid="137821ABBBBBBBBBBBBBBBBBBBBBBBBBBBBB">
      <id>149477</id>
      <classname>org.openmrs.ConceptMap</classname>
      <dateChanged id="299">2022-07-06 17:30:48</dateChanged>
    </org.openmrs.module.metadatasharing.Item>
    <org.openmrs.module.metadatasharing.Item id="300" uuid="69f0fe6c-9b26-4381-9c3d-f0f4fffddd24">
      <id>131973</id>
      <classname>org.openmrs.ConceptReferenceTerm</classname>
      <dateChanged id="301">2022-07-06 17:30:48</dateChanged>
      <retired>false</retired>
    </org.openmrs.module.metadatasharing.Item>
    <org.openmrs.module.metadatasharing.Item id="302" uuid="88194ABBBBBBBBBBBBBBBBBBBBBBBBBBBBBB">
      <id>212502</id>
      <classname>org.openmrs.ConceptMap</classname>
      <dateChanged id="303">2022-07-06 17:30:48</dateChanged>
    </org.openmrs.module.metadatasharing.Item>
    <org.openmrs.module.metadatasharing.Item id="304" uuid="43ac5109-7d8c-11e1-909d-c80aa9edcf4e">
      <id>2</id>
      <classname>org.openmrs.ConceptMapType</classname>
      <dateChanged id="305">2022-07-06 17:30:51</dateChanged>
      <retired>false</retired>
    </org.openmrs.module.metadatasharing.Item>
    <org.openmrs.module.metadatasharing.Item id="306" uuid="c6491769-84c5-4bcd-8a27-21a163478eb7">
      <id>1009</id>
      <classname>org.openmrs.ConceptReferenceTerm</classname>
      <dateChanged id="307">2022-07-06 17:30:48</dateChanged>
      <retired>false</retired>
    </org.openmrs.module.metadatasharing.Item>
    <org.openmrs.module.metadatasharing.Item id="308" uuid="133921ABBBBBBBBBBBBBBBBBBBBBBBBBBBBB">
      <id>148664</id>
      <classname>org.openmrs.ConceptMap</classname>
      <dateChanged id="309">2022-07-06 17:30:48</dateChanged>
    </org.openmrs.module.metadatasharing.Item>
    <org.openmrs.module.metadatasharing.Item id="310" uuid="f7429c57-46be-4a15-8e9e-8b4f457825b8">
      <id>131339</id>
      <classname>org.openmrs.ConceptReferenceTerm</classname>
      <dateChanged id="311">2022-07-06 17:30:48</dateChanged>
      <retired>false</retired>
    </org.openmrs.module.metadatasharing.Item>
    <org.openmrs.module.metadatasharing.Item id="312" uuid="75867ABBBBBBBBBBBBBBBBBBBBBBBBBBBBBB">
      <id>149527</id>
      <classname>org.openmrs.ConceptMap</classname>
      <dateChanged id="313">2022-07-06 17:30:48</dateChanged>
    </org.openmrs.module.metadatasharing.Item>
    <org.openmrs.module.metadatasharing.Item id="314" uuid="0978e61d-a944-4a64-9599-4aeebad1231c">
      <id>8294</id>
      <classname>org.openmrs.ConceptReferenceTerm</classname>
      <dateChanged id="315">2022-07-06 17:30:48</dateChanged>
      <retired>false</retired>
    </org.openmrs.module.metadatasharing.Item>
    <org.openmrs.module.metadatasharing.Item id="316" uuid="9ebe5e5a-e2f4-4248-bf7f-2414a05bd77b">
      <id>2825</id>
      <classname>org.openmrs.ConceptSet</classname>
      <dateChanged id="317">2022-07-06 15:07:48</dateChanged>
    </org.openmrs.module.metadatasharing.Item>
    <org.openmrs.module.metadatasharing.Item id="318" uuid="f85fb70e-92f4-4ed2-b0e9-2f93dcf2b242">
      <id>132842</id>
      <classname>org.openmrs.ConceptName</classname>
      <dateChanged id="319">2022-07-06 15:02:31</dateChanged>
    </org.openmrs.module.metadatasharing.Item>
    <org.openmrs.module.metadatasharing.Item id="320" uuid="2ed5a2af-7149-411e-b473-60cd9837cc40">
      <id>2829</id>
      <classname>org.openmrs.ConceptSet</classname>
      <dateChanged id="321">2022-07-06 15:07:48</dateChanged>
    </org.openmrs.module.metadatasharing.Item>
    <org.openmrs.module.metadatasharing.Item id="322" uuid="120733AAAAAAAAAAAAAAAAAAAAAAAAAAAAAA">
      <id>40063</id>
      <classname>org.openmrs.Concept</classname>
      <dateChanged id="323">2022-07-06 17:30:48</dateChanged>
      <retired>false</retired>
    </org.openmrs.module.metadatasharing.Item>
    <org.openmrs.module.metadatasharing.Item id="324" uuid="121753BBBBBBBBBBBBBBBBBBBBBBBBBBBBBB">
      <id>94315</id>
      <classname>org.openmrs.ConceptName</classname>
      <dateChanged id="325">2022-07-06 17:30:48</dateChanged>
    </org.openmrs.module.metadatasharing.Item>
    <org.openmrs.module.metadatasharing.Item id="326" uuid="130338BBBBBBBBBBBBBBBBBBBBBBBBBBBBBB">
      <id>94318</id>
      <classname>org.openmrs.ConceptName</classname>
      <dateChanged id="327">2022-07-06 17:30:48</dateChanged>
    </org.openmrs.module.metadatasharing.Item>
    <org.openmrs.module.metadatasharing.Item id="328" uuid="20898BBBBBBBBBBBBBBBBBBBBBBBBBBBBBBB">
      <id>94322</id>
      <classname>org.openmrs.ConceptName</classname>
      <dateChanged id="329">2022-07-06 17:30:48</dateChanged>
    </org.openmrs.module.metadatasharing.Item>
    <org.openmrs.module.metadatasharing.Item id="330" uuid="6145FFFFFFFFFFFFFFFFFFFFFFFFFFFFFFFF">
      <id>11582</id>
      <classname>org.openmrs.ConceptDescription</classname>
      <dateChanged id="331">2022-07-06 17:30:48</dateChanged>
    </org.openmrs.module.metadatasharing.Item>
    <org.openmrs.module.metadatasharing.Item id="332" uuid="270452ABBBBBBBBBBBBBBBBBBBBBBBBBBBBB">
      <id>132719</id>
      <classname>org.openmrs.ConceptMap</classname>
      <dateChanged id="333">2022-07-06 17:30:48</dateChanged>
    </org.openmrs.module.metadatasharing.Item>
    <org.openmrs.module.metadatasharing.Item id="334" uuid="1fcb54ba-e38d-4865-878c-c0957881d395">
      <id>119048</id>
      <classname>org.openmrs.ConceptReferenceTerm</classname>
      <dateChanged id="335">2022-07-06 17:30:48</dateChanged>
      <retired>false</retired>
    </org.openmrs.module.metadatasharing.Item>
    <org.openmrs.module.metadatasharing.Item id="336" uuid="170785ABBBBBBBBBBBBBBBBBBBBBBBBBBBBB">
      <id>133323</id>
      <classname>org.openmrs.ConceptMap</classname>
      <dateChanged id="337">2022-07-06 17:30:48</dateChanged>
    </org.openmrs.module.metadatasharing.Item>
    <org.openmrs.module.metadatasharing.Item id="338" uuid="af6ea853-6328-4093-9af6-32f7c773dec4">
      <id>119520</id>
      <classname>org.openmrs.ConceptReferenceTerm</classname>
      <dateChanged id="339">2022-07-06 17:30:48</dateChanged>
      <retired>false</retired>
    </org.openmrs.module.metadatasharing.Item>
    <org.openmrs.module.metadatasharing.Item id="340" uuid="157303ABBBBBBBBBBBBBBBBBBBBBBBBBBBBB">
      <id>133359</id>
      <classname>org.openmrs.ConceptMap</classname>
      <dateChanged id="341">2022-07-06 17:30:48</dateChanged>
    </org.openmrs.module.metadatasharing.Item>
    <org.openmrs.module.metadatasharing.Item id="342" uuid="711ab87e-1b5b-43c4-96ba-96ff6924b17f">
      <id>119547</id>
      <classname>org.openmrs.ConceptReferenceTerm</classname>
      <dateChanged id="343">2022-07-06 17:30:48</dateChanged>
      <retired>false</retired>
    </org.openmrs.module.metadatasharing.Item>
    <org.openmrs.module.metadatasharing.Item id="344" uuid="120195be-5fce-56d3-b640-6eb4b45dd1ac">
      <id>35</id>
      <classname>org.openmrs.ConceptSource</classname>
      <dateChanged id="345">2022-07-06 17:30:48</dateChanged>
      <retired>false</retired>
    </org.openmrs.module.metadatasharing.Item>
    <org.openmrs.module.metadatasharing.Item id="346" uuid="270451ABBBBBBBBBBBBBBBBBBBBBBBBBBBBB">
      <id>133283</id>
      <classname>org.openmrs.ConceptMap</classname>
      <dateChanged id="347">2022-07-06 17:30:48</dateChanged>
    </org.openmrs.module.metadatasharing.Item>
    <org.openmrs.module.metadatasharing.Item id="348" uuid="de0f3179-ec30-473b-8309-9075846c00ca">
      <id>119487</id>
      <classname>org.openmrs.ConceptReferenceTerm</classname>
      <dateChanged id="349">2022-07-06 17:30:48</dateChanged>
      <retired>false</retired>
    </org.openmrs.module.metadatasharing.Item>
    <org.openmrs.module.metadatasharing.Item id="350" uuid="f5406cb7-49cb-3dfa-ab0e-c4daf9ffe2c5">
      <id>132734</id>
      <classname>org.openmrs.ConceptMap</classname>
      <dateChanged id="351">2022-07-06 17:30:48</dateChanged>
    </org.openmrs.module.metadatasharing.Item>
    <org.openmrs.module.metadatasharing.Item id="352" uuid="d71b4698-b503-444c-9d32-7b1cf251fd1d">
      <id>119062</id>
      <classname>org.openmrs.ConceptReferenceTerm</classname>
      <dateChanged id="353">2022-07-06 17:30:48</dateChanged>
      <retired>false</retired>
    </org.openmrs.module.metadatasharing.Item>
    <org.openmrs.module.metadatasharing.Item id="354" uuid="169063ABBBBBBBBBBBBBBBBBBBBBBBBBBBBB">
      <id>132774</id>
      <classname>org.openmrs.ConceptMap</classname>
      <dateChanged id="355">2022-07-06 17:30:48</dateChanged>
    </org.openmrs.module.metadatasharing.Item>
    <org.openmrs.module.metadatasharing.Item id="356" uuid="34dd8204-c4aa-41f1-9d15-8eb9c077fc49">
      <id>17528</id>
      <classname>org.openmrs.ConceptReferenceTerm</classname>
      <dateChanged id="357">2022-07-06 17:30:48</dateChanged>
      <retired>false</retired>
    </org.openmrs.module.metadatasharing.Item>
    <org.openmrs.module.metadatasharing.Item id="358" uuid="d3fd937d-ad9b-5683-bd35-6432e8146e6e">
      <id>19</id>
      <classname>org.openmrs.ConceptSource</classname>
      <dateChanged id="359">2022-07-06 17:30:48</dateChanged>
      <retired>false</retired>
    </org.openmrs.module.metadatasharing.Item>
    <org.openmrs.module.metadatasharing.Item id="360" uuid="88770ABBBBBBBBBBBBBBBBBBBBBBBBBBBBBB">
      <id>132793</id>
      <classname>org.openmrs.ConceptMap</classname>
      <dateChanged id="361">2022-07-06 17:30:48</dateChanged>
    </org.openmrs.module.metadatasharing.Item>
    <org.openmrs.module.metadatasharing.Item id="362" uuid="6412eb32-1bbb-41aa-9f60-55459d546de5">
      <id>118406</id>
      <classname>org.openmrs.ConceptReferenceTerm</classname>
      <dateChanged id="363">2022-07-06 17:30:48</dateChanged>
      <retired>false</retired>
    </org.openmrs.module.metadatasharing.Item>
    <org.openmrs.module.metadatasharing.Item id="364" uuid="4add8d69-7e00-4358-ba6f-67fe44b42928">
      <id>2826</id>
      <classname>org.openmrs.ConceptSet</classname>
      <dateChanged id="365">2022-07-06 15:07:48</dateChanged>
    </org.openmrs.module.metadatasharing.Item>
    <org.openmrs.module.metadatasharing.Item id="366" uuid="112493AAAAAAAAAAAAAAAAAAAAAAAAAAAAAA">
      <id>44468</id>
      <classname>org.openmrs.Concept</classname>
      <dateChanged id="367">2022-07-06 17:30:48</dateChanged>
      <retired>false</retired>
    </org.openmrs.module.metadatasharing.Item>
    <org.openmrs.module.metadatasharing.Item id="368" uuid="134436BBBBBBBBBBBBBBBBBBBBBBBBBBBBBB">
      <id>105025</id>
      <classname>org.openmrs.ConceptName</classname>
      <dateChanged id="369">2022-07-06 17:30:48</dateChanged>
    </org.openmrs.module.metadatasharing.Item>
    <org.openmrs.module.metadatasharing.Item id="370" uuid="13169BBBBBBBBBBBBBBBBBBBBBBBBBBBBBBB">
      <id>105026</id>
      <classname>org.openmrs.ConceptName</classname>
      <dateChanged id="371">2022-07-06 17:30:48</dateChanged>
    </org.openmrs.module.metadatasharing.Item>
    <org.openmrs.module.metadatasharing.Item id="372" uuid="145367BBBBBBBBBBBBBBBBBBBBBBBBBBBBBB">
      <id>105027</id>
      <classname>org.openmrs.ConceptName</classname>
      <dateChanged id="373">2022-07-06 17:30:48</dateChanged>
    </org.openmrs.module.metadatasharing.Item>
    <org.openmrs.module.metadatasharing.Item id="374" uuid="126262BBBBBBBBBBBBBBBBBBBBBBBBBBBBBB">
      <id>105028</id>
      <classname>org.openmrs.ConceptName</classname>
      <dateChanged id="375">2022-07-06 17:30:48</dateChanged>
    </org.openmrs.module.metadatasharing.Item>
    <org.openmrs.module.metadatasharing.Item id="376" uuid="273932ABBBBBBBBBBBBBBBBBBBBBBBBBBBBB">
      <id>148872</id>
      <classname>org.openmrs.ConceptMap</classname>
      <dateChanged id="377">2022-07-06 17:30:48</dateChanged>
    </org.openmrs.module.metadatasharing.Item>
    <org.openmrs.module.metadatasharing.Item id="378" uuid="90852226-32f3-43e9-a6b9-2efd42e3c15c">
      <id>131499</id>
      <classname>org.openmrs.ConceptReferenceTerm</classname>
      <dateChanged id="379">2022-07-06 17:30:48</dateChanged>
      <retired>false</retired>
    </org.openmrs.module.metadatasharing.Item>
    <org.openmrs.module.metadatasharing.Item id="380" uuid="75640ABBBBBBBBBBBBBBBBBBBBBBBBBBBBBB">
      <id>148115</id>
      <classname>org.openmrs.ConceptMap</classname>
      <dateChanged id="381">2022-07-06 17:30:48</dateChanged>
    </org.openmrs.module.metadatasharing.Item>
    <org.openmrs.module.metadatasharing.Item id="382" uuid="c9f13910-d357-46f5-8c71-9e62014b0bd8">
      <id>14605</id>
      <classname>org.openmrs.ConceptReferenceTerm</classname>
      <dateChanged id="383">2022-07-06 17:30:48</dateChanged>
      <retired>false</retired>
    </org.openmrs.module.metadatasharing.Item>
    <org.openmrs.module.metadatasharing.Item id="384" uuid="134083ABBBBBBBBBBBBBBBBBBBBBBBBBBBBB">
      <id>148109</id>
      <classname>org.openmrs.ConceptMap</classname>
      <dateChanged id="385">2022-07-06 17:30:48</dateChanged>
    </org.openmrs.module.metadatasharing.Item>
    <org.openmrs.module.metadatasharing.Item id="386" uuid="9b9f3946-e0f6-4bac-bb38-0a4bb99641fd">
      <id>130914</id>
      <classname>org.openmrs.ConceptReferenceTerm</classname>
      <dateChanged id="387">2022-07-06 17:30:48</dateChanged>
      <retired>false</retired>
    </org.openmrs.module.metadatasharing.Item>
    <org.openmrs.module.metadatasharing.Item id="388" uuid="143617ABBBBBBBBBBBBBBBBBBBBBBBBBBBBB">
      <id>148922</id>
      <classname>org.openmrs.ConceptMap</classname>
      <dateChanged id="389">2022-07-06 17:30:48</dateChanged>
    </org.openmrs.module.metadatasharing.Item>
    <org.openmrs.module.metadatasharing.Item id="390" uuid="f23d8315-692e-40c6-b6fb-38bb5cc59a76">
      <id>131537</id>
      <classname>org.openmrs.ConceptReferenceTerm</classname>
      <dateChanged id="391">2022-07-06 17:30:48</dateChanged>
      <retired>false</retired>
    </org.openmrs.module.metadatasharing.Item>
    <org.openmrs.module.metadatasharing.Item id="392" uuid="a3e5d738-1d3b-30cf-862b-6a01c089c42a">
      <id>148082</id>
      <classname>org.openmrs.ConceptMap</classname>
      <dateChanged id="393">2022-07-06 17:30:48</dateChanged>
    </org.openmrs.module.metadatasharing.Item>
    <org.openmrs.module.metadatasharing.Item id="394" uuid="15d9b4fd-4e2c-40b9-bd5f-6b958cbff4a6">
      <id>130895</id>
      <classname>org.openmrs.ConceptReferenceTerm</classname>
      <dateChanged id="395">2022-07-06 17:30:48</dateChanged>
      <retired>false</retired>
    </org.openmrs.module.metadatasharing.Item>
    <org.openmrs.module.metadatasharing.Item id="396" uuid="112796ABBBBBBBBBBBBBBBBBBBBBBBBBBBBB">
      <id>211934</id>
      <classname>org.openmrs.ConceptMap</classname>
      <dateChanged id="397">2022-07-06 17:30:48</dateChanged>
    </org.openmrs.module.metadatasharing.Item>
    <org.openmrs.module.metadatasharing.Item id="398" uuid="6fc78855-3940-47d7-b224-d1375f31e1ba">
      <id>40209</id>
      <classname>org.openmrs.ConceptReferenceTerm</classname>
      <dateChanged id="399">2022-07-06 17:30:48</dateChanged>
      <retired>false</retired>
    </org.openmrs.module.metadatasharing.Item>
    <org.openmrs.module.metadatasharing.Item id="400" uuid="2d0eb059-dd30-4af9-ad5a-8d098159e6ab">
      <id>2827</id>
      <classname>org.openmrs.ConceptSet</classname>
      <dateChanged id="401">2022-07-06 15:07:48</dateChanged>
    </org.openmrs.module.metadatasharing.Item>
    <org.openmrs.module.metadatasharing.Item id="402" uuid="b1b5edbd-90f4-4f7e-b107-3188e03ac46b">
      <id>132843</id>
      <classname>org.openmrs.ConceptName</classname>
      <dateChanged id="403">2022-07-06 15:03:54</dateChanged>
    </org.openmrs.module.metadatasharing.Item>
    <org.openmrs.module.metadatasharing.Item id="404" uuid="d5474408-79b2-403a-a4b5-9a89a8395022">
      <id>2824</id>
      <classname>org.openmrs.ConceptSet</classname>
      <dateChanged id="405">2022-07-06 15:07:48</dateChanged>
    </org.openmrs.module.metadatasharing.Item>
  </relatedItems>
</package>
