<?xml version="1.0" encoding="UTF-8"?>
<list id="1">
  <org.openmrs.module.htmlformentry.HtmlForm id="2" uuid="9d96ea8b-520b-4381-b451-9cecc0e62d8d">
    <creator/>
    <dateCreated id="3">2022-02-18 07:26:23</dateCreated>
    <changedBy/>
    <dateChanged id="4">2022-04-05 07:37:23</dateChanged>
    <retired>false</retired>
    <id>16</id>
    <form id="5" resolves-to="org.openmrs.Form" uuid="afda98e2-0ba3-41ed-a7f1-f721c2339f78">
      <name>CfL Migrated TB Form</name>
      <description>CfL Migrated TB Form</description>
      <creator/>
      <dateCreated id="6">2022-02-18 07:26:23</dateCreated>
      <changedBy/>
      <dateChanged id="7">2022-04-05 07:11:30</dateChanged>
      <retired>false</retired>
      <formId>16</formId>
      <version>1.0</version>
      <published>false</published>
      <encounterType id="8" resolves-to="org.openmrs.EncounterType" uuid="d4d4d83b-f505-4f7b-a819-1a77ae2a2451">
        <name>TB Program Encounter</name>
        <description>TB Program</description>
        <creator/>
        <dateCreated id="9">2022-02-16 11:58:54</dateCreated>
        <dateChanged id="10">2022-02-16 12:05:02</dateChanged>
        <retired>false</retired>
        <encounterTypeId>14</encounterTypeId>
      </encounterType>
      <formFields id="11"/>
    </form>
    <xmlData>&lt;htmlform description=&quot;CfL Migrated TB Form&quot; formName=&quot;CfL Migrated TB Form&quot; formUuid=&quot;afda98e2-0ba3-41ed-a7f1-f721c2339f78&quot; formVersion=&quot;1.0&quot;&gt;&#xd;
&#xd;
    &lt;style&gt;&#xd;
		.section {&#xd;
			border: 1px solid #009d8e;&#xd;
			padding: 2px;&#xd;
			text-align: left;&#xd;
			margin-bottom: 1em;&#xd;
		}&#xd;
		.sectionHeader {&#xd;
			background-color: $headerColor;&#xd;
			color: white;&#xd;
			display: block;&#xd;
			padding: 2px;&#xd;
			font-weight: bold;&#xd;
		}&#xd;
		table.baseline-aligned td {&#xd;
			vertical-align: baseline;&#xd;
			cursor: default !important;&#xd;
		}&#xd;
		table thead {&#xd;
            font-weight: bold;&#xd;
            font-size: 20px !important;&#xd;
        }&#xd;
        table thead tr th {&#xd;
            text-transform: capitalize;&#xd;
        }&#xd;
		button.cancel {&#xd;
            background: none !important;&#xd;
            border: 1px solid #00455c !important;&#xd;
            color: #00455c !important;&#xd;
            margin-bottom: 10px;&#xd;
        }&#xd;
	&lt;/style&gt;&#xd;
&#xd;
    &lt;h2&gt;Migrated TB Data&lt;/h2&gt;&#xd;
    &lt;button class=&quot;cancel&quot; type=&quot;button&quot;&gt;Return&lt;/button&gt;&#xd;
    &lt;section headerLabel=&quot;TB data&quot;&gt;&#xd;
        &lt;table class=&quot;baseline-aligned&quot; id=&quot;tbFormId&quot;&gt;&#xd;
            &lt;thead&gt;&#xd;
            &lt;tr&gt;&#xd;
                &lt;lookup complexExpression=&quot;#foreach($encounter in $fn.allEncounters(&apos;d4d4d83b-f505-4f7b-a819-1a77ae2a2451&apos;))                     #foreach($obs in $encounter.obs)                         &amp;lt;th&amp;gt;$!obs.concept.getName()&amp;lt;/th&amp;gt;                     #end                     #break;                 #end&quot;/&gt;&#xd;
            &lt;/tr&gt;&#xd;
            &lt;/thead&gt;&#xd;
            &lt;tbody&gt;&#xd;
                &lt;lookup complexExpression=&quot;#foreach($encounter in $fn.allEncounters(&apos;d4d4d83b-f505-4f7b-a819-1a77ae2a2451&apos;))                     &amp;lt;tr&amp;gt;                     #foreach($obs in $encounter.obs)                        &amp;lt;td&amp;gt;                         #if($obs.concept.uuid == &apos;20fb8dc4-b958-4c88-b9a7-96ea36b4b0ef&apos;)                             $!obs.valueCoded.getName()                         #elseif($obs.concept.uuid == &apos;c7e17ce8-d832-4349-a326-b20f5ae7f432&apos;)                             $!obs.valueText                         #else                             &amp;lt;span class=&apos;value&apos;&amp;gt;#if($obs.valueDatetime) #set($strDateTime = $obs.valueDatetime + &apos;&apos;) #set($strDate = $strDateTime.substring(0,$strDateTime.indexOf(&apos; &apos;))) $strDate.substring(8,10)/$strDate.substring(5,7)/$strDate.substring(0,4) #end&amp;lt;/span&amp;gt;                         #end                         &amp;lt;/td&amp;gt;                     #end                     &amp;lt;/tr&amp;gt;                 #end&quot;/&gt;&#xd;
            &lt;/tbody&gt;&#xd;
        &lt;/table&gt;&#xd;
    &lt;/section&gt;&#xd;
    &lt;button class=&quot;cancel&quot; type=&quot;button&quot;&gt;Return&lt;/button&gt;&#xd;
&lt;/htmlform&gt;&#xd;
</xmlData>
    <dependencies class="set" id="12"/>
  </org.openmrs.module.htmlformentry.HtmlForm>
</list>
