<?xml version="1.0" encoding="UTF-8"?>
<package id="1" uuid="f3410bdd-14e4-48d0-9342-7ca348140414">
  <dateCreated id="2">2022-10-14 08:34:51</dateCreated>
  <name>CfL_callflows</name>
  <description>Default CfL callflows</description>
  <openmrsVersion>2.3.6 SNAPSHOT Build b132fa</openmrsVersion>
  <version>3</version>
  <groupUuid>30bc7d54-07fc-4dce-96c3-ac32ab188e66</groupUuid>
  <modules id="3">
    <entry>
      <string>openconceptlab</string>
      <string>2.0.0-SNAPSHOT</string>
    </entry>
    <entry>
      <string>calculation</string>
      <string>1.2</string>
    </entry>
    <entry>
      <string>legacyui</string>
      <string>1.6.0</string>
    </entry>
    <entry>
      <string>attachments</string>
      <string>2.4.0</string>
    </entry>
    <entry>
      <string>metadatadeploy</string>
      <string>1.11.0</string>
    </entry>
    <entry>
      <string>fhir</string>
      <string>1.20.0</string>
    </entry>
    <entry>
      <string>appointmentscheduling</string>
      <string>1.12.0</string>
    </entry>
    <entry>
      <string>cfldefault</string>
      <string>1.0.0</string>
    </entry>
    <entry>
      <string>metadatasharing</string>
      <string>1.6.0</string>
    </entry>
    <entry>
      <string>appointmentschedulingui</string>
      <string>1.9.0</string>
    </entry>
    <entry>
      <string>allergyui</string>
      <string>1.8.3-SNAPSHOT</string>
    </entry>
    <entry>
      <string>formentryapp</string>
      <string>1.4.2</string>
    </entry>
    <entry>
      <string>providermanagement</string>
      <string>2.10.0</string>
    </entry>
    <entry>
      <string>visits</string>
      <string>1.3.9-SNAPSHOT</string>
    </entry>
    <entry>
      <string>htmlwidgets</string>
      <string>1.10.0</string>
    </entry>
    <entry>
      <string>dataexchange</string>
      <string>1.3.4</string>
    </entry>
    <entry>
      <string>sms</string>
      <string>1.2.7</string>
    </entry>
    <entry>
      <string>addresshierarchy</string>
      <string>2.11.0</string>
    </entry>
    <entry>
      <string>cflcharts</string>
      <string>1.0.1</string>
    </entry>
    <entry>
      <string>reportingrest</string>
      <string>1.11.0</string>
    </entry>
    <entry>
      <string>uiframework</string>
      <string>3.19.0</string>
    </entry>
    <entry>
      <string>reportingui</string>
      <string>1.6.0</string>
    </entry>
    <entry>
      <string>event</string>
      <string>2.9.0-SNAPSHOT</string>
    </entry>
    <entry>
      <string>uicommons</string>
      <string>2.14.0-SNAPSHOT</string>
    </entry>
    <entry>
      <string>patientflags</string>
      <string>3.0.3-SNAPSHOT</string>
    </entry>
    <entry>
      <string>emrapi</string>
      <string>1.29.0-SNAPSHOT</string>
    </entry>
    <entry>
      <string>reporting</string>
      <string>1.21.0-SNAPSHOT</string>
    </entry>
    <entry>
      <string>registrationapp</string>
      <string>1.20.0-SNAPSHOT</string>
    </entry>
    <entry>
      <string>callflows</string>
      <string>1.1.9</string>
    </entry>
    <entry>
      <string>idgen</string>
      <string>4.5.0</string>
    </entry>
    <entry>
      <string>htmlformentryui</string>
      <string>2.0.0-SNAPSHOT</string>
    </entry>
    <entry>
      <string>htmlformentry</string>
      <string>4.0.0</string>
    </entry>
    <entry>
      <string>etllite</string>
      <string>1.1.8</string>
    </entry>
    <entry>
      <string>cfl</string>
      <string>1.3.3-SNAPSHOT</string>
    </entry>
    <entry>
      <string>reportingcompatibility</string>
      <string>2.0.6</string>
    </entry>
    <entry>
      <string>uilibrary</string>
      <string>2.0.6</string>
    </entry>
    <entry>
      <string>locationbasedaccess</string>
      <string>0.3.0-SNAPSHOT</string>
    </entry>
    <entry>
      <string>appframework</string>
      <string>2.15.0-SNAPSHOT</string>
    </entry>
    <entry>
      <string>webservices.rest</string>
      <string>2.29.1-SNAPSHOT.ccf336</string>
    </entry>
    <entry>
      <string>adminui</string>
      <string>1.3.0</string>
    </entry>
    <entry>
      <string>registrationcore</string>
      <string>1.9.0</string>
    </entry>
    <entry>
      <string>owa</string>
      <string>1.10.0</string>
    </entry>
    <entry>
      <string>messages</string>
      <string>1.5.8</string>
    </entry>
    <entry>
      <string>metadatamapping</string>
      <string>1.3.4</string>
    </entry>
    <entry>
      <string>coreapps</string>
      <string>1.29.0</string>
    </entry>
    <entry>
      <string>appui</string>
      <string>1.13.0-SNAPSHOT</string>
    </entry>
    <entry>
      <string>cflcore</string>
      <string>1.9.4-SNAPSHOT</string>
    </entry>
    <entry>
      <string>serialization.xstream</string>
      <string>0.2.14</string>
    </entry>
  </modules>
  <items class="linked-hash-set" id="4">
    <org.openmrs.module.metadatasharing.Item id="5" uuid="d3015519-5b88-46e8-9a28-d1eb54ffc204">
      <id>1</id>
      <classname>org.openmrs.module.callflows.api.domain.CallFlow</classname>
      <dateChanged id="6">2020-02-25 13:18:26</dateChanged>
      <retired>false</retired>
    </org.openmrs.module.metadatasharing.Item>
    <org.openmrs.module.metadatasharing.Item id="7" uuid="b8ecdcf9-6c11-4dd4-bd0b-3143c4567206">
      <id>2</id>
      <classname>org.openmrs.module.callflows.api.domain.CallFlow</classname>
      <dateChanged id="8">2021-06-25 10:32:35</dateChanged>
      <retired>false</retired>
    </org.openmrs.module.metadatasharing.Item>
    <org.openmrs.module.metadatasharing.Item id="9" uuid="71df4193-4d9f-4ec3-b3ee-ad4e29791415">
      <id>3</id>
      <classname>org.openmrs.module.callflows.api.domain.CallFlow</classname>
      <dateChanged id="10">2022-09-28 07:35:35</dateChanged>
      <retired>false</retired>
    </org.openmrs.module.metadatasharing.Item>
    <org.openmrs.module.metadatasharing.Item id="11" uuid="cfdf7096-8c25-45e0-9ec2-9c6a20628392">
      <id>4</id>
      <classname>org.openmrs.module.callflows.api.domain.CallFlow</classname>
      <dateChanged id="12">2020-02-24 12:18:57</dateChanged>
      <retired>false</retired>
    </org.openmrs.module.metadatasharing.Item>
    <org.openmrs.module.metadatasharing.Item id="13" uuid="4213dcb9-b70f-4741-9da3-b76c64dd7b3c">
      <id>5</id>
      <classname>org.openmrs.module.callflows.api.domain.CallFlow</classname>
      <dateChanged id="14">2020-02-25 11:56:23</dateChanged>
      <retired>false</retired>
    </org.openmrs.module.metadatasharing.Item>
    <org.openmrs.module.metadatasharing.Item id="15" uuid="b04a54a6-cfca-4f2b-9d27-eef5eeacf34c">
      <id>6</id>
      <classname>org.openmrs.module.callflows.api.domain.CallFlow</classname>
      <dateChanged id="16">2022-01-18 12:09:07</dateChanged>
      <retired>false</retired>
    </org.openmrs.module.metadatasharing.Item>
    <org.openmrs.module.metadatasharing.Item id="17" uuid="3304b760-949c-493e-aa3c-7d9e6da30597">
      <id>7</id>
      <classname>org.openmrs.module.callflows.api.domain.CallFlow</classname>
      <dateChanged id="18">2021-12-01 11:06:46</dateChanged>
      <retired>false</retired>
    </org.openmrs.module.metadatasharing.Item>
    <org.openmrs.module.metadatasharing.Item id="19" uuid="1881b1fc-3d1e-47a5-b3a4-2a830a7e9de7">
      <id>8</id>
      <classname>org.openmrs.module.callflows.api.domain.CallFlow</classname>
      <dateChanged id="20">2020-02-25 05:16:34</dateChanged>
      <retired>false</retired>
    </org.openmrs.module.metadatasharing.Item>
    <org.openmrs.module.metadatasharing.Item id="21" uuid="9175cb7f-f4ea-4023-bb57-b64837cfa5b5">
      <id>9</id>
      <classname>org.openmrs.module.callflows.api.domain.CallFlow</classname>
      <dateChanged id="22">2022-09-28 07:30:13</dateChanged>
      <retired>false</retired>
    </org.openmrs.module.metadatasharing.Item>
    <org.openmrs.module.metadatasharing.Item id="23" uuid="5846e404-8625-40bd-9e88-2f7ad2de9221">
      <id>10</id>
      <classname>org.openmrs.module.callflows.api.domain.CallFlow</classname>
      <dateChanged id="24">2022-09-28 07:34:36</dateChanged>
      <retired>false</retired>
    </org.openmrs.module.metadatasharing.Item>
    <org.openmrs.module.metadatasharing.Item id="25" uuid="6d1c6cde-f38e-4a54-9c45-16e06d10ff32">
      <id>12</id>
      <classname>org.openmrs.module.callflows.api.domain.CallFlow</classname>
      <dateChanged id="26">2022-09-28 07:55:08</dateChanged>
      <retired>false</retired>
    </org.openmrs.module.metadatasharing.Item>
    <org.openmrs.module.metadatasharing.Item id="27" uuid="e4c797d8-c1a4-4c8d-aaea-f47634265cc3">
      <id>11</id>
      <classname>org.openmrs.module.callflows.api.domain.CallFlow</classname>
      <dateChanged id="28">2022-09-28 07:49:10</dateChanged>
      <retired>false</retired>
    </org.openmrs.module.metadatasharing.Item>
    <org.openmrs.module.metadatasharing.Item id="29" uuid="ccxml">
      <id>94496695</id>
      <classname>org.openmrs.module.callflows.api.domain.Renderer</classname>
      <retired>false</retired>
    </org.openmrs.module.metadatasharing.Item>
    <org.openmrs.module.metadatasharing.Item id="30" uuid="vxml">
      <id>3634145</id>
      <classname>org.openmrs.module.callflows.api.domain.Renderer</classname>
      <retired>false</retired>
    </org.openmrs.module.metadatasharing.Item>
    <org.openmrs.module.metadatasharing.Item id="31" uuid="nexmo">
      <id>104715011</id>
      <classname>org.openmrs.module.callflows.api.domain.Renderer</classname>
      <retired>false</retired>
    </org.openmrs.module.metadatasharing.Item>
    <org.openmrs.module.metadatasharing.Item id="32" uuid="nexmo">
      <id>104715011</id>
      <classname>org.openmrs.module.callflows.api.domain.Config</classname>
      <retired>false</retired>
    </org.openmrs.module.metadatasharing.Item>
    <org.openmrs.module.metadatasharing.Item id="33" uuid="voxeo-mobile">
      <id>870186278</id>
      <classname>org.openmrs.module.callflows.api.domain.Config</classname>
      <retired>false</retired>
    </org.openmrs.module.metadatasharing.Item>
    <org.openmrs.module.metadatasharing.Item id="34" uuid="voxeo">
      <id>112400841</id>
      <classname>org.openmrs.module.callflows.api.domain.Config</classname>
      <retired>false</retired>
    </org.openmrs.module.metadatasharing.Item>
  </items>
  <relatedItems class="linked-hash-set" id="35"/>
</package>
