<?xml version="1.0" encoding="UTF-8"?>
<package id="1" uuid="cbcdea1b-5b1c-4c07-8f86-35e15534191b">
  <dateCreated id="2">2020-01-30 08:38:34</dateCreated>
  <name>Actor_Questions_Responses</name>
  <description>The package contains the resources required to maintain the questions and answers for actor</description>
  <openmrsVersion>2.1.4  Build 2cb839</openmrsVersion>
  <version>1</version>
  <groupUuid>e5a6cdbf-be76-4794-ae54-996f80191866</groupUuid>
  <modules id="3">
    <entry>
      <string>calculation</string>
      <string>1.2</string>
    </entry>
    <entry>
      <string>legacyui</string>
      <string>1.5.0</string>
    </entry>
    <entry>
      <string>referenceapplication</string>
      <string>2.9.0</string>
    </entry>
    <entry>
      <string>appointmentscheduling</string>
      <string>1.10.0</string>
    </entry>
    <entry>
      <string>atlas</string>
      <string>2.2</string>
    </entry>
    <entry>
      <string>appointmentschedulingui</string>
      <string>1.8.0-SNAPSHOT</string>
    </entry>
    <entry>
      <string>htmlwidgets</string>
      <string>1.10.0</string>
    </entry>
    <entry>
      <string>dataexchange</string>
      <string>1.3.3</string>
    </entry>
    <entry>
      <string>referencedemodata</string>
      <string>1.4.4</string>
    </entry>
    <entry>
      <string>addresshierarchy</string>
      <string>2.11.0</string>
    </entry>
    <entry>
      <string>reportingui</string>
      <string>1.6.0</string>
    </entry>
    <entry>
      <string>referencemetadata</string>
      <string>2.9.0</string>
    </entry>
    <entry>
      <string>uicommons</string>
      <string>2.6.1</string>
    </entry>
    <entry>
      <string>patientflags</string>
      <string>3.0.2-SNAPSHOT</string>
    </entry>
    <entry>
      <string>emrapi</string>
      <string>1.27.0</string>
    </entry>
    <entry>
      <string>registrationapp</string>
      <string>1.13.0</string>
    </entry>
    <entry>
      <string>idgen</string>
      <string>4.5.0</string>
    </entry>
    <entry>
      <string>htmlformentry</string>
      <string>3.8.0</string>
    </entry>
    <entry>
      <string>etllite</string>
      <string>1.0.0-SNAPSHOT</string>
    </entry>
    <entry>
      <string>reportingcompatibility</string>
      <string>2.0.6</string>
    </entry>
    <entry>
      <string>uilibrary</string>
      <string>2.0.6</string>
    </entry>
    <entry>
      <string>locationbasedaccess</string>
      <string>0.1.1</string>
    </entry>
    <entry>
      <string>adminui</string>
      <string>1.2.4</string>
    </entry>
    <entry>
      <string>messages</string>
      <string>1.0.0-SNAPSHOT</string>
    </entry>
    <entry>
      <string>metadatamapping</string>
      <string>1.3.4</string>
    </entry>
    <entry>
      <string>coreapps</string>
      <string>1.21.0</string>
    </entry>
    <entry>
      <string>serialization.xstream</string>
      <string>0.2.14</string>
    </entry>
    <entry>
      <string>attachments</string>
      <string>2.1.0</string>
    </entry>
    <entry>
      <string>metadatadeploy</string>
      <string>1.11.0</string>
    </entry>
    <entry>
      <string>fhir</string>
      <string>1.18.0</string>
    </entry>
    <entry>
      <string>metadatasharing</string>
      <string>1.5.0</string>
    </entry>
    <entry>
      <string>allergyui</string>
      <string>1.8.1</string>
    </entry>
    <entry>
      <string>formentryapp</string>
      <string>1.4.2</string>
    </entry>
    <entry>
      <string>chartsearch</string>
      <string>2.1.0</string>
    </entry>
    <entry>
      <string>providermanagement</string>
      <string>2.10.0</string>
    </entry>
    <entry>
      <string>visits</string>
      <string>1.0.0-SNAPSHOT</string>
    </entry>
    <entry>
      <string>sms</string>
      <string>1.0.0-SNAPSHOT</string>
    </entry>
    <entry>
      <string>reportingrest</string>
      <string>1.10.0</string>
    </entry>
    <entry>
      <string>uiframework</string>
      <string>3.15.0</string>
    </entry>
    <entry>
      <string>event</string>
      <string>2.7.0</string>
    </entry>
    <entry>
      <string>reporting</string>
      <string>1.17.0</string>
    </entry>
    <entry>
      <string>callflows</string>
      <string>1.0.0-SNAPSHOT</string>
    </entry>
    <entry>
      <string>htmlformentryui</string>
      <string>1.7.0</string>
    </entry>
    <entry>
      <string>cfl</string>
      <string>1.0.0-SNAPSHOT</string>
    </entry>
    <entry>
      <string>appframework</string>
      <string>2.13.0</string>
    </entry>
    <entry>
      <string>webservices.rest</string>
      <string>2.24.0.573609</string>
    </entry>
    <entry>
      <string>registrationcore</string>
      <string>1.8.0</string>
    </entry>
    <entry>
      <string>owa</string>
      <string>1.10.0</string>
    </entry>
    <entry>
      <string>appui</string>
      <string>1.9.0</string>
    </entry>
  </modules>
  <items class="linked-hash-set" id="4">
    <org.openmrs.module.metadatasharing.Item id="5" uuid="b2f7c974-e47c-4f9f-bd1f-49f81cc9ab8e">
      <id>165231</id>
      <classname>org.openmrs.ConceptNumeric</classname>
      <dateChanged id="6">2020-01-29 22:42:00</dateChanged>
      <retired>false</retired>
    </org.openmrs.module.metadatasharing.Item>
    <org.openmrs.module.metadatasharing.Item id="7" uuid="96ab8b9d-7e80-420d-a4da-3082d00ac4f6">
      <id>165232</id>
      <classname>org.openmrs.ConceptNumeric</classname>
      <dateChanged id="8">2020-01-29 22:42:00</dateChanged>
      <retired>false</retired>
    </org.openmrs.module.metadatasharing.Item>
    <org.openmrs.module.metadatasharing.Item id="9" uuid="889b7f68-0835-41e0-8c0a-1810fe9f01bf">
      <id>165269</id>
      <classname>org.openmrs.ConceptNumeric</classname>
      <dateChanged id="10">2020-01-30 08:22:08</dateChanged>
      <retired>false</retired>
    </org.openmrs.module.metadatasharing.Item>
    <org.openmrs.module.metadatasharing.Item id="11" uuid="8a9eefa0-6d4f-4a35-ad00-a999846d8f48">
      <id>165281</id>
      <classname>org.openmrs.ConceptNumeric</classname>
      <dateChanged id="12">2020-01-30 08:36:56</dateChanged>
      <retired>false</retired>
    </org.openmrs.module.metadatasharing.Item>
    <org.openmrs.module.metadatasharing.Item id="13" uuid="a9cd2220-4c0d-4af5-bfcf-61d151e60e8a">
      <id>165279</id>
      <classname>org.openmrs.ConceptNumeric</classname>
      <dateChanged id="14">2020-01-30 08:35:46</dateChanged>
      <retired>false</retired>
    </org.openmrs.module.metadatasharing.Item>
    <org.openmrs.module.metadatasharing.Item id="15" uuid="a5e48c77-20a4-4494-bb6d-1d94c339ac50">
      <id>165234</id>
      <classname>org.openmrs.ConceptNumeric</classname>
      <dateChanged id="16">2020-01-29 22:42:00</dateChanged>
      <retired>false</retired>
    </org.openmrs.module.metadatasharing.Item>
    <org.openmrs.module.metadatasharing.Item id="17" uuid="87f2664a-ad17-48eb-95cd-89930855e58e">
      <id>165236</id>
      <classname>org.openmrs.ConceptNumeric</classname>
      <dateChanged id="18">2020-01-29 22:42:00</dateChanged>
      <retired>false</retired>
    </org.openmrs.module.metadatasharing.Item>
    <org.openmrs.module.metadatasharing.Item id="19" uuid="1bab89bb-ba8d-48bc-8bc2-bd6abb5c6d7a">
      <id>165274</id>
      <classname>org.openmrs.ConceptNumeric</classname>
      <dateChanged id="20">2020-01-30 08:31:12</dateChanged>
      <retired>false</retired>
    </org.openmrs.module.metadatasharing.Item>
    <org.openmrs.module.metadatasharing.Item id="21" uuid="d1bc1785-d25e-4523-8772-413fc5119ec6">
      <id>165237</id>
      <classname>org.openmrs.ConceptNumeric</classname>
      <dateChanged id="22">2020-01-29 22:42:00</dateChanged>
      <retired>false</retired>
    </org.openmrs.module.metadatasharing.Item>
    <org.openmrs.module.metadatasharing.Item id="23" uuid="3f798c3b-4a8d-4440-8b89-cc649b6e20e2">
      <id>165273</id>
      <classname>org.openmrs.ConceptNumeric</classname>
      <dateChanged id="24">2020-01-30 08:27:58</dateChanged>
      <retired>false</retired>
    </org.openmrs.module.metadatasharing.Item>
    <org.openmrs.module.metadatasharing.Item id="25" uuid="e387f386-15fd-4ddd-8460-effa47cd4a11">
      <id>165266</id>
      <classname>org.openmrs.ConceptNumeric</classname>
      <dateChanged id="26">2020-01-30 08:20:27</dateChanged>
      <retired>false</retired>
    </org.openmrs.module.metadatasharing.Item>
    <org.openmrs.module.metadatasharing.Item id="27" uuid="01af3887-a8c6-4e51-a9be-013a83e7c069">
      <id>165246</id>
      <classname>org.openmrs.ConceptNumeric</classname>
      <dateChanged id="28">2020-01-29 22:42:00</dateChanged>
      <retired>false</retired>
    </org.openmrs.module.metadatasharing.Item>
    <org.openmrs.module.metadatasharing.Item id="29" uuid="6db6d099-e668-463d-b853-05c1482406f8">
      <id>165249</id>
      <classname>org.openmrs.ConceptNumeric</classname>
      <dateChanged id="30">2020-01-29 22:42:00</dateChanged>
      <retired>false</retired>
    </org.openmrs.module.metadatasharing.Item>
    <org.openmrs.module.metadatasharing.Item id="31" uuid="15d23aaf-250d-4651-b4b1-f6b5ad63fc85">
      <id>165250</id>
      <classname>org.openmrs.ConceptNumeric</classname>
      <dateChanged id="32">2020-01-29 22:42:00</dateChanged>
      <retired>false</retired>
    </org.openmrs.module.metadatasharing.Item>
    <org.openmrs.module.metadatasharing.Item id="33" uuid="9eaae055-ed73-452c-9400-e2f0cf39c18d">
      <id>165251</id>
      <classname>org.openmrs.ConceptNumeric</classname>
      <dateChanged id="34">2020-01-29 22:42:00</dateChanged>
      <retired>false</retired>
    </org.openmrs.module.metadatasharing.Item>
    <org.openmrs.module.metadatasharing.Item id="35" uuid="b471ff6d-738d-4f52-93ff-26ad120da65f">
      <id>165280</id>
      <classname>org.openmrs.ConceptNumeric</classname>
      <dateChanged id="36">2020-01-30 08:36:02</dateChanged>
      <retired>false</retired>
    </org.openmrs.module.metadatasharing.Item>
    <org.openmrs.module.metadatasharing.Item id="37" uuid="7292b0fb-89b9-458d-bf56-fad740e062b5">
      <id>165267</id>
      <classname>org.openmrs.ConceptNumeric</classname>
      <dateChanged id="38">2020-01-30 08:21:01</dateChanged>
      <retired>false</retired>
    </org.openmrs.module.metadatasharing.Item>
    <org.openmrs.module.metadatasharing.Item id="39" uuid="32c13495-22c0-445d-a108-591c58988a45">
      <id>165277</id>
      <classname>org.openmrs.ConceptNumeric</classname>
      <dateChanged id="40">2020-01-30 08:35:04</dateChanged>
      <retired>false</retired>
    </org.openmrs.module.metadatasharing.Item>
    <org.openmrs.module.metadatasharing.Item id="41" uuid="61c3868d-4a57-43dd-baa7-4dd4b957d2b8">
      <id>165254</id>
      <classname>org.openmrs.ConceptNumeric</classname>
      <dateChanged id="42">2020-01-29 22:42:01</dateChanged>
      <retired>false</retired>
    </org.openmrs.module.metadatasharing.Item>
    <org.openmrs.module.metadatasharing.Item id="43" uuid="8196e159-9dd0-448a-b9a6-ff3edd8e59ec">
      <id>165264</id>
      <classname>org.openmrs.ConceptNumeric</classname>
      <dateChanged id="44">2020-01-29 22:42:01</dateChanged>
      <retired>false</retired>
    </org.openmrs.module.metadatasharing.Item>
    <org.openmrs.module.metadatasharing.Item id="45" uuid="9e5d6265-82a8-43b0-9110-715a5f20e5ac">
      <id>165261</id>
      <classname>org.openmrs.ConceptNumeric</classname>
      <dateChanged id="46">2020-01-29 22:42:01</dateChanged>
      <retired>false</retired>
    </org.openmrs.module.metadatasharing.Item>
    <org.openmrs.module.metadatasharing.Item id="47" uuid="97a8ad17-ad01-4105-9df5-f1b4c9c1fa2e">
      <id>165253</id>
      <classname>org.openmrs.ConceptNumeric</classname>
      <dateChanged id="48">2020-01-29 22:42:01</dateChanged>
      <retired>false</retired>
    </org.openmrs.module.metadatasharing.Item>
    <org.openmrs.module.metadatasharing.Item id="49" uuid="03236875-f8ff-4fec-bc19-5e5dfc22a794">
      <id>165265</id>
      <classname>org.openmrs.ConceptNumeric</classname>
      <dateChanged id="50">2020-01-29 22:42:01</dateChanged>
      <retired>false</retired>
    </org.openmrs.module.metadatasharing.Item>
    <org.openmrs.module.metadatasharing.Item id="51" uuid="756e0869-9378-4312-921d-a0c5e53c46a6">
      <id>165240</id>
      <classname>org.openmrs.ConceptNumeric</classname>
      <dateChanged id="52">2020-01-29 22:42:00</dateChanged>
      <retired>false</retired>
    </org.openmrs.module.metadatasharing.Item>
    <org.openmrs.module.metadatasharing.Item id="53" uuid="2b3c31ba-98f9-4343-945a-7e001f94efc9">
      <id>165243</id>
      <classname>org.openmrs.ConceptNumeric</classname>
      <dateChanged id="54">2020-01-29 22:42:00</dateChanged>
      <retired>false</retired>
    </org.openmrs.module.metadatasharing.Item>
    <org.openmrs.module.metadatasharing.Item id="55" uuid="8a38a252-3d70-4f47-9429-198b7d934944">
      <id>165255</id>
      <classname>org.openmrs.ConceptNumeric</classname>
      <dateChanged id="56">2020-01-29 22:42:01</dateChanged>
      <retired>false</retired>
    </org.openmrs.module.metadatasharing.Item>
    <org.openmrs.module.metadatasharing.Item id="57" uuid="8398593a-8a4c-4721-a435-e89b39bb28e5">
      <id>165270</id>
      <classname>org.openmrs.ConceptNumeric</classname>
      <dateChanged id="58">2020-01-30 08:22:31</dateChanged>
      <retired>false</retired>
    </org.openmrs.module.metadatasharing.Item>
    <org.openmrs.module.metadatasharing.Item id="59" uuid="bd1e50d5-28fe-43e5-8479-710961c7628f">
      <id>165247</id>
      <classname>org.openmrs.ConceptNumeric</classname>
      <dateChanged id="60">2020-01-29 22:42:00</dateChanged>
      <retired>false</retired>
    </org.openmrs.module.metadatasharing.Item>
    <org.openmrs.module.metadatasharing.Item id="61" uuid="ddb9a05a-df73-4921-ab23-524997a2e687">
      <id>165260</id>
      <classname>org.openmrs.ConceptNumeric</classname>
      <dateChanged id="62">2020-01-29 22:42:01</dateChanged>
      <retired>false</retired>
    </org.openmrs.module.metadatasharing.Item>
    <org.openmrs.module.metadatasharing.Item id="63" uuid="1cf48462-fb7a-442d-a57d-3228a1b2cec6">
      <id>165278</id>
      <classname>org.openmrs.ConceptNumeric</classname>
      <dateChanged id="64">2020-01-30 08:35:22</dateChanged>
      <retired>false</retired>
    </org.openmrs.module.metadatasharing.Item>
    <org.openmrs.module.metadatasharing.Item id="65" uuid="8fd0f925-9ac6-4dea-84f2-7364e250d4a4">
      <id>165272</id>
      <classname>org.openmrs.ConceptNumeric</classname>
      <dateChanged id="66">2020-01-30 08:28:58</dateChanged>
      <retired>false</retired>
    </org.openmrs.module.metadatasharing.Item>
    <org.openmrs.module.metadatasharing.Item id="67" uuid="8262c817-0e92-4354-b6eb-5e189c4c6d2b">
      <id>165229</id>
      <classname>org.openmrs.ConceptNumeric</classname>
      <dateChanged id="68">2020-01-29 22:42:00</dateChanged>
      <retired>false</retired>
    </org.openmrs.module.metadatasharing.Item>
    <org.openmrs.module.metadatasharing.Item id="69" uuid="dcad686f-a371-4d02-bad2-3b38c6cc6da5">
      <id>165230</id>
      <classname>org.openmrs.ConceptNumeric</classname>
      <dateChanged id="70">2020-01-29 22:42:00</dateChanged>
      <retired>false</retired>
    </org.openmrs.module.metadatasharing.Item>
    <org.openmrs.module.metadatasharing.Item id="71" uuid="cf78caa1-2df7-413d-a455-abe22fd02d50">
      <id>165268</id>
      <classname>org.openmrs.ConceptNumeric</classname>
      <dateChanged id="72">2020-01-30 08:21:36</dateChanged>
      <retired>false</retired>
    </org.openmrs.module.metadatasharing.Item>
    <org.openmrs.module.metadatasharing.Item id="73" uuid="77f09098-375e-4e5a-8fa9-219f9f7bfd63">
      <id>165233</id>
      <classname>org.openmrs.ConceptNumeric</classname>
      <dateChanged id="74">2020-01-29 22:42:00</dateChanged>
      <retired>false</retired>
    </org.openmrs.module.metadatasharing.Item>
    <org.openmrs.module.metadatasharing.Item id="75" uuid="921c70ff-5c45-4744-b7b5-20cffab2881f">
      <id>165235</id>
      <classname>org.openmrs.ConceptNumeric</classname>
      <dateChanged id="76">2020-01-29 22:42:00</dateChanged>
      <retired>false</retired>
    </org.openmrs.module.metadatasharing.Item>
    <org.openmrs.module.metadatasharing.Item id="77" uuid="b4217315-dafd-4cc1-b215-a7b6eb3a6ad4">
      <id>165238</id>
      <classname>org.openmrs.ConceptNumeric</classname>
      <dateChanged id="78">2020-01-29 22:42:00</dateChanged>
      <retired>false</retired>
    </org.openmrs.module.metadatasharing.Item>
    <org.openmrs.module.metadatasharing.Item id="79" uuid="1aeecf7a-49c7-4722-b0da-0890172ba908">
      <id>165252</id>
      <classname>org.openmrs.ConceptNumeric</classname>
      <dateChanged id="80">2020-01-29 22:42:00</dateChanged>
      <retired>false</retired>
    </org.openmrs.module.metadatasharing.Item>
    <org.openmrs.module.metadatasharing.Item id="81" uuid="9a64fa08-7440-4c51-84a9-f0e52b5a47d2">
      <id>165248</id>
      <classname>org.openmrs.ConceptNumeric</classname>
      <dateChanged id="82">2020-01-29 22:42:00</dateChanged>
      <retired>false</retired>
    </org.openmrs.module.metadatasharing.Item>
    <org.openmrs.module.metadatasharing.Item id="83" uuid="da89e197-042e-4cfa-8609-9aafdc74e27e">
      <id>165257</id>
      <classname>org.openmrs.ConceptNumeric</classname>
      <dateChanged id="84">2020-01-30 08:29:25</dateChanged>
      <retired>false</retired>
    </org.openmrs.module.metadatasharing.Item>
    <org.openmrs.module.metadatasharing.Item id="85" uuid="7c35e7a6-07f9-4207-bed7-49758a637cd6">
      <id>165245</id>
      <classname>org.openmrs.ConceptNumeric</classname>
      <dateChanged id="86">2020-01-29 22:42:00</dateChanged>
      <retired>false</retired>
    </org.openmrs.module.metadatasharing.Item>
    <org.openmrs.module.metadatasharing.Item id="87" uuid="34807b14-9163-48e6-9079-6dcd0cb8a2a1">
      <id>165256</id>
      <classname>org.openmrs.ConceptNumeric</classname>
      <dateChanged id="88">2020-01-29 22:42:01</dateChanged>
      <retired>false</retired>
    </org.openmrs.module.metadatasharing.Item>
    <org.openmrs.module.metadatasharing.Item id="89" uuid="3972117c-1207-4e18-91ce-a02c4540c822">
      <id>165242</id>
      <classname>org.openmrs.ConceptNumeric</classname>
      <dateChanged id="90">2020-01-29 22:42:00</dateChanged>
      <retired>false</retired>
    </org.openmrs.module.metadatasharing.Item>
    <org.openmrs.module.metadatasharing.Item id="91" uuid="e6a990b6-58d7-4a8b-9c14-fe472b060b82">
      <id>165258</id>
      <classname>org.openmrs.ConceptNumeric</classname>
      <dateChanged id="92">2020-01-29 22:42:01</dateChanged>
      <retired>false</retired>
    </org.openmrs.module.metadatasharing.Item>
    <org.openmrs.module.metadatasharing.Item id="93" uuid="8bb22a05-22db-4f5d-b46b-6451038d9145">
      <id>165239</id>
      <classname>org.openmrs.ConceptNumeric</classname>
      <dateChanged id="94">2020-01-29 22:42:00</dateChanged>
      <retired>false</retired>
    </org.openmrs.module.metadatasharing.Item>
    <org.openmrs.module.metadatasharing.Item id="95" uuid="feb6d769-0840-4aef-9175-6a5622cd2b86">
      <id>165241</id>
      <classname>org.openmrs.ConceptNumeric</classname>
      <dateChanged id="96">2020-01-29 22:42:00</dateChanged>
      <retired>false</retired>
    </org.openmrs.module.metadatasharing.Item>
    <org.openmrs.module.metadatasharing.Item id="97" uuid="c295b90b-febe-4f85-a9b8-4d3041fbbdd1">
      <id>165259</id>
      <classname>org.openmrs.ConceptNumeric</classname>
      <dateChanged id="98">2020-01-29 22:42:01</dateChanged>
      <retired>false</retired>
    </org.openmrs.module.metadatasharing.Item>
    <org.openmrs.module.metadatasharing.Item id="99" uuid="5a0a9c16-857b-4bf4-8a88-315990076762">
      <id>165271</id>
      <classname>org.openmrs.ConceptNumeric</classname>
      <dateChanged id="100">2020-01-30 08:23:05</dateChanged>
      <retired>false</retired>
    </org.openmrs.module.metadatasharing.Item>
    <org.openmrs.module.metadatasharing.Item id="101" uuid="9283787e-6d4d-4c26-abde-e0a92d74072c">
      <id>165276</id>
      <classname>org.openmrs.ConceptNumeric</classname>
      <dateChanged id="102">2020-01-30 08:34:44</dateChanged>
      <retired>false</retired>
    </org.openmrs.module.metadatasharing.Item>
    <org.openmrs.module.metadatasharing.Item id="103" uuid="0c29e8c5-2fe3-4450-8f86-a2ba97099b2c">
      <id>165282</id>
      <classname>org.openmrs.ConceptNumeric</classname>
      <dateChanged id="104">2020-01-30 08:37:13</dateChanged>
      <retired>false</retired>
    </org.openmrs.module.metadatasharing.Item>
    <org.openmrs.module.metadatasharing.Item id="105" uuid="182c35b1-0eb1-4005-b84e-a4c7cadbbee6">
      <id>165275</id>
      <classname>org.openmrs.ConceptNumeric</classname>
      <dateChanged id="106">2020-01-30 08:34:19</dateChanged>
      <retired>false</retired>
    </org.openmrs.module.metadatasharing.Item>
    <org.openmrs.module.metadatasharing.Item id="107" uuid="1bddae41-82b2-4dab-867a-7a0c2a701809">
      <id>165244</id>
      <classname>org.openmrs.ConceptNumeric</classname>
      <dateChanged id="108">2020-01-29 22:42:00</dateChanged>
      <retired>false</retired>
    </org.openmrs.module.metadatasharing.Item>
    <org.openmrs.module.metadatasharing.Item id="109" uuid="7e6b689a-2ae0-4e54-a498-3f1df5675d50">
      <id>165262</id>
      <classname>org.openmrs.ConceptNumeric</classname>
      <dateChanged id="110">2020-01-29 22:42:01</dateChanged>
      <retired>false</retired>
    </org.openmrs.module.metadatasharing.Item>
    <org.openmrs.module.metadatasharing.Item id="111" uuid="5e9cd540-d4d2-44e1-be9c-66d064ef2dc6">
      <id>165263</id>
      <classname>org.openmrs.ConceptNumeric</classname>
      <dateChanged id="112">2020-01-29 22:42:01</dateChanged>
      <retired>false</retired>
    </org.openmrs.module.metadatasharing.Item>
    <org.openmrs.module.metadatasharing.Item id="113" uuid="54fec7d3-f75d-45bc-bbe6-2c993fcb955e">
      <id>33</id>
      <classname>org.openmrs.ConceptClass</classname>
      <dateChanged id="114">2020-01-29 21:48:48</dateChanged>
      <retired>false</retired>
    </org.openmrs.module.metadatasharing.Item>
    <org.openmrs.module.metadatasharing.Item id="115" uuid="fa60950f-9909-4eb4-bcf8-716a7e2c82bc">
      <id>35</id>
      <classname>org.openmrs.ConceptClass</classname>
      <dateChanged id="116">2020-01-30 08:16:26</dateChanged>
      <retired>false</retired>
    </org.openmrs.module.metadatasharing.Item>
    <org.openmrs.module.metadatasharing.Item id="117" uuid="aa66ac63-0300-4535-854d-b89ad971956d">
      <id>34</id>
      <classname>org.openmrs.ConceptClass</classname>
      <dateChanged id="118">2020-01-29 21:49:40</dateChanged>
      <retired>false</retired>
    </org.openmrs.module.metadatasharing.Item>
  </items>
  <relatedItems class="linked-hash-set" id="119">
    <org.openmrs.module.metadatasharing.Item id="120" uuid="8d4a4488-c2cc-11de-8d13-0010c6dffd0f">
      <id>1</id>
      <classname>org.openmrs.ConceptDatatype</classname>
      <dateChanged id="121">2004-02-02 00:00:00</dateChanged>
      <retired>false</retired>
    </org.openmrs.module.metadatasharing.Item>
    <org.openmrs.module.metadatasharing.Item id="122" uuid="9e80ba9b-5ff9-46ea-86f0-063529c355df">
      <id>142218</id>
      <classname>org.openmrs.ConceptName</classname>
      <dateChanged id="123">2020-01-29 22:10:44</dateChanged>
    </org.openmrs.module.metadatasharing.Item>
    <org.openmrs.module.metadatasharing.Item id="124" uuid="9cf75efd-1828-4cf7-a061-73cbd1416f50">
      <id>142219</id>
      <classname>org.openmrs.ConceptName</classname>
      <dateChanged id="125">2020-01-29 22:10:44</dateChanged>
    </org.openmrs.module.metadatasharing.Item>
    <org.openmrs.module.metadatasharing.Item id="126" uuid="d1a5183b-12c3-424d-b0f8-afafad80d2fe">
      <id>18219</id>
      <classname>org.openmrs.ConceptDescription</classname>
      <dateChanged id="127">2020-01-29 22:10:44</dateChanged>
    </org.openmrs.module.metadatasharing.Item>
    <org.openmrs.module.metadatasharing.Item id="128" uuid="e8c7c431-3bc4-46e0-b080-de251f2d3e0c">
      <id>142220</id>
      <classname>org.openmrs.ConceptName</classname>
      <dateChanged id="129">2020-01-29 21:52:26</dateChanged>
    </org.openmrs.module.metadatasharing.Item>
    <org.openmrs.module.metadatasharing.Item id="130" uuid="1ffa5d23-5a41-4408-8435-da665b9b6d69">
      <id>142221</id>
      <classname>org.openmrs.ConceptName</classname>
      <dateChanged id="131">2020-01-29 21:52:26</dateChanged>
    </org.openmrs.module.metadatasharing.Item>
    <org.openmrs.module.metadatasharing.Item id="132" uuid="a38fa503-1687-421c-8326-908d39683664">
      <id>18220</id>
      <classname>org.openmrs.ConceptDescription</classname>
      <dateChanged id="133">2020-01-29 21:52:26</dateChanged>
    </org.openmrs.module.metadatasharing.Item>
    <org.openmrs.module.metadatasharing.Item id="134" uuid="de90a9ad-aa55-4b53-be8e-9a7b122e5d16">
      <id>142294</id>
      <classname>org.openmrs.ConceptName</classname>
      <dateChanged id="135">2020-01-30 08:22:08</dateChanged>
    </org.openmrs.module.metadatasharing.Item>
    <org.openmrs.module.metadatasharing.Item id="136" uuid="2ff786dc-6c81-42a8-863c-c09d0133e152">
      <id>142295</id>
      <classname>org.openmrs.ConceptName</classname>
      <dateChanged id="137">2020-01-30 08:22:08</dateChanged>
    </org.openmrs.module.metadatasharing.Item>
    <org.openmrs.module.metadatasharing.Item id="138" uuid="94395c5d-6e43-453a-b25f-778415db1a5f">
      <id>18257</id>
      <classname>org.openmrs.ConceptDescription</classname>
      <dateChanged id="139">2020-01-30 08:22:08</dateChanged>
    </org.openmrs.module.metadatasharing.Item>
    <org.openmrs.module.metadatasharing.Item id="140" uuid="5b2710ec-6c5d-4fe0-98b6-0329649305c1">
      <id>142322</id>
      <classname>org.openmrs.ConceptName</classname>
      <dateChanged id="141">2020-01-30 08:36:56</dateChanged>
    </org.openmrs.module.metadatasharing.Item>
    <org.openmrs.module.metadatasharing.Item id="142" uuid="4cdea280-da88-4d46-ae91-2b5fea5fab85">
      <id>142323</id>
      <classname>org.openmrs.ConceptName</classname>
      <dateChanged id="143">2020-01-30 08:36:56</dateChanged>
    </org.openmrs.module.metadatasharing.Item>
    <org.openmrs.module.metadatasharing.Item id="144" uuid="fdd7322a-9fbd-4f37-bc38-e0b77a6b513b">
      <id>18269</id>
      <classname>org.openmrs.ConceptDescription</classname>
      <dateChanged id="145">2020-01-30 08:36:56</dateChanged>
    </org.openmrs.module.metadatasharing.Item>
    <org.openmrs.module.metadatasharing.Item id="146" uuid="d39fff54-7983-4d91-9d4c-fcf6bda458bc">
      <id>142318</id>
      <classname>org.openmrs.ConceptName</classname>
      <dateChanged id="147">2020-01-30 08:35:46</dateChanged>
    </org.openmrs.module.metadatasharing.Item>
    <org.openmrs.module.metadatasharing.Item id="148" uuid="4deba654-30bc-4d9e-9af6-440b56648b74">
      <id>142319</id>
      <classname>org.openmrs.ConceptName</classname>
      <dateChanged id="149">2020-01-30 08:35:46</dateChanged>
    </org.openmrs.module.metadatasharing.Item>
    <org.openmrs.module.metadatasharing.Item id="150" uuid="97081a21-649d-43fe-a0b8-c482f6fc12b0">
      <id>18267</id>
      <classname>org.openmrs.ConceptDescription</classname>
      <dateChanged id="151">2020-01-30 08:35:46</dateChanged>
    </org.openmrs.module.metadatasharing.Item>
    <org.openmrs.module.metadatasharing.Item id="152" uuid="fc114c2f-c93e-40ce-a4d8-1495a2209eb0">
      <id>142224</id>
      <classname>org.openmrs.ConceptName</classname>
      <dateChanged id="153">2020-01-29 22:07:01</dateChanged>
    </org.openmrs.module.metadatasharing.Item>
    <org.openmrs.module.metadatasharing.Item id="154" uuid="2a40ca30-24b2-442a-9f75-eb262d160fe6">
      <id>142225</id>
      <classname>org.openmrs.ConceptName</classname>
      <dateChanged id="155">2020-01-29 22:07:01</dateChanged>
    </org.openmrs.module.metadatasharing.Item>
    <org.openmrs.module.metadatasharing.Item id="156" uuid="57b73e5a-46c1-4506-ad45-0e60c8ca76b2">
      <id>18222</id>
      <classname>org.openmrs.ConceptDescription</classname>
      <dateChanged id="157">2020-01-29 22:07:01</dateChanged>
    </org.openmrs.module.metadatasharing.Item>
    <org.openmrs.module.metadatasharing.Item id="158" uuid="c2691ca6-a12d-46d4-9be3-fb2fa0956f71">
      <id>142228</id>
      <classname>org.openmrs.ConceptName</classname>
      <dateChanged id="159">2020-01-29 22:08:51</dateChanged>
    </org.openmrs.module.metadatasharing.Item>
    <org.openmrs.module.metadatasharing.Item id="160" uuid="75cc47ff-16b4-43cb-94e1-0a982a13dab7">
      <id>142229</id>
      <classname>org.openmrs.ConceptName</classname>
      <dateChanged id="161">2020-01-29 22:08:51</dateChanged>
    </org.openmrs.module.metadatasharing.Item>
    <org.openmrs.module.metadatasharing.Item id="162" uuid="cd5c7d8b-8205-444b-bb0c-73680d7536ac">
      <id>18224</id>
      <classname>org.openmrs.ConceptDescription</classname>
      <dateChanged id="163">2020-01-29 22:08:51</dateChanged>
    </org.openmrs.module.metadatasharing.Item>
    <org.openmrs.module.metadatasharing.Item id="164" uuid="02274f20-e246-4aa3-8885-4e0f7d08be6a">
      <id>142308</id>
      <classname>org.openmrs.ConceptName</classname>
      <dateChanged id="165">2020-01-30 08:31:12</dateChanged>
    </org.openmrs.module.metadatasharing.Item>
    <org.openmrs.module.metadatasharing.Item id="166" uuid="99c3293a-a35f-40f7-99ef-9c725f408113">
      <id>142309</id>
      <classname>org.openmrs.ConceptName</classname>
      <dateChanged id="167">2020-01-30 08:31:12</dateChanged>
    </org.openmrs.module.metadatasharing.Item>
    <org.openmrs.module.metadatasharing.Item id="168" uuid="0af6dfb6-6ad2-4096-8a90-25f95b1baf97">
      <id>2622</id>
      <classname>org.openmrs.ConceptSet</classname>
      <dateChanged id="169">2020-01-30 08:31:12</dateChanged>
    </org.openmrs.module.metadatasharing.Item>
    <org.openmrs.module.metadatasharing.Item id="170" uuid="1c857131-d365-44d5-8188-08f40052e830">
      <id>142292</id>
      <classname>org.openmrs.ConceptName</classname>
      <dateChanged id="171">2020-01-30 08:21:36</dateChanged>
    </org.openmrs.module.metadatasharing.Item>
    <org.openmrs.module.metadatasharing.Item id="172" uuid="ac8e2eed-adeb-4441-83a9-b5e918ef1ad0">
      <id>142293</id>
      <classname>org.openmrs.ConceptName</classname>
      <dateChanged id="173">2020-01-30 08:21:36</dateChanged>
    </org.openmrs.module.metadatasharing.Item>
    <org.openmrs.module.metadatasharing.Item id="174" uuid="6af8eece-8b8a-4bcf-acdd-b82de1d0d525">
      <id>18256</id>
      <classname>org.openmrs.ConceptDescription</classname>
      <dateChanged id="175">2020-01-30 08:21:36</dateChanged>
    </org.openmrs.module.metadatasharing.Item>
    <org.openmrs.module.metadatasharing.Item id="176" uuid="1e88c0a1-0227-44a6-a984-31bcc2d489ad">
      <id>2623</id>
      <classname>org.openmrs.ConceptSet</classname>
      <dateChanged id="177">2020-01-30 08:31:12</dateChanged>
    </org.openmrs.module.metadatasharing.Item>
    <org.openmrs.module.metadatasharing.Item id="178" uuid="5f61099c-65fa-4eda-bfa0-6267d6f6cfd1">
      <id>2624</id>
      <classname>org.openmrs.ConceptSet</classname>
      <dateChanged id="179">2020-01-30 08:31:12</dateChanged>
    </org.openmrs.module.metadatasharing.Item>
    <org.openmrs.module.metadatasharing.Item id="180" uuid="c34a36d1-13ca-4fa4-a2b1-a403a09db71f">
      <id>142296</id>
      <classname>org.openmrs.ConceptName</classname>
      <dateChanged id="181">2020-01-30 08:22:31</dateChanged>
    </org.openmrs.module.metadatasharing.Item>
    <org.openmrs.module.metadatasharing.Item id="182" uuid="afc2d2f6-77d1-423a-8264-e6d92015bec6">
      <id>142297</id>
      <classname>org.openmrs.ConceptName</classname>
      <dateChanged id="183">2020-01-30 08:22:31</dateChanged>
    </org.openmrs.module.metadatasharing.Item>
    <org.openmrs.module.metadatasharing.Item id="184" uuid="ea1fa115-388d-4f85-a96a-2187863242e5">
      <id>18258</id>
      <classname>org.openmrs.ConceptDescription</classname>
      <dateChanged id="185">2020-01-30 08:22:31</dateChanged>
    </org.openmrs.module.metadatasharing.Item>
    <org.openmrs.module.metadatasharing.Item id="186" uuid="d98322e2-d9dc-44eb-86fd-666fc017b40f">
      <id>2625</id>
      <classname>org.openmrs.ConceptSet</classname>
      <dateChanged id="187">2020-01-30 08:31:12</dateChanged>
    </org.openmrs.module.metadatasharing.Item>
    <org.openmrs.module.metadatasharing.Item id="188" uuid="f3e6d13a-c52f-4fbb-9d45-afbf03b35b44">
      <id>142298</id>
      <classname>org.openmrs.ConceptName</classname>
      <dateChanged id="189">2020-01-30 08:23:05</dateChanged>
    </org.openmrs.module.metadatasharing.Item>
    <org.openmrs.module.metadatasharing.Item id="190" uuid="bcdc195a-a025-49ec-a056-5781e175e3c6">
      <id>142299</id>
      <classname>org.openmrs.ConceptName</classname>
      <dateChanged id="191">2020-01-30 08:23:05</dateChanged>
    </org.openmrs.module.metadatasharing.Item>
    <org.openmrs.module.metadatasharing.Item id="192" uuid="26d26324-0f80-446d-82b9-e13e661ad3cb">
      <id>18259</id>
      <classname>org.openmrs.ConceptDescription</classname>
      <dateChanged id="193">2020-01-30 08:23:05</dateChanged>
    </org.openmrs.module.metadatasharing.Item>
    <org.openmrs.module.metadatasharing.Item id="194" uuid="011ec9b8-69b2-437c-80e1-b4592369d134">
      <id>18262</id>
      <classname>org.openmrs.ConceptDescription</classname>
      <dateChanged id="195">2020-01-30 08:31:12</dateChanged>
    </org.openmrs.module.metadatasharing.Item>
    <org.openmrs.module.metadatasharing.Item id="196" uuid="de74c29e-1815-4ac6-abf0-97721829fa2f">
      <id>142230</id>
      <classname>org.openmrs.ConceptName</classname>
      <dateChanged id="197">2020-01-29 21:54:51</dateChanged>
    </org.openmrs.module.metadatasharing.Item>
    <org.openmrs.module.metadatasharing.Item id="198" uuid="dd7347a4-e393-4978-8244-1cd72494b614">
      <id>142231</id>
      <classname>org.openmrs.ConceptName</classname>
      <dateChanged id="199">2020-01-29 21:54:51</dateChanged>
    </org.openmrs.module.metadatasharing.Item>
    <org.openmrs.module.metadatasharing.Item id="200" uuid="4b74d3c5-3306-458f-811d-4277f38add75">
      <id>18225</id>
      <classname>org.openmrs.ConceptDescription</classname>
      <dateChanged id="201">2020-01-29 21:54:51</dateChanged>
    </org.openmrs.module.metadatasharing.Item>
    <org.openmrs.module.metadatasharing.Item id="202" uuid="fd9cb8d4-a2f4-4b6e-85c0-c5540134e8b6">
      <id>142302</id>
      <classname>org.openmrs.ConceptName</classname>
      <dateChanged id="203">2020-01-30 08:27:58</dateChanged>
    </org.openmrs.module.metadatasharing.Item>
    <org.openmrs.module.metadatasharing.Item id="204" uuid="4b7ef987-865c-461e-b780-dab850c32368">
      <id>142303</id>
      <classname>org.openmrs.ConceptName</classname>
      <dateChanged id="205">2020-01-30 08:27:58</dateChanged>
    </org.openmrs.module.metadatasharing.Item>
    <org.openmrs.module.metadatasharing.Item id="206" uuid="5de86967-2162-42da-aa86-51162c0b7ee0">
      <id>2621</id>
      <classname>org.openmrs.ConceptSet</classname>
      <dateChanged id="207">2020-01-30 08:27:58</dateChanged>
    </org.openmrs.module.metadatasharing.Item>
    <org.openmrs.module.metadatasharing.Item id="208" uuid="5bb5a7a0-e323-4ac5-b925-2fea3a2f1049">
      <id>142290</id>
      <classname>org.openmrs.ConceptName</classname>
      <dateChanged id="209">2020-01-30 08:21:01</dateChanged>
    </org.openmrs.module.metadatasharing.Item>
    <org.openmrs.module.metadatasharing.Item id="210" uuid="715fa7ac-d762-43db-9391-d84e5ffb8b4f">
      <id>142291</id>
      <classname>org.openmrs.ConceptName</classname>
      <dateChanged id="211">2020-01-30 08:21:01</dateChanged>
    </org.openmrs.module.metadatasharing.Item>
    <org.openmrs.module.metadatasharing.Item id="212" uuid="71c26864-2e0a-4766-8444-5c53c08fd5e4">
      <id>18255</id>
      <classname>org.openmrs.ConceptDescription</classname>
      <dateChanged id="213">2020-01-30 08:21:01</dateChanged>
    </org.openmrs.module.metadatasharing.Item>
    <org.openmrs.module.metadatasharing.Item id="214" uuid="33106a99-e395-4e14-9669-273467c0c5a4">
      <id>18261</id>
      <classname>org.openmrs.ConceptDescription</classname>
      <dateChanged id="215">2020-01-30 08:27:58</dateChanged>
    </org.openmrs.module.metadatasharing.Item>
    <org.openmrs.module.metadatasharing.Item id="216" uuid="83f5d96e-93d7-445c-9130-b933ff6fc4bd">
      <id>142288</id>
      <classname>org.openmrs.ConceptName</classname>
      <dateChanged id="217">2020-01-30 08:19:30</dateChanged>
    </org.openmrs.module.metadatasharing.Item>
    <org.openmrs.module.metadatasharing.Item id="218" uuid="6b95e445-817e-48a8-a38a-b8b5c4991526">
      <id>142289</id>
      <classname>org.openmrs.ConceptName</classname>
      <dateChanged id="219">2020-01-30 08:19:30</dateChanged>
    </org.openmrs.module.metadatasharing.Item>
    <org.openmrs.module.metadatasharing.Item id="220" uuid="21cdb983-7baf-4241-9a70-eea648a96981">
      <id>18254</id>
      <classname>org.openmrs.ConceptDescription</classname>
      <dateChanged id="221">2020-01-30 08:19:30</dateChanged>
    </org.openmrs.module.metadatasharing.Item>
    <org.openmrs.module.metadatasharing.Item id="222" uuid="4c849d51-0ceb-4666-ab84-e357c8925fe9">
      <id>142248</id>
      <classname>org.openmrs.ConceptName</classname>
      <dateChanged id="223">2020-01-29 22:15:27</dateChanged>
    </org.openmrs.module.metadatasharing.Item>
    <org.openmrs.module.metadatasharing.Item id="224" uuid="de7ccb79-ffac-42d1-87f0-ad9c1e5685d6">
      <id>142249</id>
      <classname>org.openmrs.ConceptName</classname>
      <dateChanged id="225">2020-01-29 22:15:27</dateChanged>
    </org.openmrs.module.metadatasharing.Item>
    <org.openmrs.module.metadatasharing.Item id="226" uuid="a93eb93f-a05b-4e9b-93e2-225c0413c1e3">
      <id>2588</id>
      <classname>org.openmrs.ConceptSet</classname>
      <dateChanged id="227">2020-01-29 22:15:27</dateChanged>
    </org.openmrs.module.metadatasharing.Item>
    <org.openmrs.module.metadatasharing.Item id="228" uuid="8ad449bb-395a-4112-b236-475a6b24b88d">
      <id>2592</id>
      <classname>org.openmrs.ConceptSet</classname>
      <dateChanged id="229">2020-01-29 22:15:27</dateChanged>
    </org.openmrs.module.metadatasharing.Item>
    <org.openmrs.module.metadatasharing.Item id="230" uuid="73d91cd6-f328-4bd0-9479-1181a83df308">
      <id>142240</id>
      <classname>org.openmrs.ConceptName</classname>
      <dateChanged id="231">2020-01-29 21:53:18</dateChanged>
    </org.openmrs.module.metadatasharing.Item>
    <org.openmrs.module.metadatasharing.Item id="232" uuid="d9d47fd1-ed6a-416b-826d-96f1bbad2aa5">
      <id>142241</id>
      <classname>org.openmrs.ConceptName</classname>
      <dateChanged id="233">2020-01-29 21:53:18</dateChanged>
    </org.openmrs.module.metadatasharing.Item>
    <org.openmrs.module.metadatasharing.Item id="234" uuid="3898a6c8-f36e-42fe-9928-c892fb5eb93b">
      <id>18230</id>
      <classname>org.openmrs.ConceptDescription</classname>
      <dateChanged id="235">2020-01-29 21:53:18</dateChanged>
    </org.openmrs.module.metadatasharing.Item>
    <org.openmrs.module.metadatasharing.Item id="236" uuid="bb0628e4-46ee-4fe1-962c-96b31f284a42">
      <id>2589</id>
      <classname>org.openmrs.ConceptSet</classname>
      <dateChanged id="237">2020-01-29 22:15:27</dateChanged>
    </org.openmrs.module.metadatasharing.Item>
    <org.openmrs.module.metadatasharing.Item id="238" uuid="46daf9c6-2542-4c4d-8390-d11e4bea76f1">
      <id>142234</id>
      <classname>org.openmrs.ConceptName</classname>
      <dateChanged id="239">2020-01-29 21:54:29</dateChanged>
    </org.openmrs.module.metadatasharing.Item>
    <org.openmrs.module.metadatasharing.Item id="240" uuid="98e31565-22a0-4078-912b-cba13da13901">
      <id>142235</id>
      <classname>org.openmrs.ConceptName</classname>
      <dateChanged id="241">2020-01-29 21:54:29</dateChanged>
    </org.openmrs.module.metadatasharing.Item>
    <org.openmrs.module.metadatasharing.Item id="242" uuid="be1a3a11-e827-439d-a112-02f7f992bbe6">
      <id>18227</id>
      <classname>org.openmrs.ConceptDescription</classname>
      <dateChanged id="243">2020-01-29 21:54:29</dateChanged>
    </org.openmrs.module.metadatasharing.Item>
    <org.openmrs.module.metadatasharing.Item id="244" uuid="4a1960dc-8552-455d-9a10-9b1e270f875a">
      <id>2593</id>
      <classname>org.openmrs.ConceptSet</classname>
      <dateChanged id="245">2020-01-29 22:15:27</dateChanged>
    </org.openmrs.module.metadatasharing.Item>
    <org.openmrs.module.metadatasharing.Item id="246" uuid="17ae26a4-d8bb-44a3-9ef9-a07532434fcd">
      <id>2596</id>
      <classname>org.openmrs.ConceptSet</classname>
      <dateChanged id="247">2020-01-29 22:15:27</dateChanged>
    </org.openmrs.module.metadatasharing.Item>
    <org.openmrs.module.metadatasharing.Item id="248" uuid="7cb5da43-ab88-4610-b4b3-a900234dde97">
      <id>142244</id>
      <classname>org.openmrs.ConceptName</classname>
      <dateChanged id="249">2020-01-29 21:55:18</dateChanged>
    </org.openmrs.module.metadatasharing.Item>
    <org.openmrs.module.metadatasharing.Item id="250" uuid="12d4f6f2-7a37-441e-8a58-c5b9dad4075a">
      <id>142245</id>
      <classname>org.openmrs.ConceptName</classname>
      <dateChanged id="251">2020-01-29 21:55:18</dateChanged>
    </org.openmrs.module.metadatasharing.Item>
    <org.openmrs.module.metadatasharing.Item id="252" uuid="22daea7e-aba0-47bb-8758-b7e515d1eb49">
      <id>18232</id>
      <classname>org.openmrs.ConceptDescription</classname>
      <dateChanged id="253">2020-01-29 21:55:18</dateChanged>
    </org.openmrs.module.metadatasharing.Item>
    <org.openmrs.module.metadatasharing.Item id="254" uuid="f7cb96e9-c746-438f-95fe-0c7470f3ec04">
      <id>2597</id>
      <classname>org.openmrs.ConceptSet</classname>
      <dateChanged id="255">2020-01-29 22:15:27</dateChanged>
    </org.openmrs.module.metadatasharing.Item>
    <org.openmrs.module.metadatasharing.Item id="256" uuid="34660f96-f54d-4344-a297-5cfa4e13e429">
      <id>142246</id>
      <classname>org.openmrs.ConceptName</classname>
      <dateChanged id="257">2020-01-29 21:55:40</dateChanged>
    </org.openmrs.module.metadatasharing.Item>
    <org.openmrs.module.metadatasharing.Item id="258" uuid="8b9186d5-910f-4cfb-99cb-0573dabe6431">
      <id>142247</id>
      <classname>org.openmrs.ConceptName</classname>
      <dateChanged id="259">2020-01-29 21:55:40</dateChanged>
    </org.openmrs.module.metadatasharing.Item>
    <org.openmrs.module.metadatasharing.Item id="260" uuid="ffef4d4a-9a71-40fc-a29a-bdbb701e5052">
      <id>18233</id>
      <classname>org.openmrs.ConceptDescription</classname>
      <dateChanged id="261">2020-01-29 22:01:22</dateChanged>
    </org.openmrs.module.metadatasharing.Item>
    <org.openmrs.module.metadatasharing.Item id="262" uuid="2ae75f2c-15e6-4215-b296-2259dc799143">
      <id>2595</id>
      <classname>org.openmrs.ConceptSet</classname>
      <dateChanged id="263">2020-01-29 22:15:27</dateChanged>
    </org.openmrs.module.metadatasharing.Item>
    <org.openmrs.module.metadatasharing.Item id="264" uuid="d414456d-c39f-4643-b5a6-7f0be35e0b5e">
      <id>142242</id>
      <classname>org.openmrs.ConceptName</classname>
      <dateChanged id="265">2020-01-29 21:56:05</dateChanged>
    </org.openmrs.module.metadatasharing.Item>
    <org.openmrs.module.metadatasharing.Item id="266" uuid="dc4d4a04-cb75-42c4-9727-7a75c3e395e9">
      <id>142243</id>
      <classname>org.openmrs.ConceptName</classname>
      <dateChanged id="267">2020-01-29 21:56:05</dateChanged>
    </org.openmrs.module.metadatasharing.Item>
    <org.openmrs.module.metadatasharing.Item id="268" uuid="5327d843-0ef0-4432-bc02-c223dbda216f">
      <id>18231</id>
      <classname>org.openmrs.ConceptDescription</classname>
      <dateChanged id="269">2020-01-29 21:56:05</dateChanged>
    </org.openmrs.module.metadatasharing.Item>
    <org.openmrs.module.metadatasharing.Item id="270" uuid="fd1cba24-dbdc-4046-9fe9-d885eb2e6f94">
      <id>2590</id>
      <classname>org.openmrs.ConceptSet</classname>
      <dateChanged id="271">2020-01-29 22:15:27</dateChanged>
    </org.openmrs.module.metadatasharing.Item>
    <org.openmrs.module.metadatasharing.Item id="272" uuid="347151fc-819d-4f39-b3cd-7d781d027b24">
      <id>142236</id>
      <classname>org.openmrs.ConceptName</classname>
      <dateChanged id="273">2020-01-29 21:56:26</dateChanged>
    </org.openmrs.module.metadatasharing.Item>
    <org.openmrs.module.metadatasharing.Item id="274" uuid="eacc665b-b96a-4345-bb9f-29c251f22e64">
      <id>142237</id>
      <classname>org.openmrs.ConceptName</classname>
      <dateChanged id="275">2020-01-29 21:56:26</dateChanged>
    </org.openmrs.module.metadatasharing.Item>
    <org.openmrs.module.metadatasharing.Item id="276" uuid="28c1f83a-58d4-417f-a83c-a1a79054e4a3">
      <id>18228</id>
      <classname>org.openmrs.ConceptDescription</classname>
      <dateChanged id="277">2020-01-29 21:56:26</dateChanged>
    </org.openmrs.module.metadatasharing.Item>
    <org.openmrs.module.metadatasharing.Item id="278" uuid="914a78e2-3f8f-4d80-9c07-764b4d945e61">
      <id>2594</id>
      <classname>org.openmrs.ConceptSet</classname>
      <dateChanged id="279">2020-01-29 22:15:27</dateChanged>
    </org.openmrs.module.metadatasharing.Item>
    <org.openmrs.module.metadatasharing.Item id="280" uuid="58cb7649-9aba-4d34-8105-08651fcae7ae">
      <id>142214</id>
      <classname>org.openmrs.ConceptName</classname>
      <dateChanged id="281">2020-01-29 21:57:42</dateChanged>
    </org.openmrs.module.metadatasharing.Item>
    <org.openmrs.module.metadatasharing.Item id="282" uuid="afbf9f4f-2365-4b11-b63f-8c36256e7695">
      <id>142215</id>
      <classname>org.openmrs.ConceptName</classname>
      <dateChanged id="283">2020-01-29 21:57:42</dateChanged>
    </org.openmrs.module.metadatasharing.Item>
    <org.openmrs.module.metadatasharing.Item id="284" uuid="ffa12d36-5ecf-4e7c-8c7e-09f8dcfdd001">
      <id>18217</id>
      <classname>org.openmrs.ConceptDescription</classname>
      <dateChanged id="285">2020-01-29 22:02:25</dateChanged>
    </org.openmrs.module.metadatasharing.Item>
    <org.openmrs.module.metadatasharing.Item id="286" uuid="23eec474-2189-4769-816d-3a709a9473d6">
      <id>2591</id>
      <classname>org.openmrs.ConceptSet</classname>
      <dateChanged id="287">2020-01-29 22:15:27</dateChanged>
    </org.openmrs.module.metadatasharing.Item>
    <org.openmrs.module.metadatasharing.Item id="288" uuid="cf87a1ee-f806-4b13-b72b-d0c37b207ee8">
      <id>142238</id>
      <classname>org.openmrs.ConceptName</classname>
      <dateChanged id="289">2020-01-29 21:58:14</dateChanged>
    </org.openmrs.module.metadatasharing.Item>
    <org.openmrs.module.metadatasharing.Item id="290" uuid="27c19e07-4ebe-4b84-b800-ad81c967d61c">
      <id>142239</id>
      <classname>org.openmrs.ConceptName</classname>
      <dateChanged id="291">2020-01-29 21:58:14</dateChanged>
    </org.openmrs.module.metadatasharing.Item>
    <org.openmrs.module.metadatasharing.Item id="292" uuid="263e90a7-7beb-4d82-b1de-ee0bc4dcb68f">
      <id>18229</id>
      <classname>org.openmrs.ConceptDescription</classname>
      <dateChanged id="293">2020-01-29 21:58:14</dateChanged>
    </org.openmrs.module.metadatasharing.Item>
    <org.openmrs.module.metadatasharing.Item id="294" uuid="c302f6c3-f979-436e-8cdf-477ce4022735">
      <id>18234</id>
      <classname>org.openmrs.ConceptDescription</classname>
      <dateChanged id="295">2020-01-29 22:15:27</dateChanged>
    </org.openmrs.module.metadatasharing.Item>
    <org.openmrs.module.metadatasharing.Item id="296" uuid="d0e3c4de-6407-4383-863a-731c604121e1">
      <id>142254</id>
      <classname>org.openmrs.ConceptName</classname>
      <dateChanged id="297">2020-01-29 22:18:46</dateChanged>
    </org.openmrs.module.metadatasharing.Item>
    <org.openmrs.module.metadatasharing.Item id="298" uuid="4e4e3d59-9e51-4a5e-b4d9-efd65d380b3f">
      <id>142255</id>
      <classname>org.openmrs.ConceptName</classname>
      <dateChanged id="299">2020-01-29 22:18:46</dateChanged>
    </org.openmrs.module.metadatasharing.Item>
    <org.openmrs.module.metadatasharing.Item id="300" uuid="44aeeb5a-53b5-43f7-b6be-355e3f0030bb">
      <id>2600</id>
      <classname>org.openmrs.ConceptSet</classname>
      <dateChanged id="301">2020-01-29 22:18:46</dateChanged>
    </org.openmrs.module.metadatasharing.Item>
    <org.openmrs.module.metadatasharing.Item id="302" uuid="cf152a74-ad36-4dde-833e-f2c1c8cb6ed5">
      <id>142252</id>
      <classname>org.openmrs.ConceptName</classname>
      <dateChanged id="303">2020-01-29 22:06:35</dateChanged>
    </org.openmrs.module.metadatasharing.Item>
    <org.openmrs.module.metadatasharing.Item id="304" uuid="92720ae2-530e-436d-b7b5-4bd09742fd81">
      <id>142253</id>
      <classname>org.openmrs.ConceptName</classname>
      <dateChanged id="305">2020-01-29 22:06:35</dateChanged>
    </org.openmrs.module.metadatasharing.Item>
    <org.openmrs.module.metadatasharing.Item id="306" uuid="99051a20-782b-49f8-8de7-469241f3228d">
      <id>18236</id>
      <classname>org.openmrs.ConceptDescription</classname>
      <dateChanged id="307">2020-01-29 22:06:35</dateChanged>
    </org.openmrs.module.metadatasharing.Item>
    <org.openmrs.module.metadatasharing.Item id="308" uuid="9b26aba9-e410-4346-bf38-249f2975c75b">
      <id>2598</id>
      <classname>org.openmrs.ConceptSet</classname>
      <dateChanged id="309">2020-01-29 22:18:46</dateChanged>
    </org.openmrs.module.metadatasharing.Item>
    <org.openmrs.module.metadatasharing.Item id="310" uuid="2dd694e3-8ff0-4f0f-baef-2556e89ebd97">
      <id>2599</id>
      <classname>org.openmrs.ConceptSet</classname>
      <dateChanged id="311">2020-01-29 22:18:46</dateChanged>
    </org.openmrs.module.metadatasharing.Item>
    <org.openmrs.module.metadatasharing.Item id="312" uuid="ee3828b0-1cb3-488d-8867-6ec63856ebf3">
      <id>142250</id>
      <classname>org.openmrs.ConceptName</classname>
      <dateChanged id="313">2020-01-29 22:07:26</dateChanged>
    </org.openmrs.module.metadatasharing.Item>
    <org.openmrs.module.metadatasharing.Item id="314" uuid="90bbd627-1360-41d7-907a-a41c11f2495e">
      <id>142251</id>
      <classname>org.openmrs.ConceptName</classname>
      <dateChanged id="315">2020-01-29 22:07:26</dateChanged>
    </org.openmrs.module.metadatasharing.Item>
    <org.openmrs.module.metadatasharing.Item id="316" uuid="c4d9ed39-fec0-4162-9407-ab4b254c9a61">
      <id>18235</id>
      <classname>org.openmrs.ConceptDescription</classname>
      <dateChanged id="317">2020-01-29 22:07:26</dateChanged>
    </org.openmrs.module.metadatasharing.Item>
    <org.openmrs.module.metadatasharing.Item id="318" uuid="9e6c63bb-ac14-4980-bc43-2af94a954184">
      <id>18237</id>
      <classname>org.openmrs.ConceptDescription</classname>
      <dateChanged id="319">2020-01-29 22:18:46</dateChanged>
    </org.openmrs.module.metadatasharing.Item>
    <org.openmrs.module.metadatasharing.Item id="320" uuid="0bb978fc-759d-4a34-acc0-0677f619a47f">
      <id>142256</id>
      <classname>org.openmrs.ConceptName</classname>
      <dateChanged id="321">2020-01-29 22:10:26</dateChanged>
    </org.openmrs.module.metadatasharing.Item>
    <org.openmrs.module.metadatasharing.Item id="322" uuid="4d9d828d-13b0-4a3d-9594-4cf0e9c43b79">
      <id>142257</id>
      <classname>org.openmrs.ConceptName</classname>
      <dateChanged id="323">2020-01-29 22:10:26</dateChanged>
    </org.openmrs.module.metadatasharing.Item>
    <org.openmrs.module.metadatasharing.Item id="324" uuid="321c1a43-d383-4b69-8482-00e12fb17fa6">
      <id>18238</id>
      <classname>org.openmrs.ConceptDescription</classname>
      <dateChanged id="325">2020-01-29 22:10:26</dateChanged>
    </org.openmrs.module.metadatasharing.Item>
    <org.openmrs.module.metadatasharing.Item id="326" uuid="d311f906-9e69-49b3-9683-54b818ba9d57">
      <id>142258</id>
      <classname>org.openmrs.ConceptName</classname>
      <dateChanged id="327">2020-01-29 22:03:22</dateChanged>
    </org.openmrs.module.metadatasharing.Item>
    <org.openmrs.module.metadatasharing.Item id="328" uuid="b80f0c7f-2a6b-49c7-b3c1-f4472e21a2d3">
      <id>142259</id>
      <classname>org.openmrs.ConceptName</classname>
      <dateChanged id="329">2020-01-29 22:03:22</dateChanged>
    </org.openmrs.module.metadatasharing.Item>
    <org.openmrs.module.metadatasharing.Item id="330" uuid="90170c81-ab66-400a-88f1-abdaafc717ec">
      <id>18239</id>
      <classname>org.openmrs.ConceptDescription</classname>
      <dateChanged id="331">2020-01-29 22:03:22</dateChanged>
    </org.openmrs.module.metadatasharing.Item>
    <org.openmrs.module.metadatasharing.Item id="332" uuid="e8e78ed4-97b4-4d26-91e8-90ef4136a15b">
      <id>142320</id>
      <classname>org.openmrs.ConceptName</classname>
      <dateChanged id="333">2020-01-30 08:36:02</dateChanged>
    </org.openmrs.module.metadatasharing.Item>
    <org.openmrs.module.metadatasharing.Item id="334" uuid="67d0e0a9-b90e-45a1-a629-d3cec3476c29">
      <id>142321</id>
      <classname>org.openmrs.ConceptName</classname>
      <dateChanged id="335">2020-01-30 08:36:02</dateChanged>
    </org.openmrs.module.metadatasharing.Item>
    <org.openmrs.module.metadatasharing.Item id="336" uuid="24b57ee4-ff15-493c-b0b3-94d22c250ef8">
      <id>18268</id>
      <classname>org.openmrs.ConceptDescription</classname>
      <dateChanged id="337">2020-01-30 08:36:02</dateChanged>
    </org.openmrs.module.metadatasharing.Item>
    <org.openmrs.module.metadatasharing.Item id="338" uuid="185a4274-c962-4be8-a840-0cca77996016">
      <id>142314</id>
      <classname>org.openmrs.ConceptName</classname>
      <dateChanged id="339">2020-01-30 08:35:04</dateChanged>
    </org.openmrs.module.metadatasharing.Item>
    <org.openmrs.module.metadatasharing.Item id="340" uuid="b2dc5821-3d66-4725-8abb-d000770a0d18">
      <id>142315</id>
      <classname>org.openmrs.ConceptName</classname>
      <dateChanged id="341">2020-01-30 08:35:04</dateChanged>
    </org.openmrs.module.metadatasharing.Item>
    <org.openmrs.module.metadatasharing.Item id="342" uuid="9ae54412-df8f-4c11-9dcc-1cace1aacefb">
      <id>18265</id>
      <classname>org.openmrs.ConceptDescription</classname>
      <dateChanged id="343">2020-01-30 08:35:04</dateChanged>
    </org.openmrs.module.metadatasharing.Item>
    <org.openmrs.module.metadatasharing.Item id="344" uuid="1d891cec-a5df-45e5-87c9-5eba6aa1f6ac">
      <id>142264</id>
      <classname>org.openmrs.ConceptName</classname>
      <dateChanged id="345">2020-01-29 22:08:22</dateChanged>
    </org.openmrs.module.metadatasharing.Item>
    <org.openmrs.module.metadatasharing.Item id="346" uuid="3ed194f7-6107-4487-b400-5f0e3f36c8a3">
      <id>142265</id>
      <classname>org.openmrs.ConceptName</classname>
      <dateChanged id="347">2020-01-29 22:08:22</dateChanged>
    </org.openmrs.module.metadatasharing.Item>
    <org.openmrs.module.metadatasharing.Item id="348" uuid="6ab53423-4310-4479-915f-c1c8856678b4">
      <id>18242</id>
      <classname>org.openmrs.ConceptDescription</classname>
      <dateChanged id="349">2020-01-29 22:08:22</dateChanged>
    </org.openmrs.module.metadatasharing.Item>
    <org.openmrs.module.metadatasharing.Item id="350" uuid="2857f151-6ea6-4530-a950-921ddd0e7489">
      <id>142284</id>
      <classname>org.openmrs.ConceptName</classname>
      <dateChanged id="351">2020-01-29 22:17:12</dateChanged>
    </org.openmrs.module.metadatasharing.Item>
    <org.openmrs.module.metadatasharing.Item id="352" uuid="878e8c73-c22f-497f-a7d6-bf8116c7e06b">
      <id>142285</id>
      <classname>org.openmrs.ConceptName</classname>
      <dateChanged id="353">2020-01-29 22:17:12</dateChanged>
    </org.openmrs.module.metadatasharing.Item>
    <org.openmrs.module.metadatasharing.Item id="354" uuid="2a59e42c-0b89-477b-bfa1-a658482a9549">
      <id>2614</id>
      <classname>org.openmrs.ConceptSet</classname>
      <dateChanged id="355">2020-01-29 22:17:12</dateChanged>
    </org.openmrs.module.metadatasharing.Item>
    <org.openmrs.module.metadatasharing.Item id="356" uuid="76657289-f3b5-4d5b-b966-3f66bbf96786">
      <id>142272</id>
      <classname>org.openmrs.ConceptName</classname>
      <dateChanged id="357">2020-01-29 22:00:29</dateChanged>
    </org.openmrs.module.metadatasharing.Item>
    <org.openmrs.module.metadatasharing.Item id="358" uuid="bdf8fde5-489e-4421-9afd-bb8f402687cb">
      <id>142273</id>
      <classname>org.openmrs.ConceptName</classname>
      <dateChanged id="359">2020-01-29 22:00:29</dateChanged>
    </org.openmrs.module.metadatasharing.Item>
    <org.openmrs.module.metadatasharing.Item id="360" uuid="c0d53944-44f0-4278-9054-45085f2bb234">
      <id>18246</id>
      <classname>org.openmrs.ConceptDescription</classname>
      <dateChanged id="361">2020-01-29 22:00:29</dateChanged>
    </org.openmrs.module.metadatasharing.Item>
    <org.openmrs.module.metadatasharing.Item id="362" uuid="15519f2f-b5ff-41c2-b220-5795fc1f2327">
      <id>2612</id>
      <classname>org.openmrs.ConceptSet</classname>
      <dateChanged id="363">2020-01-29 22:17:12</dateChanged>
    </org.openmrs.module.metadatasharing.Item>
    <org.openmrs.module.metadatasharing.Item id="364" uuid="d0540613-11a4-46c4-b7d9-47bb94c3041a">
      <id>2617</id>
      <classname>org.openmrs.ConceptSet</classname>
      <dateChanged id="365">2020-01-29 22:17:12</dateChanged>
    </org.openmrs.module.metadatasharing.Item>
    <org.openmrs.module.metadatasharing.Item id="366" uuid="4b34e11a-e993-4181-a4cd-9d6b061d8848">
      <id>142282</id>
      <classname>org.openmrs.ConceptName</classname>
      <dateChanged id="367">2020-01-29 22:03:50</dateChanged>
    </org.openmrs.module.metadatasharing.Item>
    <org.openmrs.module.metadatasharing.Item id="368" uuid="b823878a-c50d-4f46-82c5-a13a1310f7e2">
      <id>142283</id>
      <classname>org.openmrs.ConceptName</classname>
      <dateChanged id="369">2020-01-29 22:03:50</dateChanged>
    </org.openmrs.module.metadatasharing.Item>
    <org.openmrs.module.metadatasharing.Item id="370" uuid="ab0a9c37-6296-4a23-9fc9-224cce7f5a42">
      <id>18251</id>
      <classname>org.openmrs.ConceptDescription</classname>
      <dateChanged id="371">2020-01-29 22:03:50</dateChanged>
    </org.openmrs.module.metadatasharing.Item>
    <org.openmrs.module.metadatasharing.Item id="372" uuid="d417359e-3497-4b3b-af32-01c768ca4276">
      <id>2618</id>
      <classname>org.openmrs.ConceptSet</classname>
      <dateChanged id="373">2020-01-29 22:17:12</dateChanged>
    </org.openmrs.module.metadatasharing.Item>
    <org.openmrs.module.metadatasharing.Item id="374" uuid="f1133fea-b1b5-4f2f-92f8-9d2ddb68c6a1">
      <id>142232</id>
      <classname>org.openmrs.ConceptName</classname>
      <dateChanged id="375">2020-01-29 22:04:15</dateChanged>
    </org.openmrs.module.metadatasharing.Item>
    <org.openmrs.module.metadatasharing.Item id="376" uuid="358728a0-5c57-455c-aef7-bffac6740efc">
      <id>142233</id>
      <classname>org.openmrs.ConceptName</classname>
      <dateChanged id="377">2020-01-29 22:04:15</dateChanged>
    </org.openmrs.module.metadatasharing.Item>
    <org.openmrs.module.metadatasharing.Item id="378" uuid="1089b761-6164-4187-bee8-82884261d90f">
      <id>18226</id>
      <classname>org.openmrs.ConceptDescription</classname>
      <dateChanged id="379">2020-01-29 22:04:15</dateChanged>
    </org.openmrs.module.metadatasharing.Item>
    <org.openmrs.module.metadatasharing.Item id="380" uuid="bebc7ab8-9fc7-451f-a02b-8f0eab2457eb">
      <id>2616</id>
      <classname>org.openmrs.ConceptSet</classname>
      <dateChanged id="381">2020-01-29 22:17:12</dateChanged>
    </org.openmrs.module.metadatasharing.Item>
    <org.openmrs.module.metadatasharing.Item id="382" uuid="fde7303a-67ee-42da-894c-afed6b80f767">
      <id>142280</id>
      <classname>org.openmrs.ConceptName</classname>
      <dateChanged id="383">2020-01-29 22:04:36</dateChanged>
    </org.openmrs.module.metadatasharing.Item>
    <org.openmrs.module.metadatasharing.Item id="384" uuid="f3b2f843-8549-4024-88b4-326449200515">
      <id>142281</id>
      <classname>org.openmrs.ConceptName</classname>
      <dateChanged id="385">2020-01-29 22:04:36</dateChanged>
    </org.openmrs.module.metadatasharing.Item>
    <org.openmrs.module.metadatasharing.Item id="386" uuid="f3481ac2-06a5-440b-9e8b-2ec0010cf55d">
      <id>18250</id>
      <classname>org.openmrs.ConceptDescription</classname>
      <dateChanged id="387">2020-01-29 22:04:36</dateChanged>
    </org.openmrs.module.metadatasharing.Item>
    <org.openmrs.module.metadatasharing.Item id="388" uuid="78ebc452-e82c-45e4-8202-07ac558e5282">
      <id>2615</id>
      <classname>org.openmrs.ConceptSet</classname>
      <dateChanged id="389">2020-01-29 22:17:12</dateChanged>
    </org.openmrs.module.metadatasharing.Item>
    <org.openmrs.module.metadatasharing.Item id="390" uuid="e86584d5-6ed1-47a3-8709-3d1343744fc1">
      <id>142278</id>
      <classname>org.openmrs.ConceptName</classname>
      <dateChanged id="391">2020-01-29 22:04:57</dateChanged>
    </org.openmrs.module.metadatasharing.Item>
    <org.openmrs.module.metadatasharing.Item id="392" uuid="824af889-105d-4fe8-8d68-dcff6db5a49d">
      <id>142279</id>
      <classname>org.openmrs.ConceptName</classname>
      <dateChanged id="393">2020-01-29 22:04:57</dateChanged>
    </org.openmrs.module.metadatasharing.Item>
    <org.openmrs.module.metadatasharing.Item id="394" uuid="6d7527a4-cc14-4400-8c69-39c00f6deff6">
      <id>18249</id>
      <classname>org.openmrs.ConceptDescription</classname>
      <dateChanged id="395">2020-01-29 22:04:57</dateChanged>
    </org.openmrs.module.metadatasharing.Item>
    <org.openmrs.module.metadatasharing.Item id="396" uuid="ccc6c6fa-69a9-4f98-a490-b3e77297f410">
      <id>2613</id>
      <classname>org.openmrs.ConceptSet</classname>
      <dateChanged id="397">2020-01-29 22:17:12</dateChanged>
    </org.openmrs.module.metadatasharing.Item>
    <org.openmrs.module.metadatasharing.Item id="398" uuid="c101bda8-88db-4399-ae3e-be27b98d62b4">
      <id>142222</id>
      <classname>org.openmrs.ConceptName</classname>
      <dateChanged id="399">2020-01-29 22:05:18</dateChanged>
    </org.openmrs.module.metadatasharing.Item>
    <org.openmrs.module.metadatasharing.Item id="400" uuid="a013e477-ad22-4cab-8310-75458fd97e57">
      <id>142223</id>
      <classname>org.openmrs.ConceptName</classname>
      <dateChanged id="401">2020-01-29 22:05:18</dateChanged>
    </org.openmrs.module.metadatasharing.Item>
    <org.openmrs.module.metadatasharing.Item id="402" uuid="b835dab8-cb8c-4701-9203-aff43d757a71">
      <id>18221</id>
      <classname>org.openmrs.ConceptDescription</classname>
      <dateChanged id="403">2020-01-29 22:05:18</dateChanged>
    </org.openmrs.module.metadatasharing.Item>
    <org.openmrs.module.metadatasharing.Item id="404" uuid="3137275a-b2d9-4c3b-ba1b-c9a2bf5500cb">
      <id>2611</id>
      <classname>org.openmrs.ConceptSet</classname>
      <dateChanged id="405">2020-01-29 22:17:12</dateChanged>
    </org.openmrs.module.metadatasharing.Item>
    <org.openmrs.module.metadatasharing.Item id="406" uuid="c91d8d40-fff4-4fe7-bc7b-4be33c3c17cd">
      <id>142276</id>
      <classname>org.openmrs.ConceptName</classname>
      <dateChanged id="407">2020-01-29 22:05:47</dateChanged>
    </org.openmrs.module.metadatasharing.Item>
    <org.openmrs.module.metadatasharing.Item id="408" uuid="19033279-690b-4c1c-a46d-60c971483cc4">
      <id>142277</id>
      <classname>org.openmrs.ConceptName</classname>
      <dateChanged id="409">2020-01-29 22:05:47</dateChanged>
    </org.openmrs.module.metadatasharing.Item>
    <org.openmrs.module.metadatasharing.Item id="410" uuid="2387624b-418f-43ef-bcde-fad57d4a7a4f">
      <id>18248</id>
      <classname>org.openmrs.ConceptDescription</classname>
      <dateChanged id="411">2020-01-29 22:05:47</dateChanged>
    </org.openmrs.module.metadatasharing.Item>
    <org.openmrs.module.metadatasharing.Item id="412" uuid="cd95ef01-0bf6-4d98-8c53-6dc5da149a81">
      <id>18252</id>
      <classname>org.openmrs.ConceptDescription</classname>
      <dateChanged id="413">2020-01-29 22:17:12</dateChanged>
    </org.openmrs.module.metadatasharing.Item>
    <org.openmrs.module.metadatasharing.Item id="414" uuid="f1a66173-a00d-4bb5-8576-13a31b199889">
      <id>142262</id>
      <classname>org.openmrs.ConceptName</classname>
      <dateChanged id="415">2020-01-29 22:11:55</dateChanged>
    </org.openmrs.module.metadatasharing.Item>
    <org.openmrs.module.metadatasharing.Item id="416" uuid="b703fe62-301c-497e-be5e-966dc362a141">
      <id>142263</id>
      <classname>org.openmrs.ConceptName</classname>
      <dateChanged id="417">2020-01-29 22:11:55</dateChanged>
    </org.openmrs.module.metadatasharing.Item>
    <org.openmrs.module.metadatasharing.Item id="418" uuid="350d5e5b-903c-4c71-918f-52abf0c3449f">
      <id>18241</id>
      <classname>org.openmrs.ConceptDescription</classname>
      <dateChanged id="419">2020-01-29 22:11:55</dateChanged>
    </org.openmrs.module.metadatasharing.Item>
    <org.openmrs.module.metadatasharing.Item id="420" uuid="37798f77-1039-46d6-a902-ecc968b3683b">
      <id>142286</id>
      <classname>org.openmrs.ConceptName</classname>
      <dateChanged id="421">2020-01-29 22:17:55</dateChanged>
    </org.openmrs.module.metadatasharing.Item>
    <org.openmrs.module.metadatasharing.Item id="422" uuid="1ad4fae9-9c17-4bc0-86ec-7223318acd0a">
      <id>142287</id>
      <classname>org.openmrs.ConceptName</classname>
      <dateChanged id="423">2020-01-29 22:17:55</dateChanged>
    </org.openmrs.module.metadatasharing.Item>
    <org.openmrs.module.metadatasharing.Item id="424" uuid="bdfe7d63-5fd2-4a0b-9746-0317b909f8be">
      <id>2619</id>
      <classname>org.openmrs.ConceptSet</classname>
      <dateChanged id="425">2020-01-29 22:17:55</dateChanged>
    </org.openmrs.module.metadatasharing.Item>
    <org.openmrs.module.metadatasharing.Item id="426" uuid="69bde9f4-4ee9-4b7f-b93e-9e06c7b1eb7e">
      <id>142274</id>
      <classname>org.openmrs.ConceptName</classname>
      <dateChanged id="427">2020-01-29 22:06:11</dateChanged>
    </org.openmrs.module.metadatasharing.Item>
    <org.openmrs.module.metadatasharing.Item id="428" uuid="f3ab8b5f-ee61-4efc-9241-fe4277010fbe">
      <id>142275</id>
      <classname>org.openmrs.ConceptName</classname>
      <dateChanged id="429">2020-01-29 22:06:11</dateChanged>
    </org.openmrs.module.metadatasharing.Item>
    <org.openmrs.module.metadatasharing.Item id="430" uuid="ca977c4d-9c80-402a-9bd5-46b39cc7e379">
      <id>18247</id>
      <classname>org.openmrs.ConceptDescription</classname>
      <dateChanged id="431">2020-01-29 22:06:11</dateChanged>
    </org.openmrs.module.metadatasharing.Item>
    <org.openmrs.module.metadatasharing.Item id="432" uuid="4c76c6a4-6ceb-4979-b9db-2121cda9623a">
      <id>18253</id>
      <classname>org.openmrs.ConceptDescription</classname>
      <dateChanged id="433">2020-01-29 22:17:55</dateChanged>
    </org.openmrs.module.metadatasharing.Item>
    <org.openmrs.module.metadatasharing.Item id="434" uuid="5f21cd22-e60b-438f-9742-a19b088601a4">
      <id>142266</id>
      <classname>org.openmrs.ConceptName</classname>
      <dateChanged id="435">2020-01-29 22:09:28</dateChanged>
    </org.openmrs.module.metadatasharing.Item>
    <org.openmrs.module.metadatasharing.Item id="436" uuid="bdd0fe7e-07e3-4cf6-9d08-f1001c80f1bc">
      <id>142267</id>
      <classname>org.openmrs.ConceptName</classname>
      <dateChanged id="437">2020-01-29 22:09:28</dateChanged>
    </org.openmrs.module.metadatasharing.Item>
    <org.openmrs.module.metadatasharing.Item id="438" uuid="02b54a1f-f09f-4283-b55e-ef3b4a83021c">
      <id>18243</id>
      <classname>org.openmrs.ConceptDescription</classname>
      <dateChanged id="439">2020-01-29 22:09:28</dateChanged>
    </org.openmrs.module.metadatasharing.Item>
    <org.openmrs.module.metadatasharing.Item id="440" uuid="3b9380b2-b149-4374-8609-719dab31ee28">
      <id>142316</id>
      <classname>org.openmrs.ConceptName</classname>
      <dateChanged id="441">2020-01-30 08:35:22</dateChanged>
    </org.openmrs.module.metadatasharing.Item>
    <org.openmrs.module.metadatasharing.Item id="442" uuid="1a5d8a5f-dd2b-4dc2-bfde-2ca91ee4d730">
      <id>142317</id>
      <classname>org.openmrs.ConceptName</classname>
      <dateChanged id="443">2020-01-30 08:35:22</dateChanged>
    </org.openmrs.module.metadatasharing.Item>
    <org.openmrs.module.metadatasharing.Item id="444" uuid="72830d6d-743d-4620-8e89-12e8439abea2">
      <id>18266</id>
      <classname>org.openmrs.ConceptDescription</classname>
      <dateChanged id="445">2020-01-30 08:35:22</dateChanged>
    </org.openmrs.module.metadatasharing.Item>
    <org.openmrs.module.metadatasharing.Item id="446" uuid="3d9d3587-7cc4-44b5-8433-5336669e59bb">
      <id>142300</id>
      <classname>org.openmrs.ConceptName</classname>
      <dateChanged id="447">2020-01-30 08:28:58</dateChanged>
    </org.openmrs.module.metadatasharing.Item>
    <org.openmrs.module.metadatasharing.Item id="448" uuid="a10f845f-7f77-41ae-a838-37b075844a98">
      <id>142304</id>
      <classname>org.openmrs.ConceptName</classname>
      <dateChanged id="449">2020-01-30 08:28:58</dateChanged>
    </org.openmrs.module.metadatasharing.Item>
    <org.openmrs.module.metadatasharing.Item id="450" uuid="7e1cd4e2-9333-4338-a3be-8cc8e7d7a6eb">
      <id>142301</id>
      <classname>org.openmrs.ConceptName</classname>
      <dateChanged id="451">2020-01-30 08:28:58</dateChanged>
    </org.openmrs.module.metadatasharing.Item>
    <org.openmrs.module.metadatasharing.Item id="452" uuid="61f56c33-07fa-4520-9546-e188278e807d">
      <id>142305</id>
      <classname>org.openmrs.ConceptName</classname>
      <dateChanged id="453">2020-01-30 08:28:58</dateChanged>
    </org.openmrs.module.metadatasharing.Item>
    <org.openmrs.module.metadatasharing.Item id="454" uuid="1f5ef66c-c725-4b78-8716-e335a7809143">
      <id>2620</id>
      <classname>org.openmrs.ConceptSet</classname>
      <dateChanged id="455">2020-01-30 08:25:54</dateChanged>
    </org.openmrs.module.metadatasharing.Item>
    <org.openmrs.module.metadatasharing.Item id="456" uuid="09906f70-d12f-4bc1-8f8c-606ccf602d48">
      <id>18260</id>
      <classname>org.openmrs.ConceptDescription</classname>
      <dateChanged id="457">2020-01-30 08:25:54</dateChanged>
    </org.openmrs.module.metadatasharing.Item>
    <org.openmrs.module.metadatasharing.Item id="458" uuid="df91303b-c25e-4295-8b27-aefc71626697">
      <id>142216</id>
      <classname>org.openmrs.ConceptName</classname>
      <dateChanged id="459">2020-01-29 22:07:53</dateChanged>
    </org.openmrs.module.metadatasharing.Item>
    <org.openmrs.module.metadatasharing.Item id="460" uuid="5d9fc936-099a-4076-b5b3-a77760d05b2c">
      <id>142217</id>
      <classname>org.openmrs.ConceptName</classname>
      <dateChanged id="461">2020-01-29 22:07:53</dateChanged>
    </org.openmrs.module.metadatasharing.Item>
    <org.openmrs.module.metadatasharing.Item id="462" uuid="7f44cb5d-5902-468c-a37c-2aeeeecfb902">
      <id>18218</id>
      <classname>org.openmrs.ConceptDescription</classname>
      <dateChanged id="463">2020-01-29 22:07:53</dateChanged>
    </org.openmrs.module.metadatasharing.Item>
    <org.openmrs.module.metadatasharing.Item id="464" uuid="c9e40c08-bcd1-40dc-bc17-4d86a093c2c6">
      <id>142226</id>
      <classname>org.openmrs.ConceptName</classname>
      <dateChanged id="465">2020-01-29 22:11:32</dateChanged>
    </org.openmrs.module.metadatasharing.Item>
    <org.openmrs.module.metadatasharing.Item id="466" uuid="f47590f6-2fd8-4c6c-842b-90ce29078fd8">
      <id>142227</id>
      <classname>org.openmrs.ConceptName</classname>
      <dateChanged id="467">2020-01-29 22:11:32</dateChanged>
    </org.openmrs.module.metadatasharing.Item>
    <org.openmrs.module.metadatasharing.Item id="468" uuid="e9d8f7fb-cddb-46a8-bdc6-9040a611096d">
      <id>18223</id>
      <classname>org.openmrs.ConceptDescription</classname>
      <dateChanged id="469">2020-01-29 22:11:32</dateChanged>
    </org.openmrs.module.metadatasharing.Item>
    <org.openmrs.module.metadatasharing.Item id="470" uuid="9c4f0a2e-b269-4c53-9499-e01973769781">
      <id>142260</id>
      <classname>org.openmrs.ConceptName</classname>
      <dateChanged id="471">2020-01-29 22:09:09</dateChanged>
    </org.openmrs.module.metadatasharing.Item>
    <org.openmrs.module.metadatasharing.Item id="472" uuid="1a4dc68d-f088-4eaa-b949-19525da7697a">
      <id>142261</id>
      <classname>org.openmrs.ConceptName</classname>
      <dateChanged id="473">2020-01-29 22:09:09</dateChanged>
    </org.openmrs.module.metadatasharing.Item>
    <org.openmrs.module.metadatasharing.Item id="474" uuid="c312fee7-52ed-4a18-939a-9f7a1a56d63a">
      <id>18240</id>
      <classname>org.openmrs.ConceptDescription</classname>
      <dateChanged id="475">2020-01-29 22:09:09</dateChanged>
    </org.openmrs.module.metadatasharing.Item>
    <org.openmrs.module.metadatasharing.Item id="476" uuid="e79da636-ed64-44a3-bca5-895c052cebe6">
      <id>142306</id>
      <classname>org.openmrs.ConceptName</classname>
      <dateChanged id="477">2020-01-30 08:29:25</dateChanged>
    </org.openmrs.module.metadatasharing.Item>
    <org.openmrs.module.metadatasharing.Item id="478" uuid="50cdc065-9e7e-4849-ab66-57f79046f745">
      <id>142307</id>
      <classname>org.openmrs.ConceptName</classname>
      <dateChanged id="479">2020-01-30 08:29:25</dateChanged>
    </org.openmrs.module.metadatasharing.Item>
    <org.openmrs.module.metadatasharing.Item id="480" uuid="030eac5e-1662-418e-95e4-a72a24125a37">
      <id>142270</id>
      <classname>org.openmrs.ConceptName</classname>
      <dateChanged id="481">2020-01-30 08:29:25</dateChanged>
    </org.openmrs.module.metadatasharing.Item>
    <org.openmrs.module.metadatasharing.Item id="482" uuid="661108c5-5198-4a6c-af56-6ad44cbe0f8f">
      <id>142271</id>
      <classname>org.openmrs.ConceptName</classname>
      <dateChanged id="483">2020-01-30 08:29:25</dateChanged>
    </org.openmrs.module.metadatasharing.Item>
    <org.openmrs.module.metadatasharing.Item id="484" uuid="1770bc36-bd02-4bbc-a9d5-fc80e37a429d">
      <id>2609</id>
      <classname>org.openmrs.ConceptSet</classname>
      <dateChanged id="485">2020-01-29 22:21:47</dateChanged>
    </org.openmrs.module.metadatasharing.Item>
    <org.openmrs.module.metadatasharing.Item id="486" uuid="84c6bd8a-aca4-4c60-82fe-31fe5cfd9a5e">
      <id>2603</id>
      <classname>org.openmrs.ConceptSet</classname>
      <dateChanged id="487">2020-01-29 22:21:47</dateChanged>
    </org.openmrs.module.metadatasharing.Item>
    <org.openmrs.module.metadatasharing.Item id="488" uuid="815d1ba1-66ab-47ec-90ab-a7dc081bbeaf">
      <id>2607</id>
      <classname>org.openmrs.ConceptSet</classname>
      <dateChanged id="489">2020-01-29 22:21:47</dateChanged>
    </org.openmrs.module.metadatasharing.Item>
    <org.openmrs.module.metadatasharing.Item id="490" uuid="ce8ea61a-3f1e-4fb4-8c91-afeaf9c63c15">
      <id>2610</id>
      <classname>org.openmrs.ConceptSet</classname>
      <dateChanged id="491">2020-01-29 22:21:47</dateChanged>
    </org.openmrs.module.metadatasharing.Item>
    <org.openmrs.module.metadatasharing.Item id="492" uuid="651c7f21-e5c7-4f12-be0b-0b56061d1672">
      <id>2605</id>
      <classname>org.openmrs.ConceptSet</classname>
      <dateChanged id="493">2020-01-29 22:21:47</dateChanged>
    </org.openmrs.module.metadatasharing.Item>
    <org.openmrs.module.metadatasharing.Item id="494" uuid="43e9abf1-e498-4906-a03a-a46642423a98">
      <id>2608</id>
      <classname>org.openmrs.ConceptSet</classname>
      <dateChanged id="495">2020-01-29 22:21:47</dateChanged>
    </org.openmrs.module.metadatasharing.Item>
    <org.openmrs.module.metadatasharing.Item id="496" uuid="bef756b0-c604-4d22-ae12-ebfe8e4262ee">
      <id>142268</id>
      <classname>org.openmrs.ConceptName</classname>
      <dateChanged id="497">2020-01-29 22:10:08</dateChanged>
    </org.openmrs.module.metadatasharing.Item>
    <org.openmrs.module.metadatasharing.Item id="498" uuid="09a2813a-5e56-48f0-8f9e-8eeca22f8d22">
      <id>142269</id>
      <classname>org.openmrs.ConceptName</classname>
      <dateChanged id="499">2020-01-29 22:10:08</dateChanged>
    </org.openmrs.module.metadatasharing.Item>
    <org.openmrs.module.metadatasharing.Item id="500" uuid="1b7ecd66-af6a-44bb-a311-b7ec51d328c0">
      <id>18244</id>
      <classname>org.openmrs.ConceptDescription</classname>
      <dateChanged id="501">2020-01-29 22:10:08</dateChanged>
    </org.openmrs.module.metadatasharing.Item>
    <org.openmrs.module.metadatasharing.Item id="502" uuid="5b34c7b7-6606-4aee-9bc3-3ea5d3b88d46">
      <id>2604</id>
      <classname>org.openmrs.ConceptSet</classname>
      <dateChanged id="503">2020-01-29 22:21:47</dateChanged>
    </org.openmrs.module.metadatasharing.Item>
    <org.openmrs.module.metadatasharing.Item id="504" uuid="7ebf2fed-e1da-4614-a630-a7493d3c0299">
      <id>2606</id>
      <classname>org.openmrs.ConceptSet</classname>
      <dateChanged id="505">2020-01-29 22:21:47</dateChanged>
    </org.openmrs.module.metadatasharing.Item>
    <org.openmrs.module.metadatasharing.Item id="506" uuid="410bc3dc-c098-48b5-a64d-97355840aee8">
      <id>2601</id>
      <classname>org.openmrs.ConceptSet</classname>
      <dateChanged id="507">2020-01-29 22:21:47</dateChanged>
    </org.openmrs.module.metadatasharing.Item>
    <org.openmrs.module.metadatasharing.Item id="508" uuid="2be45ca9-a9b2-4772-a2b1-9b5a09dbc07b">
      <id>2602</id>
      <classname>org.openmrs.ConceptSet</classname>
      <dateChanged id="509">2020-01-29 22:21:47</dateChanged>
    </org.openmrs.module.metadatasharing.Item>
    <org.openmrs.module.metadatasharing.Item id="510" uuid="cb82d2cb-39f5-4c2a-ae73-505edbe45eea">
      <id>18245</id>
      <classname>org.openmrs.ConceptDescription</classname>
      <dateChanged id="511">2020-01-29 22:21:47</dateChanged>
    </org.openmrs.module.metadatasharing.Item>
    <org.openmrs.module.metadatasharing.Item id="512" uuid="52eb8c90-3e5c-4044-b27c-6529f6eb68bd">
      <id>142312</id>
      <classname>org.openmrs.ConceptName</classname>
      <dateChanged id="513">2020-01-30 08:34:44</dateChanged>
    </org.openmrs.module.metadatasharing.Item>
    <org.openmrs.module.metadatasharing.Item id="514" uuid="aa7afd20-019c-4923-b58f-f596a47f6ece">
      <id>142313</id>
      <classname>org.openmrs.ConceptName</classname>
      <dateChanged id="515">2020-01-30 08:34:44</dateChanged>
    </org.openmrs.module.metadatasharing.Item>
    <org.openmrs.module.metadatasharing.Item id="516" uuid="e76f3647-3b46-4028-90dc-8b5a3b790433">
      <id>18264</id>
      <classname>org.openmrs.ConceptDescription</classname>
      <dateChanged id="517">2020-01-30 08:34:44</dateChanged>
    </org.openmrs.module.metadatasharing.Item>
    <org.openmrs.module.metadatasharing.Item id="518" uuid="b4fa6342-5283-4eb1-80c3-aebf8d29431b">
      <id>142324</id>
      <classname>org.openmrs.ConceptName</classname>
      <dateChanged id="519">2020-01-30 08:37:13</dateChanged>
    </org.openmrs.module.metadatasharing.Item>
    <org.openmrs.module.metadatasharing.Item id="520" uuid="08396b41-69bb-4bb2-a371-291ce0c47b07">
      <id>142325</id>
      <classname>org.openmrs.ConceptName</classname>
      <dateChanged id="521">2020-01-30 08:37:13</dateChanged>
    </org.openmrs.module.metadatasharing.Item>
    <org.openmrs.module.metadatasharing.Item id="522" uuid="e4209238-0486-4e99-8d33-e403b4b7d547">
      <id>18270</id>
      <classname>org.openmrs.ConceptDescription</classname>
      <dateChanged id="523">2020-01-30 08:37:13</dateChanged>
    </org.openmrs.module.metadatasharing.Item>
    <org.openmrs.module.metadatasharing.Item id="524" uuid="14579c99-f2c7-4a56-99d6-9d8f6898a28f">
      <id>142310</id>
      <classname>org.openmrs.ConceptName</classname>
      <dateChanged id="525">2020-01-30 08:34:19</dateChanged>
    </org.openmrs.module.metadatasharing.Item>
    <org.openmrs.module.metadatasharing.Item id="526" uuid="48c75c31-fa7a-4696-9d07-010704bb8b0b">
      <id>142311</id>
      <classname>org.openmrs.ConceptName</classname>
      <dateChanged id="527">2020-01-30 08:34:19</dateChanged>
    </org.openmrs.module.metadatasharing.Item>
    <org.openmrs.module.metadatasharing.Item id="528" uuid="2947f980-b1e5-4fc5-a3aa-04f4fd3eea84">
      <id>18263</id>
      <classname>org.openmrs.ConceptDescription</classname>
      <dateChanged id="529">2020-01-30 08:34:19</dateChanged>
    </org.openmrs.module.metadatasharing.Item>
  </relatedItems>
</package>
