<?xml version="1.0" encoding="UTF-8"?>
<package id="1" uuid="6a3df41a-f811-47cb-9df0-b21aa3b510a8">
  <dateCreated id="2">2023-09-04 10:41:27</dateCreated>
  <name>Medical_Visit_Note</name>
  <description>New concepts related to the Viral Load section</description>
  <openmrsVersion>2.3.1 cfl.2 Build 402691</openmrsVersion>
  <version>1</version>
  <groupUuid>722b9747-a461-4ff0-954e-3b324906ed4c</groupUuid>
  <modules id="3">
    <entry>
      <string>openconceptlab</string>
      <string>2.0.0-SNAPSHOT</string>
    </entry>
    <entry>
      <string>calculation</string>
      <string>1.2</string>
    </entry>
    <entry>
      <string>legacyui</string>
      <string>1.6.0</string>
    </entry>
    <entry>
      <string>attachments</string>
      <string>2.4.0</string>
    </entry>
    <entry>
      <string>metadatadeploy</string>
      <string>1.11.0</string>
    </entry>
    <entry>
      <string>fhir</string>
      <string>1.20.0</string>
    </entry>
    <entry>
      <string>metadatasharing</string>
      <string>1.6.0</string>
    </entry>
    <entry>
      <string>allergyui</string>
      <string>1.8.3-SNAPSHOT</string>
    </entry>
    <entry>
      <string>formentryapp</string>
      <string>1.4.2</string>
    </entry>
    <entry>
      <string>providermanagement</string>
      <string>2.10.0</string>
    </entry>
    <entry>
      <string>visits</string>
      <string>1.5.0-3</string>
    </entry>
    <entry>
      <string>htmlwidgets</string>
      <string>1.10.0</string>
    </entry>
    <entry>
      <string>dataexchange</string>
      <string>1.3.4</string>
    </entry>
    <entry>
      <string>sms</string>
      <string>1.3.0</string>
    </entry>
    <entry>
      <string>addresshierarchy</string>
      <string>2.11.0</string>
    </entry>
    <entry>
      <string>cflcharts</string>
      <string>1.2.1</string>
    </entry>
    <entry>
      <string>reportingrest</string>
      <string>1.11.0</string>
    </entry>
    <entry>
      <string>uiframework</string>
      <string>3.19.0</string>
    </entry>
    <entry>
      <string>reportingui</string>
      <string>1.12.0-SNAPSHOT</string>
    </entry>
    <entry>
      <string>event</string>
      <string>2.9.0-SNAPSHOT</string>
    </entry>
    <entry>
      <string>uicommons</string>
      <string>2.14.0-SNAPSHOT</string>
    </entry>
    <entry>
      <string>patientflags</string>
      <string>3.0.3-SNAPSHOT</string>
    </entry>
    <entry>
      <string>reporting</string>
      <string>1.21.0-SNAPSHOT</string>
    </entry>
    <entry>
      <string>emrapi</string>
      <string>1.29.0-SNAPSHOT</string>
    </entry>
    <entry>
      <string>registrationapp</string>
      <string>1.20.0-SNAPSHOT</string>
    </entry>
    <entry>
      <string>callflows</string>
      <string>1.1.13</string>
    </entry>
    <entry>
      <string>idgen</string>
      <string>4.5.0</string>
    </entry>
    <entry>
      <string>htmlformentryui</string>
      <string>2.0.0-SNAPSHOT</string>
    </entry>
    <entry>
      <string>htmlformentry</string>
      <string>4.0.1-cfl.1</string>
    </entry>
    <entry>
      <string>etllite</string>
      <string>1.1.10</string>
    </entry>
    <entry>
      <string>cfl</string>
      <string>1.4.1-5</string>
    </entry>
    <entry>
      <string>reportingcompatibility</string>
      <string>2.0.6</string>
    </entry>
    <entry>
      <string>uilibrary</string>
      <string>2.0.6</string>
    </entry>
    <entry>
      <string>locationbasedaccess</string>
      <string>0.3.0-SNAPSHOT</string>
    </entry>
    <entry>
      <string>appframework</string>
      <string>2.15.0-SNAPSHOT</string>
    </entry>
    <entry>
      <string>cfldistribution-ship</string>
      <string>1.1.3-2</string>
    </entry>
    <entry>
      <string>webservices.rest</string>
      <string>2.29.1-SNAPSHOT.ccf336</string>
    </entry>
    <entry>
      <string>adminui</string>
      <string>1.3.0</string>
    </entry>
    <entry>
      <string>registrationcore</string>
      <string>1.9.0</string>
    </entry>
    <entry>
      <string>owa</string>
      <string>1.10.0</string>
    </entry>
    <entry>
      <string>messages</string>
      <string>1.7.0-2</string>
    </entry>
    <entry>
      <string>metadatamapping</string>
      <string>1.3.4</string>
    </entry>
    <entry>
      <string>coreapps</string>
      <string>1.29.0</string>
    </entry>
    <entry>
      <string>appui</string>
      <string>1.13.0-SNAPSHOT</string>
    </entry>
    <entry>
      <string>serialization.xstream</string>
      <string>0.2.14</string>
    </entry>
    <entry>
      <string>cflcore</string>
      <string>1.11.1-4</string>
    </entry>
  </modules>
  <items class="linked-hash-set" id="4">
    <org.openmrs.module.metadatasharing.Item id="5" uuid="1446faf3-42ba-40a7-9cea-06f0ec846015">
      <id>221319</id>
      <classname>org.openmrs.Concept</classname>
      <dateChanged id="6">2023-08-31 11:01:56</dateChanged>
      <retired>false</retired>
    </org.openmrs.module.metadatasharing.Item>
    <org.openmrs.module.metadatasharing.Item id="7" uuid="17ac6790-3b1d-4770-81bb-c8eed68ba3a8">
      <id>221321</id>
      <classname>org.openmrs.Concept</classname>
      <dateChanged id="8">2023-08-31 12:29:57</dateChanged>
      <retired>false</retired>
    </org.openmrs.module.metadatasharing.Item>
    <org.openmrs.module.metadatasharing.Item id="9" uuid="8d86c0c7-94a6-4058-83d3-e9a487716e86">
      <id>221320</id>
      <classname>org.openmrs.Concept</classname>
      <dateChanged id="10">2023-08-31 12:31:37</dateChanged>
      <retired>false</retired>
    </org.openmrs.module.metadatasharing.Item>
  </items>
  <relatedItems class="linked-hash-set" id="11">
    <org.openmrs.module.metadatasharing.Item id="12" uuid="8d4a4c94-c2cc-11de-8d13-0010c6dffd0f">
      <id>4</id>
      <classname>org.openmrs.ConceptDatatype</classname>
      <dateChanged id="13">2004-02-02 00:00:00</dateChanged>
      <retired>false</retired>
    </org.openmrs.module.metadatasharing.Item>
    <org.openmrs.module.metadatasharing.Item id="14" uuid="8d492774-c2cc-11de-8d13-0010c6dffd0f">
      <id>11</id>
      <classname>org.openmrs.ConceptClass</classname>
      <dateChanged id="15">2023-06-29 14:48:17</dateChanged>
      <retired>false</retired>
    </org.openmrs.module.metadatasharing.Item>
    <org.openmrs.module.metadatasharing.Item id="16" uuid="9ad92ec2-d9c9-4bee-a6e8-f381825df8c1">
      <id>275123</id>
      <classname>org.openmrs.ConceptName</classname>
      <dateChanged id="17">2023-08-31 10:50:27</dateChanged>
    </org.openmrs.module.metadatasharing.Item>
    <org.openmrs.module.metadatasharing.Item id="18" uuid="ee1df16e-0ca3-41a3-9934-b12a4cc6790d">
      <id>35848</id>
      <classname>org.openmrs.ConceptDescription</classname>
      <dateChanged id="19">2023-08-31 10:50:27</dateChanged>
    </org.openmrs.module.metadatasharing.Item>
    <org.openmrs.module.metadatasharing.Item id="20" uuid="5d8ef544-2e93-4522-a287-2f0ad9023f22">
      <id>496620</id>
      <classname>org.openmrs.ConceptMap</classname>
      <dateChanged id="21">2023-09-04 10:46:45</dateChanged>
    </org.openmrs.module.metadatasharing.Item>
    <org.openmrs.module.metadatasharing.Item id="22" uuid="35543629-7d8c-11e1-909d-c80aa9edcf4e">
      <id>1</id>
      <classname>org.openmrs.ConceptMapType</classname>
      <dateChanged id="23">2023-07-04 14:34:07</dateChanged>
      <retired>false</retired>
    </org.openmrs.module.metadatasharing.Item>
    <org.openmrs.module.metadatasharing.Item id="24" uuid="29ddd551-6ad9-43e4-8e0c-89a728aa993d">
      <id>448111</id>
      <classname>org.openmrs.ConceptReferenceTerm</classname>
      <dateChanged id="25">2023-09-04 10:46:44</dateChanged>
      <retired>false</retired>
    </org.openmrs.module.metadatasharing.Item>
    <org.openmrs.module.metadatasharing.Item id="26" uuid="21ADDDDDDDDDDDDDDDDDDDDDDDDDDDDDDDDD">
      <id>21</id>
      <classname>org.openmrs.ConceptSource</classname>
      <dateChanged id="27">2023-07-04 14:34:07</dateChanged>
      <retired>false</retired>
    </org.openmrs.module.metadatasharing.Item>
    <org.openmrs.module.metadatasharing.Item id="28" uuid="8d4907b2-c2cc-11de-8d13-0010c6dffd0f">
      <id>1</id>
      <classname>org.openmrs.ConceptClass</classname>
      <dateChanged id="29">2023-07-04 14:34:07</dateChanged>
      <retired>false</retired>
    </org.openmrs.module.metadatasharing.Item>
    <org.openmrs.module.metadatasharing.Item id="30" uuid="634a63fa-3468-4743-b5db-2cc1ef0c5d18">
      <id>275125</id>
      <classname>org.openmrs.ConceptName</classname>
      <dateChanged id="31">2023-08-31 12:29:57</dateChanged>
    </org.openmrs.module.metadatasharing.Item>
    <org.openmrs.module.metadatasharing.Item id="32" uuid="03fae471-d2da-45da-9daf-b80e1826084d">
      <id>35850</id>
      <classname>org.openmrs.ConceptDescription</classname>
      <dateChanged id="33">2023-08-31 12:29:57</dateChanged>
    </org.openmrs.module.metadatasharing.Item>
    <org.openmrs.module.metadatasharing.Item id="34" uuid="e2b1464a-d0fd-4ff5-8aa0-e1fb253612f1">
      <id>496621</id>
      <classname>org.openmrs.ConceptMap</classname>
      <dateChanged id="35">2023-09-04 10:46:45</dateChanged>
    </org.openmrs.module.metadatasharing.Item>
    <org.openmrs.module.metadatasharing.Item id="36" uuid="a7c73e08-83d4-46b9-8107-d9735a3c81f9">
      <id>448112</id>
      <classname>org.openmrs.ConceptReferenceTerm</classname>
      <dateChanged id="37">2023-09-04 10:46:44</dateChanged>
      <retired>false</retired>
    </org.openmrs.module.metadatasharing.Item>
    <org.openmrs.module.metadatasharing.Item id="38" uuid="8d4a48b6-c2cc-11de-8d13-0010c6dffd0f">
      <id>2</id>
      <classname>org.openmrs.ConceptDatatype</classname>
      <dateChanged id="39">2004-02-02 00:00:00</dateChanged>
      <retired>false</retired>
    </org.openmrs.module.metadatasharing.Item>
    <org.openmrs.module.metadatasharing.Item id="40" uuid="a7850e00-9fd1-4099-9f86-d58d36a039bb">
      <id>275124</id>
      <classname>org.openmrs.ConceptName</classname>
      <dateChanged id="41">2023-08-31 12:27:13</dateChanged>
    </org.openmrs.module.metadatasharing.Item>
    <org.openmrs.module.metadatasharing.Item id="42" uuid="a3701f91-74af-4a02-a03c-636c7ee80976">
      <id>14547</id>
      <classname>org.openmrs.ConceptAnswer</classname>
      <dateChanged id="43">2023-08-31 12:31:37</dateChanged>
    </org.openmrs.module.metadatasharing.Item>
    <org.openmrs.module.metadatasharing.Item id="44" uuid="4d3848ea-c90b-401d-b2f3-1fe730c2f52a">
      <id>14546</id>
      <classname>org.openmrs.ConceptAnswer</classname>
      <dateChanged id="45">2023-08-31 12:28:02</dateChanged>
    </org.openmrs.module.metadatasharing.Item>
    <org.openmrs.module.metadatasharing.Item id="46" uuid="de6f4427-90c5-426b-99c8-576d97896a8f">
      <id>14548</id>
      <classname>org.openmrs.ConceptAnswer</classname>
      <dateChanged id="47">2023-08-31 12:31:37</dateChanged>
    </org.openmrs.module.metadatasharing.Item>
    <org.openmrs.module.metadatasharing.Item id="48" uuid="1302AAAAAAAAAAAAAAAAAAAAAAAAAAAAAAAA">
      <id>220475</id>
      <classname>org.openmrs.Concept</classname>
      <dateChanged id="49">2022-01-03 16:35:41</dateChanged>
      <retired>false</retired>
    </org.openmrs.module.metadatasharing.Item>
    <org.openmrs.module.metadatasharing.Item id="50" uuid="1389BBBBBBBBBBBBBBBBBBBBBBBBBBBBBBBB">
      <id>272955</id>
      <classname>org.openmrs.ConceptName</classname>
      <dateChanged id="51">2022-01-03 16:35:41</dateChanged>
    </org.openmrs.module.metadatasharing.Item>
    <org.openmrs.module.metadatasharing.Item id="52" uuid="1303FFFFFFFFFFFFFFFFFFFFFFFFFFFFFFFF">
      <id>35065</id>
      <classname>org.openmrs.ConceptDescription</classname>
      <dateChanged id="53">2022-01-03 16:35:41</dateChanged>
    </org.openmrs.module.metadatasharing.Item>
    <org.openmrs.module.metadatasharing.Item id="54" uuid="137374ABBBBBBBBBBBBBBBBBBBBBBBBBBBBB">
      <id>460306</id>
      <classname>org.openmrs.ConceptMap</classname>
      <dateChanged id="55">2022-01-03 17:36:49</dateChanged>
    </org.openmrs.module.metadatasharing.Item>
    <org.openmrs.module.metadatasharing.Item id="56" uuid="9e6a42e6-bb13-43f2-ac1a-ce8913bccc80">
      <id>440319</id>
      <classname>org.openmrs.ConceptReferenceTerm</classname>
      <dateChanged id="57">2022-01-03 17:36:45</dateChanged>
      <retired>false</retired>
    </org.openmrs.module.metadatasharing.Item>
    <org.openmrs.module.metadatasharing.Item id="58" uuid="171a5df4-acac-5e9b-b59b-50ecc9460a4a">
      <id>40</id>
      <classname>org.openmrs.ConceptSource</classname>
      <dateChanged id="59">2023-07-04 14:34:07</dateChanged>
      <retired>false</retired>
    </org.openmrs.module.metadatasharing.Item>
    <org.openmrs.module.metadatasharing.Item id="60" uuid="c54ce1ab-f9e1-3b7c-a2b9-dbdbd90da9b7">
      <id>460256</id>
      <classname>org.openmrs.ConceptMap</classname>
      <dateChanged id="61">2022-01-03 17:36:48</dateChanged>
    </org.openmrs.module.metadatasharing.Item>
    <org.openmrs.module.metadatasharing.Item id="62" uuid="6f66d033-f9af-47c2-9e27-b2249540fcb7">
      <id>440454</id>
      <classname>org.openmrs.ConceptReferenceTerm</classname>
      <dateChanged id="63">2022-01-03 17:36:48</dateChanged>
      <retired>false</retired>
    </org.openmrs.module.metadatasharing.Item>
    <org.openmrs.module.metadatasharing.Item id="64" uuid="134977ABBBBBBBBBBBBBBBBBBBBBBBBBBBBB">
      <id>460293</id>
      <classname>org.openmrs.ConceptMap</classname>
      <dateChanged id="65">2022-01-03 17:36:49</dateChanged>
    </org.openmrs.module.metadatasharing.Item>
    <org.openmrs.module.metadatasharing.Item id="66" uuid="2162a5f8-1132-488a-9ce9-65859633b9d0">
      <id>440486</id>
      <classname>org.openmrs.ConceptReferenceTerm</classname>
      <dateChanged id="67">2022-01-03 17:36:49</dateChanged>
      <retired>false</retired>
    </org.openmrs.module.metadatasharing.Item>
    <org.openmrs.module.metadatasharing.Item id="68" uuid="13ADDDDDDDDDDDDDDDDDDDDDDDDDDDDDDDDD">
      <id>13</id>
      <classname>org.openmrs.ConceptSource</classname>
      <dateChanged id="69">2023-07-04 14:34:07</dateChanged>
      <retired>false</retired>
    </org.openmrs.module.metadatasharing.Item>
    <org.openmrs.module.metadatasharing.Item id="70" uuid="667683e5-806d-45bc-96a7-373a804282e3">
      <id>35849</id>
      <classname>org.openmrs.ConceptDescription</classname>
      <dateChanged id="71">2023-08-31 12:27:13</dateChanged>
    </org.openmrs.module.metadatasharing.Item>
    <org.openmrs.module.metadatasharing.Item id="72" uuid="6f877aa5-4f0b-4e84-bb7f-e88a94ebbabb">
      <id>496622</id>
      <classname>org.openmrs.ConceptMap</classname>
      <dateChanged id="73">2023-09-04 10:46:45</dateChanged>
    </org.openmrs.module.metadatasharing.Item>
    <org.openmrs.module.metadatasharing.Item id="74" uuid="734567b8-682a-40cd-a3d8-d8e876f42921">
      <id>448113</id>
      <classname>org.openmrs.ConceptReferenceTerm</classname>
      <dateChanged id="75">2023-09-04 10:46:44</dateChanged>
      <retired>false</retired>
    </org.openmrs.module.metadatasharing.Item>
  </relatedItems>
</package>
