<?xml version="1.0" encoding="UTF-8"?>
<list id="1">
  <org.openmrs.Concept id="2" uuid="1446faf3-42ba-40a7-9cea-06f0ec846015">
    <conceptId>221319</conceptId>
    <retired>false</retired>
    <datatype id="3" resolves-to="org.openmrs.ConceptDatatype" uuid="8d4a4c94-c2cc-11de-8d13-0010c6dffd0f">
      <name>N/A</name>
      <description>Not associated with a datatype (e.g., term answers, sets)</description>
      <creator/>
      <dateCreated id="4">2004-02-02 00:00:00</dateCreated>
      <retired>false</retired>
      <retiredBy/>
      <conceptDatatypeId>4</conceptDatatypeId>
      <hl7Abbreviation>ZZ</hl7Abbreviation>
    </datatype>
    <conceptClass id="5" resolves-to="org.openmrs.ConceptClass" uuid="8d492774-c2cc-11de-8d13-0010c6dffd0f">
      <name>Misc</name>
      <description>Terms which don&apos;t fit other categories</description>
      <creator/>
      <dateCreated id="6">2004-03-02 00:00:00</dateCreated>
      <changedBy/>
      <dateChanged id="7">2023-06-29 14:48:17</dateChanged>
      <retired>false</retired>
      <conceptClassId>11</conceptClassId>
    </conceptClass>
    <set>false</set>
    <creator/>
    <dateCreated id="8">2023-08-31 10:50:27</dateCreated>
    <changedBy/>
    <dateChanged id="9">2023-09-04 10:46:45</dateChanged>
    <names class="set" id="10">
      <org.openmrs.ConceptName id="11" uuid="9ad92ec2-d9c9-4bee-a6e8-f381825df8c1">
        <conceptNameId>275123</conceptNameId>
        <concept reference="2"/>
        <name>&lt;</name>
        <locale id="12">en</locale>
        <creator/>
        <dateCreated id="13">2023-08-31 10:50:27</dateCreated>
        <voided>false</voided>
        <tags class="set" id="14"/>
        <conceptNameType>FULLY_SPECIFIED</conceptNameType>
        <localePreferred>true</localePreferred>
      </org.openmrs.ConceptName>
    </names>
    <answers class="set" id="15"/>
    <conceptSets class="set" id="16"/>
    <descriptions class="set" id="17">
      <org.openmrs.ConceptDescription id="18" uuid="ee1df16e-0ca3-41a3-9934-b12a4cc6790d">
        <conceptDescriptionId>35848</conceptDescriptionId>
        <concept reference="2"/>
        <description>Less-than sign</description>
        <locale id="19">en</locale>
        <creator/>
        <dateCreated id="20">2023-08-31 10:50:27</dateCreated>
      </org.openmrs.ConceptDescription>
    </descriptions>
    <conceptMappings class="set" id="21">
      <org.openmrs.ConceptMap id="22" uuid="5d8ef544-2e93-4522-a287-2f0ad9023f22">
        <conceptMapType id="23" uuid="35543629-7d8c-11e1-909d-c80aa9edcf4e">
          <name>SAME-AS</name>
          <creator/>
          <dateCreated id="24">2018-10-12 00:00:00</dateCreated>
          <changedBy/>
          <dateChanged id="25">2023-07-04 14:34:07</dateChanged>
          <retired>false</retired>
          <conceptMapTypeId>1</conceptMapTypeId>
          <isHidden>false</isHidden>
        </conceptMapType>
        <creator/>
        <dateCreated id="26">2023-09-04 10:46:45</dateCreated>
        <conceptMapId>496620</conceptMapId>
        <concept reference="2"/>
        <conceptReferenceTerm id="27" uuid="29ddd551-6ad9-43e4-8e0c-89a728aa993d">
          <creator/>
          <dateCreated id="28">2023-09-04 10:46:44</dateCreated>
          <retired>false</retired>
          <conceptReferenceTermId>448111</conceptReferenceTermId>
          <conceptSource id="29" uuid="21ADDDDDDDDDDDDDDDDDDDDDDDDDDDDDDDDD">
            <name>CIEL</name>
            <description>Columbia International eHealth Laboratory concept ID</description>
            <creator/>
            <dateCreated id="30">2013-07-03 15:55:03</dateCreated>
            <changedBy/>
            <dateChanged id="31">2023-07-04 14:34:07</dateChanged>
            <retired>false</retired>
            <conceptSourceId>21</conceptSourceId>
          </conceptSource>
          <code>221319</code>
          <conceptReferenceTermMaps id="32"/>
        </conceptReferenceTerm>
      </org.openmrs.ConceptMap>
    </conceptMappings>
    <attributes id="33"/>
  </org.openmrs.Concept>
  <org.openmrs.Concept id="34" uuid="17ac6790-3b1d-4770-81bb-c8eed68ba3a8">
    <conceptId>221321</conceptId>
    <retired>false</retired>
    <datatype reference="3"/>
    <conceptClass id="35" resolves-to="org.openmrs.ConceptClass" uuid="8d4907b2-c2cc-11de-8d13-0010c6dffd0f">
      <name>Test</name>
      <description>Acq. during patient encounter (vitals, labs, etc.)</description>
      <creator/>
      <dateCreated id="36">2004-02-02 00:00:00</dateCreated>
      <changedBy/>
      <dateChanged id="37">2023-07-04 14:34:07</dateChanged>
      <retired>false</retired>
      <conceptClassId>1</conceptClassId>
    </conceptClass>
    <set>false</set>
    <creator/>
    <dateCreated id="38">2023-08-31 12:29:57</dateCreated>
    <changedBy/>
    <dateChanged id="39">2023-09-04 10:46:45</dateChanged>
    <names class="set" id="40">
      <org.openmrs.ConceptName id="41" uuid="634a63fa-3468-4743-b5db-2cc1ef0c5d18">
        <conceptNameId>275125</conceptNameId>
        <concept reference="34"/>
        <name>=</name>
        <locale id="42">en</locale>
        <creator/>
        <dateCreated id="43">2023-08-31 12:29:57</dateCreated>
        <voided>false</voided>
        <tags class="set" id="44"/>
        <conceptNameType>FULLY_SPECIFIED</conceptNameType>
        <localePreferred>true</localePreferred>
      </org.openmrs.ConceptName>
    </names>
    <answers class="set" id="45"/>
    <conceptSets class="set" id="46"/>
    <descriptions class="set" id="47">
      <org.openmrs.ConceptDescription id="48" uuid="03fae471-d2da-45da-9daf-b80e1826084d">
        <conceptDescriptionId>35850</conceptDescriptionId>
        <concept reference="34"/>
        <description>Equals sign</description>
        <locale id="49">en</locale>
        <creator/>
        <dateCreated id="50">2023-08-31 12:29:57</dateCreated>
      </org.openmrs.ConceptDescription>
    </descriptions>
    <conceptMappings class="set" id="51">
      <org.openmrs.ConceptMap id="52" uuid="e2b1464a-d0fd-4ff5-8aa0-e1fb253612f1">
        <conceptMapType reference="23"/>
        <creator/>
        <dateCreated id="53">2023-09-04 10:46:45</dateCreated>
        <conceptMapId>496621</conceptMapId>
        <concept reference="34"/>
        <conceptReferenceTerm id="54" uuid="a7c73e08-83d4-46b9-8107-d9735a3c81f9">
          <creator/>
          <dateCreated id="55">2023-09-04 10:46:44</dateCreated>
          <retired>false</retired>
          <conceptReferenceTermId>448112</conceptReferenceTermId>
          <conceptSource reference="29"/>
          <code>221321</code>
          <conceptReferenceTermMaps id="56"/>
        </conceptReferenceTerm>
      </org.openmrs.ConceptMap>
    </conceptMappings>
    <attributes id="57"/>
  </org.openmrs.Concept>
  <org.openmrs.Concept id="58" uuid="8d86c0c7-94a6-4058-83d3-e9a487716e86">
    <conceptId>221320</conceptId>
    <retired>false</retired>
    <datatype id="59" resolves-to="org.openmrs.ConceptDatatype" uuid="8d4a48b6-c2cc-11de-8d13-0010c6dffd0f">
      <name>Coded</name>
      <description>Value determined by term dictionary lookup (i.e., term identifier)</description>
      <creator/>
      <dateCreated id="60">2004-02-02 00:00:00</dateCreated>
      <retired>false</retired>
      <retiredBy/>
      <conceptDatatypeId>2</conceptDatatypeId>
      <hl7Abbreviation>CWE</hl7Abbreviation>
    </datatype>
    <conceptClass reference="35"/>
    <set>false</set>
    <creator/>
    <dateCreated id="61">2023-08-31 12:27:13</dateCreated>
    <changedBy/>
    <dateChanged id="62">2023-09-04 10:46:45</dateChanged>
    <names class="set" id="63">
      <org.openmrs.ConceptName id="64" uuid="a7850e00-9fd1-4099-9f86-d58d36a039bb">
        <conceptNameId>275124</conceptNameId>
        <concept reference="58"/>
        <name>Viral Load answers</name>
        <locale id="65">en</locale>
        <creator/>
        <dateCreated id="66">2023-08-31 12:27:13</dateCreated>
        <voided>false</voided>
        <tags class="set" id="67"/>
        <conceptNameType>FULLY_SPECIFIED</conceptNameType>
        <localePreferred>true</localePreferred>
      </org.openmrs.ConceptName>
    </names>
    <answers class="set" id="68">
      <org.openmrs.ConceptAnswer id="69" uuid="a3701f91-74af-4a02-a03c-636c7ee80976">
        <conceptAnswerId>14547</conceptAnswerId>
        <concept reference="58"/>
        <answerConcept reference="34"/>
        <creator/>
        <dateCreated id="70">2023-08-31 12:31:37</dateCreated>
        <sortWeight>1.0</sortWeight>
      </org.openmrs.ConceptAnswer>
      <org.openmrs.ConceptAnswer id="71" uuid="4d3848ea-c90b-401d-b2f3-1fe730c2f52a">
        <conceptAnswerId>14546</conceptAnswerId>
        <concept reference="58"/>
        <answerConcept reference="2"/>
        <creator/>
        <dateCreated id="72">2023-08-31 12:28:02</dateCreated>
        <sortWeight>2.0</sortWeight>
      </org.openmrs.ConceptAnswer>
      <org.openmrs.ConceptAnswer id="73" uuid="de6f4427-90c5-426b-99c8-576d97896a8f">
        <conceptAnswerId>14548</conceptAnswerId>
        <concept reference="58"/>
        <answerConcept id="74" resolves-to="org.openmrs.Concept" uuid="1302AAAAAAAAAAAAAAAAAAAAAAAAAAAAAAAA">
          <conceptId>220475</conceptId>
          <retired>false</retired>
          <datatype reference="3"/>
          <conceptClass reference="5"/>
          <set>false</set>
          <creator/>
          <dateCreated id="75">2022-01-03 16:35:41</dateCreated>
          <changedBy/>
          <dateChanged id="76">2022-01-03 16:35:41</dateChanged>
          <names class="set" id="77">
            <org.openmrs.ConceptName id="78" uuid="1389BBBBBBBBBBBBBBBBBBBBBBBBBBBBBBBB">
              <conceptNameId>272955</conceptNameId>
              <concept reference="74"/>
              <name>Not detected</name>
              <locale id="79">en</locale>
              <creator/>
              <dateCreated id="80">2022-01-03 16:35:41</dateCreated>
              <voided>false</voided>
              <tags class="set" id="81"/>
              <conceptNameType>FULLY_SPECIFIED</conceptNameType>
              <localePreferred>true</localePreferred>
            </org.openmrs.ConceptName>
          </names>
          <answers class="set" id="82"/>
          <conceptSets class="set" id="83"/>
          <descriptions class="set" id="84">
            <org.openmrs.ConceptDescription id="85" uuid="1303FFFFFFFFFFFFFFFFFFFFFFFFFFFFFFFF">
              <conceptDescriptionId>35065</conceptDescriptionId>
              <concept reference="74"/>
              <description>Descriptive term:  unable to discover or ascertain the existence, presence, or fact of.</description>
              <locale id="86">en</locale>
              <creator/>
              <dateCreated id="87">2022-01-03 16:35:41</dateCreated>
            </org.openmrs.ConceptDescription>
          </descriptions>
          <conceptMappings class="set" id="88">
            <org.openmrs.ConceptMap id="89" uuid="137374ABBBBBBBBBBBBBBBBBBBBBBBBBBBBB">
              <conceptMapType reference="23"/>
              <creator/>
              <dateCreated id="90">2022-01-03 17:36:49</dateCreated>
              <conceptMapId>460306</conceptMapId>
              <concept reference="74"/>
              <conceptReferenceTerm id="91" resolves-to="org.openmrs.ConceptReferenceTerm" uuid="9e6a42e6-bb13-43f2-ac1a-ce8913bccc80">
                <creator/>
                <dateCreated id="92">2022-01-03 17:36:45</dateCreated>
                <retired>false</retired>
                <conceptReferenceTermId>440319</conceptReferenceTermId>
                <conceptSource id="93" resolves-to="org.openmrs.ConceptSource" uuid="171a5df4-acac-5e9b-b59b-50ecc9460a4a">
                  <name>SNOMED-CT</name>
                  <description>Imported from https://api.openconceptlab.org/orgs/CIEL/sources/CIEL/mappings/1000667/</description>
                  <creator/>
                  <dateCreated id="94">2022-01-03 16:36:31</dateCreated>
                  <changedBy/>
                  <dateChanged id="95">2023-07-04 14:34:07</dateChanged>
                  <retired>false</retired>
                  <conceptSourceId>40</conceptSourceId>
                </conceptSource>
                <code>260415000</code>
                <conceptReferenceTermMaps id="96"/>
              </conceptReferenceTerm>
            </org.openmrs.ConceptMap>
            <org.openmrs.ConceptMap id="97" uuid="c54ce1ab-f9e1-3b7c-a2b9-dbdbd90da9b7">
              <conceptMapType reference="23"/>
              <creator/>
              <dateCreated id="98">2022-01-03 17:36:48</dateCreated>
              <conceptMapId>460256</conceptMapId>
              <concept reference="74"/>
              <conceptReferenceTerm id="99" resolves-to="org.openmrs.ConceptReferenceTerm" uuid="6f66d033-f9af-47c2-9e27-b2249540fcb7">
                <creator/>
                <dateCreated id="100">2022-01-03 17:36:48</dateCreated>
                <retired>false</retired>
                <conceptReferenceTermId>440454</conceptReferenceTermId>
                <conceptSource reference="29"/>
                <code>1302</code>
                <conceptReferenceTermMaps id="101"/>
              </conceptReferenceTerm>
            </org.openmrs.ConceptMap>
            <org.openmrs.ConceptMap id="102" uuid="134977ABBBBBBBBBBBBBBBBBBBBBBBBBBBBB">
              <conceptMapType reference="23"/>
              <creator/>
              <dateCreated id="103">2022-01-03 17:36:49</dateCreated>
              <conceptMapId>460293</conceptMapId>
              <concept reference="74"/>
              <conceptReferenceTerm id="104" resolves-to="org.openmrs.ConceptReferenceTerm" uuid="2162a5f8-1132-488a-9ce9-65859633b9d0">
                <creator/>
                <dateCreated id="105">2022-01-03 17:36:49</dateCreated>
                <retired>false</retired>
                <conceptReferenceTermId>440486</conceptReferenceTermId>
                <conceptSource id="106" resolves-to="org.openmrs.ConceptSource" uuid="13ADDDDDDDDDDDDDDDDDDDDDDDDDDDDDDDDD">
                  <name>AMPATH</name>
                  <description>AMPATH concept dictionary</description>
                  <creator/>
                  <dateCreated id="107">2010-10-24 17:02:38</dateCreated>
                  <changedBy/>
                  <dateChanged id="108">2023-07-04 14:34:07</dateChanged>
                  <retired>false</retired>
                  <conceptSourceId>13</conceptSourceId>
                </conceptSource>
                <code>1302</code>
                <conceptReferenceTermMaps id="109"/>
              </conceptReferenceTerm>
            </org.openmrs.ConceptMap>
          </conceptMappings>
          <attributes id="110"/>
        </answerConcept>
        <creator/>
        <dateCreated id="111">2023-08-31 12:31:37</dateCreated>
        <sortWeight>3.0</sortWeight>
      </org.openmrs.ConceptAnswer>
    </answers>
    <conceptSets class="set" id="112"/>
    <descriptions class="set" id="113">
      <org.openmrs.ConceptDescription id="114" uuid="667683e5-806d-45bc-96a7-373a804282e3">
        <conceptDescriptionId>35849</conceptDescriptionId>
        <concept reference="58"/>
        <description>answers for viral load section</description>
        <locale id="115">en</locale>
        <creator/>
        <dateCreated id="116">2023-08-31 12:27:13</dateCreated>
      </org.openmrs.ConceptDescription>
    </descriptions>
    <conceptMappings class="set" id="117">
      <org.openmrs.ConceptMap id="118" uuid="6f877aa5-4f0b-4e84-bb7f-e88a94ebbabb">
        <conceptMapType reference="23"/>
        <creator/>
        <dateCreated id="119">2023-09-04 10:46:45</dateCreated>
        <conceptMapId>496622</conceptMapId>
        <concept reference="58"/>
        <conceptReferenceTerm id="120" uuid="734567b8-682a-40cd-a3d8-d8e876f42921">
          <creator/>
          <dateCreated id="121">2023-09-04 10:46:44</dateCreated>
          <retired>false</retired>
          <conceptReferenceTermId>448113</conceptReferenceTermId>
          <conceptSource reference="29"/>
          <code>221320</code>
          <conceptReferenceTermMaps id="122"/>
        </conceptReferenceTerm>
      </org.openmrs.ConceptMap>
    </conceptMappings>
    <attributes id="123"/>
  </org.openmrs.Concept>
</list>
