<?xml version="1.0" encoding="UTF-8"?>
<list id="1">
  <org.openmrs.module.appframework.domain.UserApp id="2">
    <appId>visits.patientOverview</appId>
    <json>{&#xd;
   &quot;id&quot;:&quot;visits.patientOverview&quot;,&#xd;
   &quot;label&quot;:&quot;visits.overviewTittle&quot;,&#xd;
   &quot;description&quot;:&quot;Visits management page&quot;,&#xd;
   &quot;extensions&quot;:[&#xd;
      {&#xd;
         &quot;id&quot;:&quot;visits.patientOverview.patientDashboardLink&quot;,&#xd;
         &quot;extensionPointId&quot;:&quot;patientDashboard.overallActions&quot;,&#xd;
         &quot;type&quot;:&quot;link&quot;,&#xd;
         &quot;label&quot;:&quot;visits.visits&quot;,&#xd;
         &quot;icon&quot;:&quot;icon-calendar&quot;,&#xd;
         &quot;order&quot;:3,&#xd;
         &quot;url&quot;:&quot;owa/visits/index.html#/visits/manage/{{patient.uuid}}&quot;&#xd;
      }&#xd;
   ],&#xd;
   &quot;config&quot;:{&#xd;
      &quot;filters&quot;:[&#xd;
         {&#xd;
            &quot;type&quot;:&quot;dateRange&quot;,&#xd;
            &quot;label&quot;:&quot;&quot;,&#xd;
            &quot;field&quot;:&quot;&quot;,&#xd;
            &quot;useTodayAsDefaultValue&quot;: false&#xd;
         },&#xd;
         {&#xd;
            &quot;type&quot;:&quot;select&quot;,&#xd;
            &quot;options&quot;:[&#xd;
               {&#xd;
                  &quot;label&quot;:&quot;SCHEDULED&quot;,&#xd;
                  &quot;value&quot;:&quot;SCHEDULED&quot;&#xd;
               },&#xd;
               {&#xd;
                  &quot;label&quot;:&quot;OCCURRED&quot;,&#xd;
                  &quot;value&quot;:&quot;OCCURRED&quot;&#xd;
               },&#xd;
               {&#xd;
                  &quot;label&quot;:&quot;MISSED&quot;,&#xd;
                  &quot;value&quot;:&quot;MISSED&quot;&#xd;
               }&#xd;
            ],&#xd;
            &quot;label&quot;:&quot;visits.overviewVisitStatusPlaceholder&quot;,&#xd;
            &quot;field&quot;:&quot;visitStatus&quot;&#xd;
         }&#xd;
      ],&#xd;
      &quot;actions&quot;:{&#xd;
         &quot;scheduleNewVisit&quot;:true,&#xd;
         &quot;changeVisitsStatus&quot;:true&#xd;
      },&#xd;
      &quot;columns&quot;:[&#xd;
         {&#xd;
            &quot;label&quot;:&quot;visits.overviewPatientIdHeader&quot;,&#xd;
            &quot;field&quot;:&quot;patient.OpenMRS ID&quot;&#xd;
         },&#xd;
         {&#xd;
            &quot;label&quot;:&quot;visits.overviewNameHeader&quot;,&#xd;
            &quot;field&quot;:&quot;patient.person.preferredName.display&quot;&#xd;
         },&#xd;
         {&#xd;
            &quot;label&quot;:&quot;visits.overviewDateHeader&quot;,&#xd;
            &quot;field&quot;:&quot;startDatetime&quot;,&#xd;
            &quot;dateTimeFormat&quot;:&quot;DD MMM YYYY&quot;,&#xd;
            &quot;sortable&quot;:true,&#xd;
            &quot;defaultOrder&quot;:&quot;DESC&quot;&#xd;
         },&#xd;
         {&#xd;
            &quot;label&quot;:&quot;visits.overviewLocationHeader&quot;,&#xd;
            &quot;field&quot;:&quot;location.display&quot;&#xd;
         },&#xd;
         {&#xd;
            &quot;label&quot;:&quot;visits.overviewTypeHeader&quot;,&#xd;
            &quot;field&quot;:&quot;visitType.display&quot;&#xd;
         },&#xd;
         {&#xd;
            &quot;label&quot;:&quot;visits.overviewStatusHeader&quot;,&#xd;
            &quot;field&quot;:&quot;Visit Status&quot;&#xd;
         }&#xd;
      ],&#xd;
     &quot;editVisitIconVisible&quot;:true,&#xd;
     &quot;deleteVisitIconVisible&quot;:true&#xd;
   }&#xd;
}</json>
  </org.openmrs.module.appframework.domain.UserApp>
  <org.openmrs.module.appframework.domain.UserApp id="3">
    <appId>visits.generalOverview</appId>
    <json>{&#xd;
   &quot;id&quot;:&quot;visits.generalOverview&quot;,&#xd;
   &quot;label&quot;:&quot;visits.overviewTittle&quot;,&#xd;
   &quot;description&quot;:&quot;List of visits per facility&quot;,&#xd;
   &quot;extensions&quot;:[&#xd;
      {&#xd;
         &quot;id&quot;:&quot;visits.generalOverview.homepageLink&quot;,&#xd;
         &quot;extensionPointId&quot;:&quot;org.openmrs.cfl.homepageLink&quot;,&#xd;
         &quot;type&quot;:&quot;link&quot;,&#xd;
         &quot;order&quot;:3,&#xd;
         &quot;label&quot;:&quot;visits.overviewTittle&quot;,&#xd;
         &quot;url&quot;:&quot;owa/visits/index.html#/visits/overview&quot;,&#xd;
         &quot;icon&quot;:&quot;icon-calendar&quot;,&#xd;
         &quot;requiredPrivilege&quot;:&quot;Get Visits&quot;&#xd;
      }&#xd;
   ],&#xd;
   &quot;config&quot;:{&#xd;
      &quot;filters&quot;:[&#xd;
         {&#xd;
            &quot;type&quot;:&quot;text&quot;,&#xd;
            &quot;label&quot;:&quot;visits.overviewSearchPlaceholder&quot;,&#xd;
            &quot;field&quot;:&quot;patientName&quot;&#xd;
         },&#xd;
         {&#xd;
            &quot;type&quot;:&quot;dateRange&quot;,&#xd;
            &quot;label&quot;:&quot;&quot;,&#xd;
            &quot;field&quot;:&quot;&quot;,&#xd;
            &quot;useTodayAsDefaultValue&quot;: true&#xd;
         },&#xd;
         {&#xd;
            &quot;type&quot;:&quot;select&quot;,&#xd;
            &quot;options&quot;:[&#xd;
               {&#xd;
                  &quot;label&quot;:&quot;SCHEDULED&quot;,&#xd;
                  &quot;value&quot;:&quot;SCHEDULED&quot;&#xd;
               },&#xd;
               {&#xd;
                  &quot;label&quot;:&quot;OCCURRED&quot;,&#xd;
                  &quot;value&quot;:&quot;OCCURRED&quot;&#xd;
               },&#xd;
               {&#xd;
                  &quot;label&quot;:&quot;MISSED&quot;,&#xd;
                  &quot;value&quot;:&quot;MISSED&quot;&#xd;
               }&#xd;
            ],&#xd;
            &quot;label&quot;:&quot;visits.overviewVisitStatusPlaceholder&quot;,&#xd;
            &quot;field&quot;:&quot;visitStatus&quot;&#xd;
         }&#xd;
      ],&#xd;
      &quot;actions&quot;:{&#xd;
         &quot;scheduleNewVisit&quot;:false,&#xd;
         &quot;changeVisitsStatus&quot;:true&#xd;
      },&#xd;
      &quot;columns&quot;:[&#xd;
         {&#xd;
            &quot;label&quot;:&quot;visits.overviewPatientIdHeader&quot;,&#xd;
            &quot;field&quot;:&quot;patient.OpenMRS ID&quot;&#xd;
         },&#xd;
         {&#xd;
            &quot;label&quot;:&quot;visits.overviewNameHeader&quot;,&#xd;
            &quot;field&quot;:&quot;patient.person.preferredName.display&quot;&#xd;
         },&#xd;
         {&#xd;
            &quot;label&quot;:&quot;visits.overviewDateHeader&quot;,&#xd;
            &quot;field&quot;:&quot;startDatetime&quot;,&#xd;
            &quot;dateTimeFormat&quot;:&quot;DD MMM YYYY&quot;,&#xd;
             &quot;sortable&quot;:true,&#xd;
            &quot;defaultOrder&quot;:&quot;DESC&quot;&#xd;
         },&#xd;
         {&#xd;
            &quot;label&quot;:&quot;visits.overviewLocationHeader&quot;,&#xd;
            &quot;field&quot;:&quot;location.display&quot;&#xd;
         },&#xd;
         {&#xd;
            &quot;label&quot;:&quot;visits.overviewTypeHeader&quot;,&#xd;
            &quot;field&quot;:&quot;visitType.display&quot;&#xd;
         },&#xd;
         {&#xd;
            &quot;label&quot;:&quot;visits.overviewStatusHeader&quot;,&#xd;
            &quot;field&quot;:&quot;Visit Status&quot;&#xd;
         }&#xd;
      ],&#xd;
     &quot;editVisitIconVisible&quot;:true,&#xd;
     &quot;deleteVisitIconVisible&quot;:true&#xd;
   }&#xd;
}</json>
  </org.openmrs.module.appframework.domain.UserApp>
</list>
