<?xml version="1.0" encoding="UTF-8"?>
<package id="1" uuid="ecc53ee2-8903-434c-825d-5544aff1ccba">
  <dateCreated id="2">2022-07-06 13:33:15</dateCreated>
  <name>Medicine Refill Visit</name>
  <description>The package containing concepts and form definition for Medicine Refill visits</description>
  <openmrsVersion>2.3.6 SNAPSHOT Build b132fa</openmrsVersion>
  <version>1</version>
  <groupUuid>150fcb72-d374-4980-bc15-b51b787cc42b</groupUuid>
  <modules id="3">
    <entry>
      <string>openconceptlab</string>
      <string>2.0.0-SNAPSHOT</string>
    </entry>
    <entry>
      <string>calculation</string>
      <string>1.2</string>
    </entry>
    <entry>
      <string>legacyui</string>
      <string>1.6.0</string>
    </entry>
    <entry>
      <string>appointmentscheduling</string>
      <string>1.12.0</string>
    </entry>
    <entry>
      <string>cfldefault</string>
      <string>1.0.0-SNAPSHOT</string>
    </entry>
    <entry>
      <string>appointmentschedulingui</string>
      <string>1.9.0</string>
    </entry>
    <entry>
      <string>htmlwidgets</string>
      <string>1.10.0</string>
    </entry>
    <entry>
      <string>dataexchange</string>
      <string>1.3.4</string>
    </entry>
    <entry>
      <string>addresshierarchy</string>
      <string>2.11.0</string>
    </entry>
    <entry>
      <string>reportingui</string>
      <string>1.6.0</string>
    </entry>
    <entry>
      <string>uicommons</string>
      <string>2.14.0-SNAPSHOT</string>
    </entry>
    <entry>
      <string>patientflags</string>
      <string>3.0.3-SNAPSHOT</string>
    </entry>
    <entry>
      <string>emrapi</string>
      <string>1.29.0-SNAPSHOT</string>
    </entry>
    <entry>
      <string>registrationapp</string>
      <string>1.20.0-SNAPSHOT</string>
    </entry>
    <entry>
      <string>idgen</string>
      <string>4.5.0</string>
    </entry>
    <entry>
      <string>htmlformentry</string>
      <string>4.0.0</string>
    </entry>
    <entry>
      <string>etllite</string>
      <string>1.1.7</string>
    </entry>
    <entry>
      <string>reportingcompatibility</string>
      <string>2.0.6</string>
    </entry>
    <entry>
      <string>vxnaidlicensemanagement</string>
      <string>1.1.3</string>
    </entry>
    <entry>
      <string>uilibrary</string>
      <string>2.0.6</string>
    </entry>
    <entry>
      <string>locationbasedaccess</string>
      <string>0.3.0-SNAPSHOT</string>
    </entry>
    <entry>
      <string>adminui</string>
      <string>1.3.0</string>
    </entry>
    <entry>
      <string>vxnaidbiometric</string>
      <string>1.2.6</string>
    </entry>
    <entry>
      <string>messages</string>
      <string>1.5.7</string>
    </entry>
    <entry>
      <string>metadatamapping</string>
      <string>1.3.4</string>
    </entry>
    <entry>
      <string>coreapps</string>
      <string>1.29.0</string>
    </entry>
    <entry>
      <string>cflcore</string>
      <string>1.9.1</string>
    </entry>
    <entry>
      <string>serialization.xstream</string>
      <string>0.2.14</string>
    </entry>
    <entry>
      <string>attachments</string>
      <string>2.4.0</string>
    </entry>
    <entry>
      <string>metadatadeploy</string>
      <string>1.11.0</string>
    </entry>
    <entry>
      <string>fhir</string>
      <string>1.20.0</string>
    </entry>
    <entry>
      <string>metadatasharing</string>
      <string>1.6.0</string>
    </entry>
    <entry>
      <string>allergyui</string>
      <string>1.8.3-SNAPSHOT</string>
    </entry>
    <entry>
      <string>formentryapp</string>
      <string>1.4.2</string>
    </entry>
    <entry>
      <string>providermanagement</string>
      <string>2.10.0</string>
    </entry>
    <entry>
      <string>visits</string>
      <string>1.3.5</string>
    </entry>
    <entry>
      <string>sms</string>
      <string>1.2.5</string>
    </entry>
    <entry>
      <string>reportingrest</string>
      <string>1.11.0</string>
    </entry>
    <entry>
      <string>uiframework</string>
      <string>3.19.0</string>
    </entry>
    <entry>
      <string>event</string>
      <string>2.9.0-SNAPSHOT</string>
    </entry>
    <entry>
      <string>reporting</string>
      <string>1.21.0-SNAPSHOT</string>
    </entry>
    <entry>
      <string>callflows</string>
      <string>1.1.8</string>
    </entry>
    <entry>
      <string>htmlformentryui</string>
      <string>2.0.0-SNAPSHOT</string>
    </entry>
    <entry>
      <string>cfl</string>
      <string>1.3.1</string>
    </entry>
    <entry>
      <string>appframework</string>
      <string>2.15.0-SNAPSHOT</string>
    </entry>
    <entry>
      <string>webservices.rest</string>
      <string>2.29.1-SNAPSHOT.ccf336</string>
    </entry>
    <entry>
      <string>registrationcore</string>
      <string>1.9.0</string>
    </entry>
    <entry>
      <string>owa</string>
      <string>1.10.0</string>
    </entry>
    <entry>
      <string>vxnaid</string>
      <string>1.0.2</string>
    </entry>
    <entry>
      <string>appui</string>
      <string>1.13.0-SNAPSHOT</string>
    </entry>
  </modules>
  <items class="linked-hash-set" id="4">
    <org.openmrs.module.metadatasharing.Item id="5" uuid="0a303db1-e8be-4f19-bc79-ad8fad9e655d">
      <id>55162</id>
      <classname>org.openmrs.Concept</classname>
      <dateChanged id="6">2022-07-06 12:50:46</dateChanged>
      <retired>false</retired>
    </org.openmrs.module.metadatasharing.Item>
    <org.openmrs.module.metadatasharing.Item id="7" uuid="83352AAAAAAAAAAAAAAAAAAAAAAAAAAAAAAA">
      <id>47881</id>
      <classname>org.openmrs.Concept</classname>
      <dateChanged id="8">2022-07-06 12:50:46</dateChanged>
      <retired>false</retired>
    </org.openmrs.module.metadatasharing.Item>
    <org.openmrs.module.metadatasharing.Item id="9" uuid="6a073957-7220-4ff6-8ac8-9d0119a900fb">
      <id>55161</id>
      <classname>org.openmrs.Concept</classname>
      <dateChanged id="10">2022-07-06 12:50:46</dateChanged>
      <retired>false</retired>
    </org.openmrs.module.metadatasharing.Item>
    <org.openmrs.module.metadatasharing.Item id="11" uuid="4ef34114-3a95-4c1e-9d91-f636a412f879">
      <id>55160</id>
      <classname>org.openmrs.Concept</classname>
      <dateChanged id="12">2022-07-06 12:50:46</dateChanged>
      <retired>false</retired>
    </org.openmrs.module.metadatasharing.Item>
    <org.openmrs.module.metadatasharing.Item id="13" uuid="fe3e977e-a904-4899-b8ea-f7d40afc196f">
      <id>55163</id>
      <classname>org.openmrs.Concept</classname>
      <dateChanged id="14">2022-07-06 12:50:46</dateChanged>
      <retired>false</retired>
    </org.openmrs.module.metadatasharing.Item>
    <org.openmrs.module.metadatasharing.Item id="15" uuid="78280AAAAAAAAAAAAAAAAAAAAAAAAAAAAAAA">
      <id>49293</id>
      <classname>org.openmrs.Concept</classname>
      <dateChanged id="16">2022-07-06 12:50:46</dateChanged>
      <retired>false</retired>
    </org.openmrs.module.metadatasharing.Item>
  </items>
  <relatedItems class="linked-hash-set" id="17">
    <org.openmrs.module.metadatasharing.Item id="18" uuid="8d4a48b6-c2cc-11de-8d13-0010c6dffd0f">
      <id>2</id>
      <classname>org.openmrs.ConceptDatatype</classname>
      <dateChanged id="19">2004-02-02 00:00:00</dateChanged>
      <retired>false</retired>
    </org.openmrs.module.metadatasharing.Item>
    <org.openmrs.module.metadatasharing.Item id="20" uuid="e42d1656-2c95-4783-b624-619413743e76">
      <id>36</id>
      <classname>org.openmrs.ConceptClass</classname>
      <dateChanged id="21">2022-07-06 12:50:46</dateChanged>
      <retired>false</retired>
    </org.openmrs.module.metadatasharing.Item>
    <org.openmrs.module.metadatasharing.Item id="22" uuid="ccc721ed-df83-412a-83df-8bccde9557fc">
      <id>132839</id>
      <classname>org.openmrs.ConceptName</classname>
      <dateChanged id="23">2022-07-06 11:56:22</dateChanged>
    </org.openmrs.module.metadatasharing.Item>
    <org.openmrs.module.metadatasharing.Item id="24" uuid="55f69aa2-9f9e-4f90-8191-c94488582fad">
      <id>7025</id>
      <classname>org.openmrs.ConceptAnswer</classname>
      <dateChanged id="25">2022-07-06 11:56:22</dateChanged>
    </org.openmrs.module.metadatasharing.Item>
    <org.openmrs.module.metadatasharing.Item id="26" uuid="8d4a4c94-c2cc-11de-8d13-0010c6dffd0f">
      <id>4</id>
      <classname>org.openmrs.ConceptDatatype</classname>
      <dateChanged id="27">2004-02-02 00:00:00</dateChanged>
      <retired>false</retired>
    </org.openmrs.module.metadatasharing.Item>
    <org.openmrs.module.metadatasharing.Item id="28" uuid="8d490dfc-c2cc-11de-8d13-0010c6dffd0f">
      <id>3</id>
      <classname>org.openmrs.ConceptClass</classname>
      <dateChanged id="29">2022-07-06 12:50:46</dateChanged>
      <retired>false</retired>
    </org.openmrs.module.metadatasharing.Item>
    <org.openmrs.module.metadatasharing.Item id="30" uuid="c33b778a-5a16-4493-bf32-db30aa5a4324">
      <id>132837</id>
      <classname>org.openmrs.ConceptName</classname>
      <dateChanged id="31">2022-07-06 11:53:33</dateChanged>
    </org.openmrs.module.metadatasharing.Item>
    <org.openmrs.module.metadatasharing.Item id="32" uuid="7971217d-df0e-4e72-ba10-3529242ea282">
      <id>132838</id>
      <classname>org.openmrs.ConceptName</classname>
      <dateChanged id="33">2022-07-06 11:53:33</dateChanged>
    </org.openmrs.module.metadatasharing.Item>
    <org.openmrs.module.metadatasharing.Item id="34" uuid="f3d8d3db-d35d-4015-b1bc-456be009fb9a">
      <id>7024</id>
      <classname>org.openmrs.ConceptAnswer</classname>
      <dateChanged id="35">2022-07-06 11:56:22</dateChanged>
    </org.openmrs.module.metadatasharing.Item>
    <org.openmrs.module.metadatasharing.Item id="36" uuid="99380BBBBBBBBBBBBBBBBBBBBBBBBBBBBBBB">
      <id>118935</id>
      <classname>org.openmrs.ConceptName</classname>
      <dateChanged id="37">2022-07-06 12:50:46</dateChanged>
    </org.openmrs.module.metadatasharing.Item>
    <org.openmrs.module.metadatasharing.Item id="38" uuid="138993BBBBBBBBBBBBBBBBBBBBBBBBBBBBBB">
      <id>118937</id>
      <classname>org.openmrs.ConceptName</classname>
      <dateChanged id="39">2022-07-06 12:50:46</dateChanged>
    </org.openmrs.module.metadatasharing.Item>
    <org.openmrs.module.metadatasharing.Item id="40" uuid="95598BBBBBBBBBBBBBBBBBBBBBBBBBBBBBBB">
      <id>118939</id>
      <classname>org.openmrs.ConceptName</classname>
      <dateChanged id="41">2022-07-06 12:50:46</dateChanged>
    </org.openmrs.module.metadatasharing.Item>
    <org.openmrs.module.metadatasharing.Item id="42" uuid="138850BBBBBBBBBBBBBBBBBBBBBBBBBBBBBB">
      <id>118943</id>
      <classname>org.openmrs.ConceptName</classname>
      <dateChanged id="43">2022-07-06 12:50:46</dateChanged>
    </org.openmrs.module.metadatasharing.Item>
    <org.openmrs.module.metadatasharing.Item id="44" uuid="98233BBBBBBBBBBBBBBBBBBBBBBBBBBBBBBB">
      <id>118946</id>
      <classname>org.openmrs.ConceptName</classname>
      <dateChanged id="45">2022-07-06 12:50:46</dateChanged>
    </org.openmrs.module.metadatasharing.Item>
    <org.openmrs.module.metadatasharing.Item id="46" uuid="135978BBBBBBBBBBBBBBBBBBBBBBBBBBBBBB">
      <id>118948</id>
      <classname>org.openmrs.ConceptName</classname>
      <dateChanged id="47">2022-07-06 12:50:46</dateChanged>
    </org.openmrs.module.metadatasharing.Item>
    <org.openmrs.module.metadatasharing.Item id="48" uuid="107647BBBBBBBBBBBBBBBBBBBBBBBBBBBBBB">
      <id>118955</id>
      <classname>org.openmrs.ConceptName</classname>
      <dateChanged id="49">2022-07-06 12:50:46</dateChanged>
    </org.openmrs.module.metadatasharing.Item>
    <org.openmrs.module.metadatasharing.Item id="50" uuid="6234BBBBBBBBBBBBBBBBBBBBBBBBBBBBBBBB">
      <id>118958</id>
      <classname>org.openmrs.ConceptName</classname>
      <dateChanged id="51">2022-07-06 12:50:46</dateChanged>
    </org.openmrs.module.metadatasharing.Item>
    <org.openmrs.module.metadatasharing.Item id="52" uuid="16532FFFFFFFFFFFFFFFFFFFFFFFFFFFFFFF">
      <id>13492</id>
      <classname>org.openmrs.ConceptDescription</classname>
      <dateChanged id="53">2022-07-06 12:50:46</dateChanged>
    </org.openmrs.module.metadatasharing.Item>
    <org.openmrs.module.metadatasharing.Item id="54" uuid="134448ABBBBBBBBBBBBBBBBBBBBBBBBBBBBB">
      <id>164701</id>
      <classname>org.openmrs.ConceptMap</classname>
      <dateChanged id="55">2022-07-06 12:50:46</dateChanged>
    </org.openmrs.module.metadatasharing.Item>
    <org.openmrs.module.metadatasharing.Item id="56" uuid="35543629-7d8c-11e1-909d-c80aa9edcf4e">
      <id>1</id>
      <classname>org.openmrs.ConceptMapType</classname>
      <dateChanged id="57">2022-07-06 12:50:48</dateChanged>
      <retired>false</retired>
    </org.openmrs.module.metadatasharing.Item>
    <org.openmrs.module.metadatasharing.Item id="58" uuid="c8bae0cb-4baa-4175-855f-72c2c2eed54d">
      <id>146306</id>
      <classname>org.openmrs.ConceptReferenceTerm</classname>
      <dateChanged id="59">2022-07-06 12:50:46</dateChanged>
      <retired>false</retired>
    </org.openmrs.module.metadatasharing.Item>
    <org.openmrs.module.metadatasharing.Item id="60" uuid="7ea90041-b784-5b8a-b26a-152ea4a3af8f">
      <id>31</id>
      <classname>org.openmrs.ConceptSource</classname>
      <dateChanged id="61">2022-07-06 12:50:46</dateChanged>
      <retired>false</retired>
    </org.openmrs.module.metadatasharing.Item>
    <org.openmrs.module.metadatasharing.Item id="62" uuid="135202ABBBBBBBBBBBBBBBBBBBBBBBBBBBBB">
      <id>164681</id>
      <classname>org.openmrs.ConceptMap</classname>
      <dateChanged id="63">2022-07-06 12:50:46</dateChanged>
    </org.openmrs.module.metadatasharing.Item>
    <org.openmrs.module.metadatasharing.Item id="64" uuid="f24ab68b-5974-4939-b429-4e75553396fc">
      <id>141268</id>
      <classname>org.openmrs.ConceptReferenceTerm</classname>
      <dateChanged id="65">2022-07-06 12:50:46</dateChanged>
      <retired>false</retired>
    </org.openmrs.module.metadatasharing.Item>
    <org.openmrs.module.metadatasharing.Item id="66" uuid="135196ABBBBBBBBBBBBBBBBBBBBBBBBBBBBB">
      <id>164773</id>
      <classname>org.openmrs.ConceptMap</classname>
      <dateChanged id="67">2022-07-06 12:50:46</dateChanged>
    </org.openmrs.module.metadatasharing.Item>
    <org.openmrs.module.metadatasharing.Item id="68" uuid="cc98c59b-d8f1-4110-a5e5-0b4bfa083677">
      <id>141335</id>
      <classname>org.openmrs.ConceptReferenceTerm</classname>
      <dateChanged id="69">2022-07-06 12:50:46</dateChanged>
      <retired>false</retired>
    </org.openmrs.module.metadatasharing.Item>
    <org.openmrs.module.metadatasharing.Item id="70" uuid="b6aa2afb-fa00-3430-b8fe-861505f105ea">
      <id>164692</id>
      <classname>org.openmrs.ConceptMap</classname>
      <dateChanged id="71">2022-07-06 12:50:46</dateChanged>
    </org.openmrs.module.metadatasharing.Item>
    <org.openmrs.module.metadatasharing.Item id="72" uuid="b3addd68-a128-4cf0-b91d-97182aa580ae">
      <id>146298</id>
      <classname>org.openmrs.ConceptReferenceTerm</classname>
      <dateChanged id="73">2022-07-06 12:50:46</dateChanged>
      <retired>false</retired>
    </org.openmrs.module.metadatasharing.Item>
    <org.openmrs.module.metadatasharing.Item id="74" uuid="de7432c3-52d7-5f84-aff4-dbaaf9cfc49d">
      <id>2</id>
      <classname>org.openmrs.ConceptSource</classname>
      <dateChanged id="75">2022-07-06 12:50:48</dateChanged>
      <retired>false</retired>
    </org.openmrs.module.metadatasharing.Item>
    <org.openmrs.module.metadatasharing.Item id="76" uuid="135213ABBBBBBBBBBBBBBBBBBBBBBBBBBBBB">
      <id>164651</id>
      <classname>org.openmrs.ConceptMap</classname>
      <dateChanged id="77">2022-07-06 12:50:46</dateChanged>
    </org.openmrs.module.metadatasharing.Item>
    <org.openmrs.module.metadatasharing.Item id="78" uuid="caefb130-342b-4400-b296-5899edf1f7c1">
      <id>141246</id>
      <classname>org.openmrs.ConceptReferenceTerm</classname>
      <dateChanged id="79">2022-07-06 12:50:46</dateChanged>
      <retired>false</retired>
    </org.openmrs.module.metadatasharing.Item>
    <org.openmrs.module.metadatasharing.Item id="80" uuid="143575ABBBBBBBBBBBBBBBBBBBBBBBBBBBBB">
      <id>164576</id>
      <classname>org.openmrs.ConceptMap</classname>
      <dateChanged id="81">2022-07-06 12:50:46</dateChanged>
    </org.openmrs.module.metadatasharing.Item>
    <org.openmrs.module.metadatasharing.Item id="82" uuid="01565bac-55f0-4bbb-9890-da066056d5c1">
      <id>146186</id>
      <classname>org.openmrs.ConceptReferenceTerm</classname>
      <dateChanged id="83">2022-07-06 12:50:46</dateChanged>
      <retired>false</retired>
    </org.openmrs.module.metadatasharing.Item>
    <org.openmrs.module.metadatasharing.Item id="84" uuid="71713b98-4ee1-5e46-ae0b-45bc4b3875ea">
      <id>15</id>
      <classname>org.openmrs.ConceptSource</classname>
      <dateChanged id="85">2022-07-06 12:50:46</dateChanged>
      <retired>false</retired>
    </org.openmrs.module.metadatasharing.Item>
    <org.openmrs.module.metadatasharing.Item id="86" uuid="129803ABBBBBBBBBBBBBBBBBBBBBBBBBBBBB">
      <id>164729</id>
      <classname>org.openmrs.ConceptMap</classname>
      <dateChanged id="87">2022-07-06 12:50:46</dateChanged>
    </org.openmrs.module.metadatasharing.Item>
    <org.openmrs.module.metadatasharing.Item id="88" uuid="ac879e1f-a13d-4e63-ab4a-951f997fef65">
      <id>146332</id>
      <classname>org.openmrs.ConceptReferenceTerm</classname>
      <dateChanged id="89">2022-07-06 12:50:46</dateChanged>
      <retired>false</retired>
    </org.openmrs.module.metadatasharing.Item>
    <org.openmrs.module.metadatasharing.Item id="90" uuid="81e4674d-4e52-570c-adc4-d6f5adeaf0de">
      <id>10</id>
      <classname>org.openmrs.ConceptSource</classname>
      <dateChanged id="91">2022-07-06 12:50:46</dateChanged>
      <retired>false</retired>
    </org.openmrs.module.metadatasharing.Item>
    <org.openmrs.module.metadatasharing.Item id="92" uuid="135217ABBBBBBBBBBBBBBBBBBBBBBBBBBBBB">
      <id>164734</id>
      <classname>org.openmrs.ConceptMap</classname>
      <dateChanged id="93">2022-07-06 12:50:46</dateChanged>
    </org.openmrs.module.metadatasharing.Item>
    <org.openmrs.module.metadatasharing.Item id="94" uuid="83bd96fe-7e06-4248-9e7c-3fdce70eb59c">
      <id>139799</id>
      <classname>org.openmrs.ConceptReferenceTerm</classname>
      <dateChanged id="95">2022-07-06 12:50:46</dateChanged>
      <retired>false</retired>
    </org.openmrs.module.metadatasharing.Item>
    <org.openmrs.module.metadatasharing.Item id="96" uuid="138822ABBBBBBBBBBBBBBBBBBBBBBBBBBBBB">
      <id>164708</id>
      <classname>org.openmrs.ConceptMap</classname>
      <dateChanged id="97">2022-07-06 12:50:46</dateChanged>
    </org.openmrs.module.metadatasharing.Item>
    <org.openmrs.module.metadatasharing.Item id="98" uuid="1e4ae9d9-15ce-460d-beb3-95984ad7aed2">
      <id>506</id>
      <classname>org.openmrs.ConceptReferenceTerm</classname>
      <dateChanged id="99">2022-07-06 12:50:46</dateChanged>
      <retired>false</retired>
    </org.openmrs.module.metadatasharing.Item>
    <org.openmrs.module.metadatasharing.Item id="100" uuid="171a5df4-acac-5e9b-b59b-50ecc9460a4a">
      <id>4</id>
      <classname>org.openmrs.ConceptSource</classname>
      <dateChanged id="101">2022-07-06 12:50:48</dateChanged>
      <retired>false</retired>
    </org.openmrs.module.metadatasharing.Item>
    <org.openmrs.module.metadatasharing.Item id="102" uuid="135208ABBBBBBBBBBBBBBBBBBBBBBBBBBBBB">
      <id>164750</id>
      <classname>org.openmrs.ConceptMap</classname>
      <dateChanged id="103">2022-07-06 12:50:46</dateChanged>
    </org.openmrs.module.metadatasharing.Item>
    <org.openmrs.module.metadatasharing.Item id="104" uuid="af38acff-6043-420d-a19b-dced4d0fe178">
      <id>141312</id>
      <classname>org.openmrs.ConceptReferenceTerm</classname>
      <dateChanged id="105">2022-07-06 12:50:46</dateChanged>
      <retired>false</retired>
    </org.openmrs.module.metadatasharing.Item>
    <org.openmrs.module.metadatasharing.Item id="106" uuid="134371ABBBBBBBBBBBBBBBBBBBBBBBBBBBBB">
      <id>164814</id>
      <classname>org.openmrs.ConceptMap</classname>
      <dateChanged id="107">2022-07-06 12:50:46</dateChanged>
    </org.openmrs.module.metadatasharing.Item>
    <org.openmrs.module.metadatasharing.Item id="108" uuid="d3901ba8-1503-4cf0-937d-80478b98f484">
      <id>146412</id>
      <classname>org.openmrs.ConceptReferenceTerm</classname>
      <dateChanged id="109">2022-07-06 12:50:46</dateChanged>
      <retired>false</retired>
    </org.openmrs.module.metadatasharing.Item>
    <org.openmrs.module.metadatasharing.Item id="110" uuid="137882ABBBBBBBBBBBBBBBBBBBBBBBBBBBBB">
      <id>164619</id>
      <classname>org.openmrs.ConceptMap</classname>
      <dateChanged id="111">2022-07-06 12:50:46</dateChanged>
    </org.openmrs.module.metadatasharing.Item>
    <org.openmrs.module.metadatasharing.Item id="112" uuid="569f13eb-e6dd-4b5b-a8fd-51f3e6cffb2c">
      <id>146228</id>
      <classname>org.openmrs.ConceptReferenceTerm</classname>
      <dateChanged id="113">2022-07-06 12:50:46</dateChanged>
      <retired>false</retired>
    </org.openmrs.module.metadatasharing.Item>
    <org.openmrs.module.metadatasharing.Item id="114" uuid="7ffb76d5-ff2b-527d-a585-cf2106882c3b">
      <id>36</id>
      <classname>org.openmrs.ConceptSource</classname>
      <dateChanged id="115">2022-07-06 12:50:46</dateChanged>
      <retired>false</retired>
    </org.openmrs.module.metadatasharing.Item>
    <org.openmrs.module.metadatasharing.Item id="116" uuid="6a0fd40e-e989-421f-87f3-8637378e1182">
      <id>7023</id>
      <classname>org.openmrs.ConceptAnswer</classname>
      <dateChanged id="117">2022-07-06 11:56:22</dateChanged>
    </org.openmrs.module.metadatasharing.Item>
    <org.openmrs.module.metadatasharing.Item id="118" uuid="7816BBBBBBBBBBBBBBBBBBBBBBBBBBBBBBBB">
      <id>115562</id>
      <classname>org.openmrs.ConceptName</classname>
      <dateChanged id="119">2022-07-06 12:50:46</dateChanged>
    </org.openmrs.module.metadatasharing.Item>
    <org.openmrs.module.metadatasharing.Item id="120" uuid="94994BBBBBBBBBBBBBBBBBBBBBBBBBBBBBBB">
      <id>115563</id>
      <classname>org.openmrs.ConceptName</classname>
      <dateChanged id="121">2022-07-06 12:50:46</dateChanged>
    </org.openmrs.module.metadatasharing.Item>
    <org.openmrs.module.metadatasharing.Item id="122" uuid="107657BBBBBBBBBBBBBBBBBBBBBBBBBBBBBB">
      <id>115565</id>
      <classname>org.openmrs.ConceptName</classname>
      <dateChanged id="123">2022-07-06 12:50:46</dateChanged>
    </org.openmrs.module.metadatasharing.Item>
    <org.openmrs.module.metadatasharing.Item id="124" uuid="16540FFFFFFFFFFFFFFFFFFFFFFFFFFFFFFF">
      <id>13481</id>
      <classname>org.openmrs.ConceptDescription</classname>
      <dateChanged id="125">2022-07-06 12:50:46</dateChanged>
    </org.openmrs.module.metadatasharing.Item>
    <org.openmrs.module.metadatasharing.Item id="126" uuid="7d35170b-c875-349d-8d31-5a87d6d46294">
      <id>159654</id>
      <classname>org.openmrs.ConceptMap</classname>
      <dateChanged id="127">2022-07-06 12:50:46</dateChanged>
    </org.openmrs.module.metadatasharing.Item>
    <org.openmrs.module.metadatasharing.Item id="128" uuid="79ef9fc9-f208-48b6-97f6-eb35d8514cb7">
      <id>141392</id>
      <classname>org.openmrs.ConceptReferenceTerm</classname>
      <dateChanged id="129">2022-07-06 12:50:46</dateChanged>
      <retired>false</retired>
    </org.openmrs.module.metadatasharing.Item>
    <org.openmrs.module.metadatasharing.Item id="130" uuid="137891ABBBBBBBBBBBBBBBBBBBBBBBBBBBBB">
      <id>159699</id>
      <classname>org.openmrs.ConceptMap</classname>
      <dateChanged id="131">2022-07-06 12:50:46</dateChanged>
    </org.openmrs.module.metadatasharing.Item>
    <org.openmrs.module.metadatasharing.Item id="132" uuid="d8f84985-aa35-4a79-b30b-96344aecc1ec">
      <id>141435</id>
      <classname>org.openmrs.ConceptReferenceTerm</classname>
      <dateChanged id="133">2022-07-06 12:50:46</dateChanged>
      <retired>false</retired>
    </org.openmrs.module.metadatasharing.Item>
    <org.openmrs.module.metadatasharing.Item id="134" uuid="133313ABBBBBBBBBBBBBBBBBBBBBBBBBBBBB">
      <id>159715</id>
      <classname>org.openmrs.ConceptMap</classname>
      <dateChanged id="135">2022-07-06 12:50:46</dateChanged>
    </org.openmrs.module.metadatasharing.Item>
    <org.openmrs.module.metadatasharing.Item id="136" uuid="ef16c0ac-63ce-400e-b6eb-57262e51a873">
      <id>141451</id>
      <classname>org.openmrs.ConceptReferenceTerm</classname>
      <dateChanged id="137">2022-07-06 12:50:46</dateChanged>
      <retired>false</retired>
    </org.openmrs.module.metadatasharing.Item>
    <org.openmrs.module.metadatasharing.Item id="138" uuid="137892ABBBBBBBBBBBBBBBBBBBBBBBBBBBBB">
      <id>159673</id>
      <classname>org.openmrs.ConceptMap</classname>
      <dateChanged id="139">2022-07-06 12:50:46</dateChanged>
    </org.openmrs.module.metadatasharing.Item>
    <org.openmrs.module.metadatasharing.Item id="140" uuid="5eb93926-4d16-44a8-b6a0-6654a3bf1461">
      <id>141411</id>
      <classname>org.openmrs.ConceptReferenceTerm</classname>
      <dateChanged id="141">2022-07-06 12:50:46</dateChanged>
      <retired>false</retired>
    </org.openmrs.module.metadatasharing.Item>
    <org.openmrs.module.metadatasharing.Item id="142" uuid="131384ABBBBBBBBBBBBBBBBBBBBBBBBBBBBB">
      <id>159722</id>
      <classname>org.openmrs.ConceptMap</classname>
      <dateChanged id="143">2022-07-06 12:50:46</dateChanged>
    </org.openmrs.module.metadatasharing.Item>
    <org.openmrs.module.metadatasharing.Item id="144" uuid="dac38abc-162e-41d0-b233-95ad56d75647">
      <id>141458</id>
      <classname>org.openmrs.ConceptReferenceTerm</classname>
      <dateChanged id="145">2022-07-06 12:50:46</dateChanged>
      <retired>false</retired>
    </org.openmrs.module.metadatasharing.Item>
    <org.openmrs.module.metadatasharing.Item id="146" uuid="09f024b3-906b-4f19-a70e-334fcec2ecd8">
      <id>7022</id>
      <classname>org.openmrs.ConceptAnswer</classname>
      <dateChanged id="147">2022-07-06 11:56:22</dateChanged>
    </org.openmrs.module.metadatasharing.Item>
    <org.openmrs.module.metadatasharing.Item id="148" uuid="25a43ed5-f74b-4be4-99cd-385b3d4325f8">
      <id>132835</id>
      <classname>org.openmrs.ConceptName</classname>
      <dateChanged id="149">2022-07-06 11:53:45</dateChanged>
    </org.openmrs.module.metadatasharing.Item>
    <org.openmrs.module.metadatasharing.Item id="150" uuid="bf741e7f-0f79-4335-9c84-1141645cb402">
      <id>132836</id>
      <classname>org.openmrs.ConceptName</classname>
      <dateChanged id="151">2022-07-06 11:53:45</dateChanged>
    </org.openmrs.module.metadatasharing.Item>
    <org.openmrs.module.metadatasharing.Item id="152" uuid="8d4a4ab4-c2cc-11de-8d13-0010c6dffd0f">
      <id>3</id>
      <classname>org.openmrs.ConceptDatatype</classname>
      <dateChanged id="153">2004-02-02 00:00:00</dateChanged>
      <retired>false</retired>
    </org.openmrs.module.metadatasharing.Item>
    <org.openmrs.module.metadatasharing.Item id="154" uuid="f116385b-dcb4-47e5-88cc-dd26426522a9">
      <id>132840</id>
      <classname>org.openmrs.ConceptName</classname>
      <dateChanged id="155">2022-07-06 11:56:49</dateChanged>
    </org.openmrs.module.metadatasharing.Item>
  </relatedItems>
</package>
