<?xml version="1.0" encoding="UTF-8"?>
<list id="1">
  <org.openmrs.Concept id="2" uuid="0a303db1-e8be-4f19-bc79-ad8fad9e655d">
    <conceptId>55162</conceptId>
    <retired>false</retired>
    <datatype id="3" resolves-to="org.openmrs.ConceptDatatype" uuid="8d4a48b6-c2cc-11de-8d13-0010c6dffd0f">
      <name>Coded</name>
      <description>Value determined by term dictionary lookup (i.e., term identifier)</description>
      <creator/>
      <dateCreated id="4">2004-02-02 00:00:00</dateCreated>
      <retired>false</retired>
      <conceptDatatypeId>2</conceptDatatypeId>
      <hl7Abbreviation>CWE</hl7Abbreviation>
    </datatype>
    <conceptClass id="5" resolves-to="org.openmrs.ConceptClass" uuid="e42d1656-2c95-4783-b624-619413743e76">
      <name>Visit Outcome Question</name>
      <description>Class representing outcome question related to visit</description>
      <creator/>
      <dateCreated id="6">2022-07-06 09:02:26</dateCreated>
      <changedBy/>
      <dateChanged id="7">2022-07-06 12:50:46</dateChanged>
      <retired>false</retired>
      <conceptClassId>36</conceptClassId>
    </conceptClass>
    <set>false</set>
    <creator/>
    <dateCreated id="8">2022-07-06 11:56:22</dateCreated>
    <changedBy/>
    <dateChanged id="9">2022-07-06 12:50:46</dateChanged>
    <names class="set" id="10">
      <org.openmrs.ConceptName id="11" uuid="ccc721ed-df83-412a-83df-8bccde9557fc">
        <conceptNameId>132839</conceptNameId>
        <concept reference="2"/>
        <name>Medication provided to the Patient</name>
        <locale id="12">en</locale>
        <creator/>
        <dateCreated id="13">2022-07-06 11:56:22</dateCreated>
        <voided>false</voided>
        <tags class="set" id="14"/>
        <conceptNameType>FULLY_SPECIFIED</conceptNameType>
        <localePreferred>true</localePreferred>
      </org.openmrs.ConceptName>
    </names>
    <answers class="set" id="15">
      <org.openmrs.ConceptAnswer id="16" uuid="09f024b3-906b-4f19-a70e-334fcec2ecd8">
        <conceptAnswerId>7022</conceptAnswerId>
        <concept reference="2"/>
        <answerConcept id="17" resolves-to="org.openmrs.Concept" uuid="4ef34114-3a95-4c1e-9d91-f636a412f879">
          <conceptId>55160</conceptId>
          <retired>false</retired>
          <datatype id="18" resolves-to="org.openmrs.ConceptDatatype" uuid="8d4a4c94-c2cc-11de-8d13-0010c6dffd0f">
            <name>N/A</name>
            <description>Not associated with a datatype (e.g., term answers, sets)</description>
            <creator/>
            <dateCreated id="19">2004-02-02 00:00:00</dateCreated>
            <retired>false</retired>
            <conceptDatatypeId>4</conceptDatatypeId>
            <hl7Abbreviation>ZZ</hl7Abbreviation>
          </datatype>
          <conceptClass id="20" resolves-to="org.openmrs.ConceptClass" uuid="8d490dfc-c2cc-11de-8d13-0010c6dffd0f">
            <name>Drug</name>
            <description>Drug</description>
            <creator/>
            <dateCreated id="21">2004-02-02 00:00:00</dateCreated>
            <changedBy/>
            <dateChanged id="22">2022-07-06 12:50:46</dateChanged>
            <retired>false</retired>
            <conceptClassId>3</conceptClassId>
          </conceptClass>
          <set>false</set>
          <creator/>
          <dateCreated id="23">2022-07-06 11:53:45</dateCreated>
          <changedBy/>
          <dateChanged id="24">2022-07-06 12:50:46</dateChanged>
          <names class="set" id="25">
            <org.openmrs.ConceptName id="26" uuid="25a43ed5-f74b-4be4-99cd-385b3d4325f8">
              <conceptNameId>132835</conceptNameId>
              <concept reference="17"/>
              <name>Pyridoxin</name>
              <locale id="27">en</locale>
              <creator/>
              <dateCreated id="28">2022-07-06 11:53:45</dateCreated>
              <voided>false</voided>
              <tags class="set" id="29"/>
              <conceptNameType>SHORT</conceptNameType>
              <localePreferred>false</localePreferred>
            </org.openmrs.ConceptName>
            <org.openmrs.ConceptName id="30" uuid="bf741e7f-0f79-4335-9c84-1141645cb402">
              <conceptNameId>132836</conceptNameId>
              <concept reference="17"/>
              <name>Pyridoxin</name>
              <locale id="31">en</locale>
              <creator/>
              <dateCreated id="32">2022-07-06 11:53:45</dateCreated>
              <voided>false</voided>
              <tags class="set" id="33"/>
              <conceptNameType>FULLY_SPECIFIED</conceptNameType>
              <localePreferred>true</localePreferred>
            </org.openmrs.ConceptName>
          </names>
          <answers class="set" id="34"/>
          <conceptSets class="set" id="35"/>
          <descriptions class="set" id="36"/>
          <conceptMappings class="set" id="37"/>
          <attributes id="38"/>
        </answerConcept>
        <creator/>
        <dateCreated id="39">2022-07-06 11:56:22</dateCreated>
        <sortWeight>4.0</sortWeight>
      </org.openmrs.ConceptAnswer>
      <org.openmrs.ConceptAnswer id="40" uuid="6a0fd40e-e989-421f-87f3-8637378e1182">
        <conceptAnswerId>7023</conceptAnswerId>
        <concept reference="2"/>
        <answerConcept id="41" resolves-to="org.openmrs.Concept" uuid="83352AAAAAAAAAAAAAAAAAAAAAAAAAAAAAAA">
          <conceptId>47881</conceptId>
          <retired>false</retired>
          <datatype reference="18"/>
          <conceptClass reference="20"/>
          <set>false</set>
          <creator/>
          <dateCreated id="42">2022-07-01 07:35:12</dateCreated>
          <changedBy/>
          <dateChanged id="43">2022-07-06 12:50:46</dateChanged>
          <names class="set" id="44">
            <org.openmrs.ConceptName id="45" uuid="7816BBBBBBBBBBBBBBBBBBBBBBBBBBBBBBBB">
              <conceptNameId>115562</conceptNameId>
              <concept reference="41"/>
              <name>Rifabutin</name>
              <locale id="46">en</locale>
              <creator/>
              <dateCreated id="47">2022-07-01 07:35:12</dateCreated>
              <voided>false</voided>
              <tags class="set" id="48"/>
              <conceptNameType>FULLY_SPECIFIED</conceptNameType>
              <localePreferred>true</localePreferred>
              <changedBy/>
              <dateChanged id="49">2022-07-06 12:50:46</dateChanged>
            </org.openmrs.ConceptName>
            <org.openmrs.ConceptName id="50" uuid="94994BBBBBBBBBBBBBBBBBBBBBBBBBBBBBBB">
              <conceptNameId>115563</conceptNameId>
              <concept reference="41"/>
              <name>Mycobutin</name>
              <locale id="51">en</locale>
              <creator/>
              <dateCreated id="52">2022-07-01 07:35:12</dateCreated>
              <voided>false</voided>
              <tags class="set" id="53"/>
              <localePreferred>false</localePreferred>
              <changedBy/>
              <dateChanged id="54">2022-07-06 12:50:46</dateChanged>
            </org.openmrs.ConceptName>
            <org.openmrs.ConceptName id="55" uuid="107657BBBBBBBBBBBBBBBBBBBBBBBBBBBBBB">
              <conceptNameId>115565</conceptNameId>
              <concept reference="41"/>
              <name>RFB</name>
              <locale id="56">en</locale>
              <creator/>
              <dateCreated id="57">2022-07-01 07:35:12</dateCreated>
              <voided>false</voided>
              <tags class="set" id="58"/>
              <conceptNameType>SHORT</conceptNameType>
              <localePreferred>false</localePreferred>
              <changedBy/>
              <dateChanged id="59">2022-07-06 12:50:46</dateChanged>
            </org.openmrs.ConceptName>
          </names>
          <answers class="set" id="60"/>
          <conceptSets class="set" id="61"/>
          <descriptions class="set" id="62">
            <org.openmrs.ConceptDescription id="63" uuid="16540FFFFFFFFFFFFFFFFFFFFFFFFFFFFFFF">
              <conceptDescriptionId>13481</conceptDescriptionId>
              <concept reference="41"/>
              <description>Reinforcement TB med with unclear efficacy. Rifabutin is a bactericidal antibiotic drug primarily used in the treatment of tuberculosis.</description>
              <locale id="64">en</locale>
              <creator/>
              <dateCreated id="65">2022-07-01 07:35:12</dateCreated>
              <changedBy/>
              <dateChanged id="66">2022-07-06 12:50:46</dateChanged>
            </org.openmrs.ConceptDescription>
          </descriptions>
          <conceptMappings class="set" id="67">
            <org.openmrs.ConceptMap id="68" uuid="7d35170b-c875-349d-8d31-5a87d6d46294">
              <conceptMapType id="69" resolves-to="org.openmrs.ConceptMapType" uuid="35543629-7d8c-11e1-909d-c80aa9edcf4e">
                <name>SAME-AS</name>
                <creator/>
                <dateCreated id="70">2018-10-12 00:00:00</dateCreated>
                <changedBy/>
                <dateChanged id="71">2022-07-06 12:50:48</dateChanged>
                <retired>false</retired>
                <conceptMapTypeId>1</conceptMapTypeId>
                <isHidden>false</isHidden>
              </conceptMapType>
              <creator/>
              <changedBy/>
              <dateCreated id="72">2022-07-01 07:46:22</dateCreated>
              <dateChanged id="73">2022-07-06 12:50:46</dateChanged>
              <conceptMapId>159654</conceptMapId>
              <concept reference="41"/>
              <conceptReferenceTerm id="74" resolves-to="org.openmrs.ConceptReferenceTerm" uuid="79ef9fc9-f208-48b6-97f6-eb35d8514cb7">
                <creator/>
                <dateCreated id="75">2022-07-01 07:46:22</dateCreated>
                <changedBy/>
                <dateChanged id="76">2022-07-06 12:50:46</dateChanged>
                <retired>false</retired>
                <conceptReferenceTermId>141392</conceptReferenceTermId>
                <conceptSource id="77" resolves-to="org.openmrs.ConceptSource" uuid="de7432c3-52d7-5f84-aff4-dbaaf9cfc49d">
                  <name>CIEL</name>
                  <description>Columbia International eHealth Laboratory concept ID</description>
                  <creator/>
                  <dateCreated id="78">2013-07-03 15:55:03</dateCreated>
                  <changedBy/>
                  <dateChanged id="79">2022-07-06 12:50:48</dateChanged>
                  <retired>false</retired>
                  <conceptSourceId>2</conceptSourceId>
                </conceptSource>
                <code>83352</code>
                <conceptReferenceTermMaps id="80"/>
              </conceptReferenceTerm>
            </org.openmrs.ConceptMap>
            <org.openmrs.ConceptMap id="81" uuid="137891ABBBBBBBBBBBBBBBBBBBBBBBBBBBBB">
              <conceptMapType reference="69"/>
              <creator/>
              <changedBy/>
              <dateCreated id="82">2022-07-01 07:46:22</dateCreated>
              <dateChanged id="83">2022-07-06 12:50:46</dateChanged>
              <conceptMapId>159699</conceptMapId>
              <concept reference="41"/>
              <conceptReferenceTerm id="84" resolves-to="org.openmrs.ConceptReferenceTerm" uuid="d8f84985-aa35-4a79-b30b-96344aecc1ec">
                <creator/>
                <dateCreated id="85">2022-07-01 07:46:22</dateCreated>
                <changedBy/>
                <dateChanged id="86">2022-07-06 12:50:46</dateChanged>
                <retired>false</retired>
                <conceptReferenceTermId>141435</conceptReferenceTermId>
                <conceptSource id="87" resolves-to="org.openmrs.ConceptSource" uuid="171a5df4-acac-5e9b-b59b-50ecc9460a4a">
                  <name>SNOMED-CT</name>
                  <description>Imported from https://api.openconceptlab.org/orgs/CIEL/sources/CIEL/mappings/1000667/</description>
                  <creator/>
                  <dateCreated id="88">2022-01-03 16:36:31</dateCreated>
                  <changedBy/>
                  <dateChanged id="89">2022-07-06 12:50:48</dateChanged>
                  <retired>false</retired>
                  <conceptSourceId>4</conceptSourceId>
                </conceptSource>
                <code>108684009</code>
                <conceptReferenceTermMaps id="90"/>
              </conceptReferenceTerm>
            </org.openmrs.ConceptMap>
            <org.openmrs.ConceptMap id="91" uuid="133313ABBBBBBBBBBBBBBBBBBBBBBBBBBBBB">
              <conceptMapType reference="69"/>
              <creator/>
              <changedBy/>
              <dateCreated id="92">2022-07-01 07:46:22</dateCreated>
              <dateChanged id="93">2022-07-06 12:50:46</dateChanged>
              <conceptMapId>159715</conceptMapId>
              <concept reference="41"/>
              <conceptReferenceTerm id="94" resolves-to="org.openmrs.ConceptReferenceTerm" uuid="ef16c0ac-63ce-400e-b6eb-57262e51a873">
                <creator/>
                <dateCreated id="95">2022-07-01 07:46:22</dateCreated>
                <changedBy/>
                <dateChanged id="96">2022-07-06 12:50:46</dateChanged>
                <retired>false</retired>
                <conceptReferenceTermId>141451</conceptReferenceTermId>
                <conceptSource id="97" resolves-to="org.openmrs.ConceptSource" uuid="71713b98-4ee1-5e46-ae0b-45bc4b3875ea">
                  <name>PIH</name>
                  <description>Imported from /orgs/CIEL/sources/CIEL/mappings/630775/</description>
                  <creator/>
                  <dateCreated id="98">2022-07-01 07:35:28</dateCreated>
                  <changedBy/>
                  <dateChanged id="99">2022-07-06 12:50:46</dateChanged>
                  <retired>false</retired>
                  <conceptSourceId>15</conceptSourceId>
                </conceptSource>
                <code>2460</code>
                <conceptReferenceTermMaps id="100"/>
              </conceptReferenceTerm>
            </org.openmrs.ConceptMap>
            <org.openmrs.ConceptMap id="101" uuid="137892ABBBBBBBBBBBBBBBBBBBBBBBBBBBBB">
              <conceptMapType reference="69"/>
              <creator/>
              <changedBy/>
              <dateCreated id="102">2022-07-01 07:46:22</dateCreated>
              <dateChanged id="103">2022-07-06 12:50:46</dateChanged>
              <conceptMapId>159673</conceptMapId>
              <concept reference="41"/>
              <conceptReferenceTerm id="104" resolves-to="org.openmrs.ConceptReferenceTerm" uuid="5eb93926-4d16-44a8-b6a0-6654a3bf1461">
                <creator/>
                <dateCreated id="105">2022-07-01 07:46:22</dateCreated>
                <changedBy/>
                <dateChanged id="106">2022-07-06 12:50:46</dateChanged>
                <retired>false</retired>
                <conceptReferenceTermId>141411</conceptReferenceTermId>
                <conceptSource id="107" resolves-to="org.openmrs.ConceptSource" uuid="7ffb76d5-ff2b-527d-a585-cf2106882c3b">
                  <name>org.openmrs.module.mdrtb</name>
                  <description>Imported from /orgs/CIEL/sources/CIEL/mappings/317335/</description>
                  <creator/>
                  <dateCreated id="108">2022-07-01 07:36:35</dateCreated>
                  <changedBy/>
                  <dateChanged id="109">2022-07-06 12:50:46</dateChanged>
                  <retired>false</retired>
                  <conceptSourceId>36</conceptSourceId>
                </conceptSource>
                <code>RIFABUTINE</code>
                <conceptReferenceTermMaps id="110"/>
              </conceptReferenceTerm>
            </org.openmrs.ConceptMap>
            <org.openmrs.ConceptMap id="111" uuid="131384ABBBBBBBBBBBBBBBBBBBBBBBBBBBBB">
              <conceptMapType reference="69"/>
              <creator/>
              <changedBy/>
              <dateCreated id="112">2022-07-01 07:46:22</dateCreated>
              <dateChanged id="113">2022-07-06 12:50:46</dateChanged>
              <conceptMapId>159722</conceptMapId>
              <concept reference="41"/>
              <conceptReferenceTerm id="114" resolves-to="org.openmrs.ConceptReferenceTerm" uuid="dac38abc-162e-41d0-b233-95ad56d75647">
                <creator/>
                <dateCreated id="115">2022-07-01 07:46:22</dateCreated>
                <changedBy/>
                <dateChanged id="116">2022-07-06 12:50:46</dateChanged>
                <retired>false</retired>
                <conceptReferenceTermId>141458</conceptReferenceTermId>
                <conceptSource id="117" resolves-to="org.openmrs.ConceptSource" uuid="81e4674d-4e52-570c-adc4-d6f5adeaf0de">
                  <name>RxNORM</name>
                  <description>Imported from /orgs/CIEL/sources/CIEL/mappings/956519/</description>
                  <creator/>
                  <dateCreated id="118">2022-07-01 07:35:27</dateCreated>
                  <changedBy/>
                  <dateChanged id="119">2022-07-06 12:50:46</dateChanged>
                  <retired>false</retired>
                  <conceptSourceId>10</conceptSourceId>
                </conceptSource>
                <code>55672</code>
                <conceptReferenceTermMaps id="120"/>
              </conceptReferenceTerm>
            </org.openmrs.ConceptMap>
          </conceptMappings>
          <attributes id="121"/>
        </answerConcept>
        <creator/>
        <dateCreated id="122">2022-07-06 11:56:22</dateCreated>
        <sortWeight>3.0</sortWeight>
      </org.openmrs.ConceptAnswer>
      <org.openmrs.ConceptAnswer id="123" uuid="f3d8d3db-d35d-4015-b1bc-456be009fb9a">
        <conceptAnswerId>7024</conceptAnswerId>
        <concept reference="2"/>
        <answerConcept id="124" resolves-to="org.openmrs.Concept" uuid="78280AAAAAAAAAAAAAAAAAAAAAAAAAAAAAAA">
          <conceptId>49293</conceptId>
          <retired>false</retired>
          <datatype reference="18"/>
          <conceptClass reference="20"/>
          <set>false</set>
          <creator/>
          <dateCreated id="125">2022-07-01 07:35:14</dateCreated>
          <changedBy/>
          <dateChanged id="126">2022-07-06 12:50:46</dateChanged>
          <names class="set" id="127">
            <org.openmrs.ConceptName id="128" uuid="99380BBBBBBBBBBBBBBBBBBBBBBBBBBBBBBB">
              <conceptNameId>118935</conceptNameId>
              <concept reference="124"/>
              <name>Tubizid</name>
              <locale id="129">en</locale>
              <creator/>
              <dateCreated id="130">2022-07-01 07:35:14</dateCreated>
              <voided>false</voided>
              <tags class="set" id="131"/>
              <localePreferred>false</localePreferred>
              <changedBy/>
              <dateChanged id="132">2022-07-06 12:50:46</dateChanged>
            </org.openmrs.ConceptName>
            <org.openmrs.ConceptName id="133" uuid="138993BBBBBBBBBBBBBBBBBBBBBBBBBBBBBB">
              <conceptNameId>118937</conceptNameId>
              <concept reference="124"/>
              <name>Isoniazid</name>
              <locale id="134">ht</locale>
              <creator/>
              <dateCreated id="135">2022-07-01 07:35:14</dateCreated>
              <voided>false</voided>
              <tags class="set" id="136"/>
              <localePreferred>false</localePreferred>
              <changedBy/>
              <dateChanged id="137">2022-07-06 12:50:46</dateChanged>
            </org.openmrs.ConceptName>
            <org.openmrs.ConceptName id="138" uuid="95598BBBBBBBBBBBBBBBBBBBBBBBBBBBBBBB">
              <conceptNameId>118939</conceptNameId>
              <concept reference="124"/>
              <name>Nydrazid</name>
              <locale id="139">en</locale>
              <creator/>
              <dateCreated id="140">2022-07-01 07:35:14</dateCreated>
              <voided>false</voided>
              <tags class="set" id="141"/>
              <localePreferred>false</localePreferred>
              <changedBy/>
              <dateChanged id="142">2022-07-06 12:50:46</dateChanged>
            </org.openmrs.ConceptName>
            <org.openmrs.ConceptName id="143" uuid="138850BBBBBBBBBBBBBBBBBBBBBBBBBBBBBB">
              <conceptNameId>118943</conceptNameId>
              <concept reference="124"/>
              <name>izoniazid</name>
              <locale id="144">ht</locale>
              <creator/>
              <dateCreated id="145">2022-07-01 07:35:14</dateCreated>
              <voided>false</voided>
              <tags class="set" id="146"/>
              <conceptNameType>FULLY_SPECIFIED</conceptNameType>
              <localePreferred>true</localePreferred>
              <changedBy/>
              <dateChanged id="147">2022-07-06 12:50:46</dateChanged>
            </org.openmrs.ConceptName>
            <org.openmrs.ConceptName id="148" uuid="98233BBBBBBBBBBBBBBBBBBBBBBBBBBBBBBB">
              <conceptNameId>118946</conceptNameId>
              <concept reference="124"/>
              <name>Soniazio</name>
              <locale id="149">en</locale>
              <creator/>
              <dateCreated id="150">2022-07-01 07:35:14</dateCreated>
              <voided>false</voided>
              <tags class="set" id="151"/>
              <localePreferred>false</localePreferred>
              <changedBy/>
              <dateChanged id="152">2022-07-06 12:50:46</dateChanged>
            </org.openmrs.ConceptName>
            <org.openmrs.ConceptName id="153" uuid="135978BBBBBBBBBBBBBBBBBBBBBBBBBBBBBB">
              <conceptNameId>118948</conceptNameId>
              <concept reference="124"/>
              <name>Isoniazid</name>
              <locale id="154">fr</locale>
              <creator/>
              <dateCreated id="155">2022-07-01 07:35:14</dateCreated>
              <voided>false</voided>
              <tags class="set" id="156"/>
              <conceptNameType>FULLY_SPECIFIED</conceptNameType>
              <localePreferred>true</localePreferred>
              <changedBy/>
              <dateChanged id="157">2022-07-06 12:50:46</dateChanged>
            </org.openmrs.ConceptName>
            <org.openmrs.ConceptName id="158" uuid="107647BBBBBBBBBBBBBBBBBBBBBBBBBBBBBB">
              <conceptNameId>118955</conceptNameId>
              <concept reference="124"/>
              <name>INH</name>
              <locale id="159">en</locale>
              <creator/>
              <dateCreated id="160">2022-07-01 07:35:14</dateCreated>
              <voided>false</voided>
              <tags class="set" id="161"/>
              <conceptNameType>SHORT</conceptNameType>
              <localePreferred>false</localePreferred>
              <changedBy/>
              <dateChanged id="162">2022-07-06 12:50:46</dateChanged>
            </org.openmrs.ConceptName>
            <org.openmrs.ConceptName id="163" uuid="6234BBBBBBBBBBBBBBBBBBBBBBBBBBBBBBBB">
              <conceptNameId>118958</conceptNameId>
              <concept reference="124"/>
              <name>Isoniazid</name>
              <locale id="164">en</locale>
              <creator/>
              <dateCreated id="165">2022-07-01 07:35:14</dateCreated>
              <voided>false</voided>
              <tags class="set" id="166"/>
              <conceptNameType>FULLY_SPECIFIED</conceptNameType>
              <localePreferred>true</localePreferred>
              <changedBy/>
              <dateChanged id="167">2022-07-06 12:50:46</dateChanged>
            </org.openmrs.ConceptName>
          </names>
          <answers class="set" id="168"/>
          <conceptSets class="set" id="169"/>
          <descriptions class="set" id="170">
            <org.openmrs.ConceptDescription id="171" uuid="16532FFFFFFFFFFFFFFFFFFFFFFFFFFFFFFF">
              <conceptDescriptionId>13492</conceptDescriptionId>
              <concept reference="124"/>
              <description>A crystalline antibacterial compound (C6H7N3O) used in the treatment of tuberculosis.</description>
              <locale id="172">en</locale>
              <creator/>
              <dateCreated id="173">2022-07-01 07:35:14</dateCreated>
              <changedBy/>
              <dateChanged id="174">2022-07-06 12:50:46</dateChanged>
            </org.openmrs.ConceptDescription>
          </descriptions>
          <conceptMappings class="set" id="175">
            <org.openmrs.ConceptMap id="176" uuid="134448ABBBBBBBBBBBBBBBBBBBBBBBBBBBBB">
              <conceptMapType reference="69"/>
              <creator/>
              <changedBy/>
              <dateCreated id="177">2022-07-01 07:46:45</dateCreated>
              <dateChanged id="178">2022-07-06 12:50:46</dateChanged>
              <conceptMapId>164701</conceptMapId>
              <concept reference="124"/>
              <conceptReferenceTerm id="179" resolves-to="org.openmrs.ConceptReferenceTerm" uuid="c8bae0cb-4baa-4175-855f-72c2c2eed54d">
                <creator/>
                <dateCreated id="180">2022-07-01 07:46:45</dateCreated>
                <changedBy/>
                <dateChanged id="181">2022-07-06 12:50:46</dateChanged>
                <retired>false</retired>
                <conceptReferenceTermId>146306</conceptReferenceTermId>
                <conceptSource id="182" resolves-to="org.openmrs.ConceptSource" uuid="7ea90041-b784-5b8a-b26a-152ea4a3af8f">
                  <name>AMPATH</name>
                  <description>Imported from /orgs/CIEL/sources/CIEL/mappings/325652/</description>
                  <creator/>
                  <dateCreated id="183">2022-07-01 07:36:14</dateCreated>
                  <changedBy/>
                  <dateChanged id="184">2022-07-06 12:50:46</dateChanged>
                  <retired>false</retired>
                  <conceptSourceId>31</conceptSourceId>
                </conceptSource>
                <code>750</code>
                <conceptReferenceTermMaps id="185"/>
              </conceptReferenceTerm>
            </org.openmrs.ConceptMap>
            <org.openmrs.ConceptMap id="186" uuid="135202ABBBBBBBBBBBBBBBBBBBBBBBBBBBBB">
              <conceptMapType reference="69"/>
              <creator/>
              <changedBy/>
              <dateCreated id="187">2022-07-01 07:46:44</dateCreated>
              <dateChanged id="188">2022-07-06 12:50:46</dateChanged>
              <conceptMapId>164681</conceptMapId>
              <concept reference="124"/>
              <conceptReferenceTerm id="189" resolves-to="org.openmrs.ConceptReferenceTerm" uuid="f24ab68b-5974-4939-b429-4e75553396fc">
                <creator/>
                <dateCreated id="190">2022-07-01 07:46:21</dateCreated>
                <changedBy/>
                <dateChanged id="191">2022-07-06 12:50:46</dateChanged>
                <retired>false</retired>
                <conceptReferenceTermId>141268</conceptReferenceTermId>
                <conceptSource reference="182"/>
                <code>2227</code>
                <conceptReferenceTermMaps id="192"/>
              </conceptReferenceTerm>
            </org.openmrs.ConceptMap>
            <org.openmrs.ConceptMap id="193" uuid="135196ABBBBBBBBBBBBBBBBBBBBBBBBBBBBB">
              <conceptMapType reference="69"/>
              <creator/>
              <changedBy/>
              <dateCreated id="194">2022-07-01 07:46:45</dateCreated>
              <dateChanged id="195">2022-07-06 12:50:46</dateChanged>
              <conceptMapId>164773</conceptMapId>
              <concept reference="124"/>
              <conceptReferenceTerm id="196" resolves-to="org.openmrs.ConceptReferenceTerm" uuid="cc98c59b-d8f1-4110-a5e5-0b4bfa083677">
                <creator/>
                <dateCreated id="197">2022-07-01 07:46:21</dateCreated>
                <changedBy/>
                <dateChanged id="198">2022-07-06 12:50:46</dateChanged>
                <retired>false</retired>
                <conceptReferenceTermId>141335</conceptReferenceTermId>
                <conceptSource reference="182"/>
                <code>2226</code>
                <conceptReferenceTermMaps id="199"/>
              </conceptReferenceTerm>
            </org.openmrs.ConceptMap>
            <org.openmrs.ConceptMap id="200" uuid="b6aa2afb-fa00-3430-b8fe-861505f105ea">
              <conceptMapType reference="69"/>
              <creator/>
              <changedBy/>
              <dateCreated id="201">2022-07-01 07:46:44</dateCreated>
              <dateChanged id="202">2022-07-06 12:50:46</dateChanged>
              <conceptMapId>164692</conceptMapId>
              <concept reference="124"/>
              <conceptReferenceTerm id="203" resolves-to="org.openmrs.ConceptReferenceTerm" uuid="b3addd68-a128-4cf0-b91d-97182aa580ae">
                <creator/>
                <dateCreated id="204">2022-07-01 07:46:44</dateCreated>
                <changedBy/>
                <dateChanged id="205">2022-07-06 12:50:46</dateChanged>
                <retired>false</retired>
                <conceptReferenceTermId>146298</conceptReferenceTermId>
                <conceptSource reference="77"/>
                <code>78280</code>
                <conceptReferenceTermMaps id="206"/>
              </conceptReferenceTerm>
            </org.openmrs.ConceptMap>
            <org.openmrs.ConceptMap id="207" uuid="143575ABBBBBBBBBBBBBBBBBBBBBBBBBBBBB">
              <conceptMapType reference="69"/>
              <creator/>
              <changedBy/>
              <dateCreated id="208">2022-07-01 07:46:44</dateCreated>
              <dateChanged id="209">2022-07-06 12:50:46</dateChanged>
              <conceptMapId>164576</conceptMapId>
              <concept reference="124"/>
              <conceptReferenceTerm id="210" resolves-to="org.openmrs.ConceptReferenceTerm" uuid="01565bac-55f0-4bbb-9890-da066056d5c1">
                <creator/>
                <dateCreated id="211">2022-07-01 07:46:44</dateCreated>
                <changedBy/>
                <dateChanged id="212">2022-07-06 12:50:46</dateChanged>
                <retired>false</retired>
                <conceptReferenceTermId>146186</conceptReferenceTermId>
                <conceptSource reference="97"/>
                <code>656</code>
                <conceptReferenceTermMaps id="213"/>
              </conceptReferenceTerm>
            </org.openmrs.ConceptMap>
            <org.openmrs.ConceptMap id="214" uuid="138822ABBBBBBBBBBBBBBBBBBBBBBBBBBBBB">
              <conceptMapType reference="69"/>
              <creator/>
              <changedBy/>
              <dateCreated id="215">2022-07-01 07:46:45</dateCreated>
              <dateChanged id="216">2022-07-06 12:50:46</dateChanged>
              <conceptMapId>164708</conceptMapId>
              <concept reference="124"/>
              <conceptReferenceTerm id="217" resolves-to="org.openmrs.ConceptReferenceTerm" uuid="1e4ae9d9-15ce-460d-beb3-95984ad7aed2">
                <creator/>
                <dateCreated id="218">2022-07-01 07:35:29</dateCreated>
                <changedBy/>
                <dateChanged id="219">2022-07-06 12:50:46</dateChanged>
                <retired>false</retired>
                <conceptReferenceTermId>506</conceptReferenceTermId>
                <conceptSource reference="87"/>
                <code>81335000</code>
                <conceptReferenceTermMaps id="220"/>
              </conceptReferenceTerm>
            </org.openmrs.ConceptMap>
            <org.openmrs.ConceptMap id="221" uuid="137882ABBBBBBBBBBBBBBBBBBBBBBBBBBBBB">
              <conceptMapType reference="69"/>
              <creator/>
              <changedBy/>
              <dateCreated id="222">2022-07-01 07:46:44</dateCreated>
              <dateChanged id="223">2022-07-06 12:50:46</dateChanged>
              <conceptMapId>164619</conceptMapId>
              <concept reference="124"/>
              <conceptReferenceTerm id="224" resolves-to="org.openmrs.ConceptReferenceTerm" uuid="569f13eb-e6dd-4b5b-a8fd-51f3e6cffb2c">
                <creator/>
                <dateCreated id="225">2022-07-01 07:46:44</dateCreated>
                <changedBy/>
                <dateChanged id="226">2022-07-06 12:50:46</dateChanged>
                <retired>false</retired>
                <conceptReferenceTermId>146228</conceptReferenceTermId>
                <conceptSource reference="107"/>
                <code>ISONIAZID</code>
                <conceptReferenceTermMaps id="227"/>
              </conceptReferenceTerm>
            </org.openmrs.ConceptMap>
            <org.openmrs.ConceptMap id="228" uuid="135213ABBBBBBBBBBBBBBBBBBBBBBBBBBBBB">
              <conceptMapType reference="69"/>
              <creator/>
              <changedBy/>
              <dateCreated id="229">2022-07-01 07:46:44</dateCreated>
              <dateChanged id="230">2022-07-06 12:50:46</dateChanged>
              <conceptMapId>164651</conceptMapId>
              <concept reference="124"/>
              <conceptReferenceTerm id="231" resolves-to="org.openmrs.ConceptReferenceTerm" uuid="caefb130-342b-4400-b296-5899edf1f7c1">
                <creator/>
                <dateCreated id="232">2022-07-01 07:46:21</dateCreated>
                <changedBy/>
                <dateChanged id="233">2022-07-06 12:50:46</dateChanged>
                <retired>false</retired>
                <conceptReferenceTermId>141246</conceptReferenceTermId>
                <conceptSource reference="182"/>
                <code>2229</code>
                <conceptReferenceTermMaps id="234"/>
              </conceptReferenceTerm>
            </org.openmrs.ConceptMap>
            <org.openmrs.ConceptMap id="235" uuid="129803ABBBBBBBBBBBBBBBBBBBBBBBBBBBBB">
              <conceptMapType reference="69"/>
              <creator/>
              <changedBy/>
              <dateCreated id="236">2022-07-01 07:46:45</dateCreated>
              <dateChanged id="237">2022-07-06 12:50:46</dateChanged>
              <conceptMapId>164729</conceptMapId>
              <concept reference="124"/>
              <conceptReferenceTerm id="238" resolves-to="org.openmrs.ConceptReferenceTerm" uuid="ac879e1f-a13d-4e63-ab4a-951f997fef65">
                <creator/>
                <dateCreated id="239">2022-07-01 07:46:45</dateCreated>
                <changedBy/>
                <dateChanged id="240">2022-07-06 12:50:46</dateChanged>
                <retired>false</retired>
                <conceptReferenceTermId>146332</conceptReferenceTermId>
                <conceptSource reference="117"/>
                <code>6038</code>
                <conceptReferenceTermMaps id="241"/>
              </conceptReferenceTerm>
            </org.openmrs.ConceptMap>
            <org.openmrs.ConceptMap id="242" uuid="135217ABBBBBBBBBBBBBBBBBBBBBBBBBBBBB">
              <conceptMapType reference="69"/>
              <creator/>
              <changedBy/>
              <dateCreated id="243">2022-07-01 07:46:45</dateCreated>
              <dateChanged id="244">2022-07-06 12:50:46</dateChanged>
              <conceptMapId>164734</conceptMapId>
              <concept reference="124"/>
              <conceptReferenceTerm id="245" resolves-to="org.openmrs.ConceptReferenceTerm" uuid="83bd96fe-7e06-4248-9e7c-3fdce70eb59c">
                <creator/>
                <dateCreated id="246">2022-07-01 07:46:14</dateCreated>
                <changedBy/>
                <dateChanged id="247">2022-07-06 12:50:46</dateChanged>
                <retired>false</retired>
                <conceptReferenceTermId>139799</conceptReferenceTermId>
                <conceptSource reference="182"/>
                <code>2230</code>
                <conceptReferenceTermMaps id="248"/>
              </conceptReferenceTerm>
            </org.openmrs.ConceptMap>
            <org.openmrs.ConceptMap id="249" uuid="135208ABBBBBBBBBBBBBBBBBBBBBBBBBBBBB">
              <conceptMapType reference="69"/>
              <creator/>
              <changedBy/>
              <dateCreated id="250">2022-07-01 07:46:45</dateCreated>
              <dateChanged id="251">2022-07-06 12:50:46</dateChanged>
              <conceptMapId>164750</conceptMapId>
              <concept reference="124"/>
              <conceptReferenceTerm id="252" resolves-to="org.openmrs.ConceptReferenceTerm" uuid="af38acff-6043-420d-a19b-dced4d0fe178">
                <creator/>
                <dateCreated id="253">2022-07-01 07:46:21</dateCreated>
                <changedBy/>
                <dateChanged id="254">2022-07-06 12:50:46</dateChanged>
                <retired>false</retired>
                <conceptReferenceTermId>141312</conceptReferenceTermId>
                <conceptSource reference="182"/>
                <code>2228</code>
                <conceptReferenceTermMaps id="255"/>
              </conceptReferenceTerm>
            </org.openmrs.ConceptMap>
            <org.openmrs.ConceptMap id="256" uuid="134371ABBBBBBBBBBBBBBBBBBBBBBBBBBBBB">
              <conceptMapType reference="69"/>
              <creator/>
              <changedBy/>
              <dateCreated id="257">2022-07-01 07:46:45</dateCreated>
              <dateChanged id="258">2022-07-06 12:50:46</dateChanged>
              <conceptMapId>164814</conceptMapId>
              <concept reference="124"/>
              <conceptReferenceTerm id="259" resolves-to="org.openmrs.ConceptReferenceTerm" uuid="d3901ba8-1503-4cf0-937d-80478b98f484">
                <creator/>
                <dateCreated id="260">2022-07-01 07:46:45</dateCreated>
                <changedBy/>
                <dateChanged id="261">2022-07-06 12:50:46</dateChanged>
                <retired>false</retired>
                <conceptReferenceTermId>146412</conceptReferenceTermId>
                <conceptSource reference="182"/>
                <code>656</code>
                <conceptReferenceTermMaps id="262"/>
              </conceptReferenceTerm>
            </org.openmrs.ConceptMap>
          </conceptMappings>
          <attributes id="263"/>
        </answerConcept>
        <creator/>
        <dateCreated id="264">2022-07-06 11:56:22</dateCreated>
        <sortWeight>2.0</sortWeight>
      </org.openmrs.ConceptAnswer>
      <org.openmrs.ConceptAnswer id="265" uuid="55f69aa2-9f9e-4f90-8191-c94488582fad">
        <conceptAnswerId>7025</conceptAnswerId>
        <concept reference="2"/>
        <answerConcept id="266" resolves-to="org.openmrs.Concept" uuid="6a073957-7220-4ff6-8ac8-9d0119a900fb">
          <conceptId>55161</conceptId>
          <retired>false</retired>
          <datatype reference="18"/>
          <conceptClass reference="20"/>
          <set>false</set>
          <creator/>
          <dateCreated id="267">2022-07-06 11:53:33</dateCreated>
          <changedBy/>
          <dateChanged id="268">2022-07-06 12:50:46</dateChanged>
          <names class="set" id="269">
            <org.openmrs.ConceptName id="270" uuid="c33b778a-5a16-4493-bf32-db30aa5a4324">
              <conceptNameId>132837</conceptNameId>
              <concept reference="266"/>
              <name>4FDCs</name>
              <locale id="271">en</locale>
              <creator/>
              <dateCreated id="272">2022-07-06 11:53:33</dateCreated>
              <voided>false</voided>
              <tags class="set" id="273"/>
              <conceptNameType>FULLY_SPECIFIED</conceptNameType>
              <localePreferred>true</localePreferred>
            </org.openmrs.ConceptName>
            <org.openmrs.ConceptName id="274" uuid="7971217d-df0e-4e72-ba10-3529242ea282">
              <conceptNameId>132838</conceptNameId>
              <concept reference="266"/>
              <name>4FDCs</name>
              <locale id="275">en</locale>
              <creator/>
              <dateCreated id="276">2022-07-06 11:53:33</dateCreated>
              <voided>false</voided>
              <tags class="set" id="277"/>
              <conceptNameType>SHORT</conceptNameType>
              <localePreferred>false</localePreferred>
            </org.openmrs.ConceptName>
          </names>
          <answers class="set" id="278"/>
          <conceptSets class="set" id="279"/>
          <descriptions class="set" id="280"/>
          <conceptMappings class="set" id="281"/>
          <attributes id="282"/>
        </answerConcept>
        <creator/>
        <dateCreated id="283">2022-07-06 11:56:22</dateCreated>
        <sortWeight>1.0</sortWeight>
      </org.openmrs.ConceptAnswer>
    </answers>
    <conceptSets class="set" id="284"/>
    <descriptions class="set" id="285"/>
    <conceptMappings class="set" id="286"/>
    <attributes id="287"/>
  </org.openmrs.Concept>
  <org.openmrs.Concept reference="41"/>
  <org.openmrs.Concept reference="266"/>
  <org.openmrs.Concept reference="17"/>
  <org.openmrs.Concept id="288" uuid="fe3e977e-a904-4899-b8ea-f7d40afc196f">
    <conceptId>55163</conceptId>
    <retired>false</retired>
    <datatype id="289" resolves-to="org.openmrs.ConceptDatatype" uuid="8d4a4ab4-c2cc-11de-8d13-0010c6dffd0f">
      <name>Text</name>
      <description>Free text</description>
      <creator/>
      <dateCreated id="290">2004-02-02 00:00:00</dateCreated>
      <retired>false</retired>
      <conceptDatatypeId>3</conceptDatatypeId>
      <hl7Abbreviation>ST</hl7Abbreviation>
    </datatype>
    <conceptClass reference="5"/>
    <set>false</set>
    <creator/>
    <dateCreated id="291">2022-07-06 11:56:49</dateCreated>
    <changedBy/>
    <dateChanged id="292">2022-07-06 12:50:46</dateChanged>
    <names class="set" id="293">
      <org.openmrs.ConceptName id="294" uuid="f116385b-dcb4-47e5-88cc-dd26426522a9">
        <conceptNameId>132840</conceptNameId>
        <concept reference="288"/>
        <name>Amount of medication provided</name>
        <locale id="295">en</locale>
        <creator/>
        <dateCreated id="296">2022-07-06 11:56:49</dateCreated>
        <voided>false</voided>
        <tags class="set" id="297"/>
        <conceptNameType>FULLY_SPECIFIED</conceptNameType>
        <localePreferred>true</localePreferred>
      </org.openmrs.ConceptName>
    </names>
    <answers class="set" id="298"/>
    <conceptSets class="set" id="299"/>
    <descriptions class="set" id="300"/>
    <conceptMappings class="set" id="301"/>
    <attributes id="302"/>
  </org.openmrs.Concept>
  <org.openmrs.Concept reference="124"/>
</list>
