<?xml version="1.0" encoding="UTF-8"?>
<list id="1">
  <org.openmrs.LocationAttributeType id="2" uuid="3f498260-c079-4474-8db9-f12894f139ec">
    <name>siteCode</name>
    <creator/>
    <dateCreated id="3">2021-10-25 17:00:22</dateCreated>
    <changedBy/>
    <dateChanged id="4">2024-02-28 15:24:08</dateChanged>
    <retired>false</retired>
    <minOccurs>1</minOccurs>
    <datatypeClassname>org.openmrs.customdatatype.datatype.FreeTextDatatype</datatypeClassname>
    <locationAttributeTypeId>1</locationAttributeTypeId>
  </org.openmrs.LocationAttributeType>
  <org.openmrs.LocationAttributeType id="5" uuid="78dd0af8-9ea5-475a-858a-0adf31e448bd">
    <name>countryCode</name>
    <creator/>
    <dateCreated id="6">2021-10-25 16:59:41</dateCreated>
    <changedBy/>
    <dateChanged id="7">2024-02-28 15:24:08</dateChanged>
    <retired>false</retired>
    <minOccurs>1</minOccurs>
    <datatypeClassname>org.openmrs.customdatatype.datatype.FreeTextDatatype</datatypeClassname>
    <locationAttributeTypeId>2</locationAttributeTypeId>
  </org.openmrs.LocationAttributeType>
  <org.openmrs.LocationAttributeType id="8" uuid="570e9b8f-752b-4577-9ffb-721e073387d9">
    <name>Clinic closed weekdays</name>
    <creator/>
    <dateCreated id="9">2024-04-08 08:48:27</dateCreated>
    <retired>false</retired>
    <minOccurs>0</minOccurs>
    <datatypeClassname>org.openmrs.customdatatype.datatype.FreeTextDatatype</datatypeClassname>
    <locationAttributeTypeId>7</locationAttributeTypeId>
  </org.openmrs.LocationAttributeType>
  <org.openmrs.LocationAttributeType id="10" uuid="64b73c1c-c91a-403f-bb26-dd62dc91bfef">
    <name>Clinic closed dates</name>
    <creator/>
    <dateCreated id="11">2024-04-08 08:47:57</dateCreated>
    <retired>false</retired>
    <minOccurs>0</minOccurs>
    <datatypeClassname>org.openmrs.customdatatype.datatype.FreeTextDatatype</datatypeClassname>
    <locationAttributeTypeId>6</locationAttributeTypeId>
  </org.openmrs.LocationAttributeType>
  <org.openmrs.LocationAttributeType id="12" uuid="8280768b-f4c1-4a91-9b53-3b816c5d5367">
    <name>Project</name>
    <creator/>
    <dateCreated id="13">2022-10-25 20:59:12</dateCreated>
    <retired>false</retired>
    <minOccurs>0</minOccurs>
    <datatypeClassname>org.openmrs.module.multiproject.customdatatype.ProjectDatatype</datatypeClassname>
    <locationAttributeTypeId>3</locationAttributeTypeId>
  </org.openmrs.LocationAttributeType>
  <org.openmrs.LocationAttributeType id="14" uuid="b59e7f64-11a0-44e2-bbff-27693ff5e735">
    <name>cluster</name>
    <creator/>
    <dateCreated id="15">2021-09-21 10:09:29</dateCreated>
    <changedBy/>
    <dateChanged id="16">2024-02-28 15:24:08</dateChanged>
    <retired>false</retired>
    <minOccurs>1</minOccurs>
    <datatypeClassname>org.openmrs.customdatatype.datatype.FreeTextDatatype</datatypeClassname>
    <locationAttributeTypeId>4</locationAttributeTypeId>
  </org.openmrs.LocationAttributeType>
</list>
