<?xml version="1.0" encoding="UTF-8"?>
<list id="1">
  <org.openmrs.Concept id="2" uuid="806195ad-9f5c-42f0-ad9f-736a21a1dac1">
    <conceptId>166084</conceptId>
    <retired>false</retired>
    <datatype id="3" resolves-to="org.openmrs.ConceptDatatype" uuid="8d4a505e-c2cc-11de-8d13-0010c6dffd0f">
      <name>Date</name>
      <description>Absolute date</description>
      <creator/>
      <dateCreated id="4">2004-07-22 00:00:00</dateCreated>
      <retired>false</retired>
      <retiredBy/>
      <conceptDatatypeId>6</conceptDatatypeId>
      <hl7Abbreviation>DT</hl7Abbreviation>
    </datatype>
    <conceptClass id="5" resolves-to="org.openmrs.ConceptClass" uuid="8d4907b2-c2cc-11de-8d13-0010c6dffd0f">
      <name>Test</name>
      <description>Acq. during patient encounter (vitals, labs, etc.)</description>
      <creator/>
      <dateCreated id="6">2004-02-02 00:00:00</dateCreated>
      <changedBy/>
      <dateChanged id="7">2022-03-08 11:26:15</dateChanged>
      <retired>false</retired>
      <conceptClassId>1</conceptClassId>
    </conceptClass>
    <set>false</set>
    <creator/>
    <dateCreated id="8">2021-05-21 07:17:25</dateCreated>
    <changedBy/>
    <dateChanged id="9">2022-03-08 11:26:15</dateChanged>
    <names class="set" id="10">
      <org.openmrs.ConceptName id="11" uuid="c3fde2c9-503b-4213-95f7-8d7c7e79cb33">
        <conceptNameId>143783</conceptNameId>
        <concept reference="2"/>
        <name>HIV ART Date Stopped</name>
        <locale id="12">en</locale>
        <creator/>
        <dateCreated id="13">2021-05-21 07:17:25</dateCreated>
        <voided>false</voided>
        <tags class="set" id="14"/>
        <conceptNameType>FULLY_SPECIFIED</conceptNameType>
        <localePreferred>true</localePreferred>
        <changedBy/>
        <dateChanged id="15">2022-03-08 11:26:15</dateChanged>
      </org.openmrs.ConceptName>
    </names>
    <answers class="set" id="16"/>
    <conceptSets class="set" id="17"/>
    <descriptions class="set" id="18"/>
    <conceptMappings class="set" id="19"/>
    <attributes id="20"/>
  </org.openmrs.Concept>
  <org.openmrs.Concept id="21" uuid="30d09891-6bae-492c-b45b-ebe142837497">
    <conceptId>166075</conceptId>
    <retired>false</retired>
    <datatype id="22" resolves-to="org.openmrs.ConceptDatatype" uuid="8d4a4ab4-c2cc-11de-8d13-0010c6dffd0f">
      <name>Text</name>
      <description>Free text</description>
      <creator/>
      <dateCreated id="23">2004-02-02 00:00:00</dateCreated>
      <retired>false</retired>
      <retiredBy/>
      <conceptDatatypeId>3</conceptDatatypeId>
      <hl7Abbreviation>ST</hl7Abbreviation>
    </datatype>
    <conceptClass id="24" resolves-to="org.openmrs.ConceptClass" uuid="8d491e50-c2cc-11de-8d13-0010c6dffd0f">
      <name>Question</name>
      <description>Question (eg, patient history, SF36 items)</description>
      <creator/>
      <dateCreated id="25">2004-03-02 00:00:00</dateCreated>
      <changedBy/>
      <dateChanged id="26">2022-03-08 11:26:15</dateChanged>
      <retired>false</retired>
      <conceptClassId>7</conceptClassId>
    </conceptClass>
    <set>false</set>
    <creator/>
    <dateCreated id="27">2021-05-24 15:37:09</dateCreated>
    <changedBy/>
    <dateChanged id="28">2022-03-08 11:26:15</dateChanged>
    <names class="set" id="29">
      <org.openmrs.ConceptName id="30" uuid="7dd0f3dd-3fa5-4674-ba80-43a412d9332e">
        <conceptNameId>143773</conceptNameId>
        <concept reference="21"/>
        <name>ART interruption reason</name>
        <locale id="31">en</locale>
        <creator/>
        <dateCreated id="32">2021-05-24 15:37:09</dateCreated>
        <voided>false</voided>
        <tags class="set" id="33"/>
        <conceptNameType>FULLY_SPECIFIED</conceptNameType>
        <localePreferred>true</localePreferred>
        <changedBy/>
        <dateChanged id="34">2022-03-08 11:26:15</dateChanged>
      </org.openmrs.ConceptName>
    </names>
    <answers class="set" id="35"/>
    <conceptSets class="set" id="36"/>
    <descriptions class="set" id="37"/>
    <conceptMappings class="set" id="38"/>
    <attributes id="39"/>
  </org.openmrs.Concept>
  <org.openmrs.Concept id="40" uuid="dca99985-a303-4418-a440-d2af44f62c4b">
    <conceptId>166074</conceptId>
    <retired>false</retired>
    <datatype reference="3"/>
    <conceptClass reference="24"/>
    <set>false</set>
    <creator/>
    <dateCreated id="41">2021-05-24 15:35:31</dateCreated>
    <changedBy/>
    <dateChanged id="42">2022-03-08 11:26:15</dateChanged>
    <names class="set" id="43">
      <org.openmrs.ConceptName id="44" uuid="3741e319-a9b4-4253-be83-eb5d704e1d81">
        <conceptNameId>143772</conceptNameId>
        <concept reference="40"/>
        <name>ART interruption date</name>
        <locale id="45">en</locale>
        <creator/>
        <dateCreated id="46">2021-05-24 15:35:31</dateCreated>
        <voided>false</voided>
        <tags class="set" id="47"/>
        <conceptNameType>FULLY_SPECIFIED</conceptNameType>
        <localePreferred>true</localePreferred>
        <changedBy/>
        <dateChanged id="48">2022-03-08 11:26:15</dateChanged>
      </org.openmrs.ConceptName>
    </names>
    <answers class="set" id="49"/>
    <conceptSets class="set" id="50"/>
    <descriptions class="set" id="51"/>
    <conceptMappings class="set" id="52"/>
    <attributes id="53"/>
  </org.openmrs.Concept>
  <org.openmrs.Concept id="54" uuid="7e08e42b-744c-4a33-8a59-e0ec735ffd59">
    <conceptId>166086</conceptId>
    <retired>false</retired>
    <datatype id="55" resolves-to="org.openmrs.ConceptDatatype" uuid="8d4a48b6-c2cc-11de-8d13-0010c6dffd0f">
      <name>Coded</name>
      <description>Value determined by term dictionary lookup (i.e., term identifier)</description>
      <creator/>
      <dateCreated id="56">2004-02-02 00:00:00</dateCreated>
      <retired>false</retired>
      <retiredBy/>
      <conceptDatatypeId>2</conceptDatatypeId>
      <hl7Abbreviation>CWE</hl7Abbreviation>
    </datatype>
    <conceptClass id="57" resolves-to="org.openmrs.ConceptClass" uuid="8d492594-c2cc-11de-8d13-0010c6dffd0f">
      <name>ConvSet</name>
      <description>Term to describe convenience sets</description>
      <creator/>
      <dateCreated id="58">2004-03-02 00:00:00</dateCreated>
      <changedBy/>
      <dateChanged id="59">2022-03-08 11:26:15</dateChanged>
      <retired>false</retired>
      <conceptClassId>10</conceptClassId>
    </conceptClass>
    <set>true</set>
    <creator/>
    <dateCreated id="60">2021-06-09 10:44:16</dateCreated>
    <changedBy/>
    <dateChanged id="61">2022-03-11 14:22:51</dateChanged>
    <names class="set" id="62">
      <org.openmrs.ConceptName id="63" uuid="78d303b0-996b-4fa3-9648-03ba0da160cc">
        <conceptNameId>143785</conceptNameId>
        <concept reference="54"/>
        <name>ART Details</name>
        <locale id="64">en</locale>
        <creator/>
        <dateCreated id="65">2021-06-09 10:44:16</dateCreated>
        <voided>false</voided>
        <tags class="set" id="66"/>
        <conceptNameType>FULLY_SPECIFIED</conceptNameType>
        <localePreferred>true</localePreferred>
        <changedBy/>
        <dateChanged id="67">2022-03-08 11:26:15</dateChanged>
      </org.openmrs.ConceptName>
    </names>
    <answers class="set" id="68"/>
    <conceptSets class="set" id="69">
      <org.openmrs.ConceptSet id="70" uuid="5eb51290-80fd-49b1-85cc-f9b8183cbf78">
        <conceptSetId>2898</conceptSetId>
        <concept id="71" uuid="ddfdf4fa-1d0a-40ca-8930-ad914bd07b23">
          <conceptId>166077</conceptId>
          <retired>false</retired>
          <datatype reference="3"/>
          <conceptClass reference="5"/>
          <set>false</set>
          <creator/>
          <dateCreated id="72">2021-05-20 15:24:06</dateCreated>
          <changedBy/>
          <dateChanged id="73">2022-03-08 11:26:15</dateChanged>
          <names class="set" id="74">
            <org.openmrs.ConceptName id="75" uuid="1e589825-b704-4f1c-a045-4fcfe1f55f21">
              <conceptNameId>143775</conceptNameId>
              <concept reference="71"/>
              <name>HIV ART Date Started</name>
              <locale id="76">en</locale>
              <creator/>
              <dateCreated id="77">2021-05-20 15:24:06</dateCreated>
              <voided>false</voided>
              <tags class="set" id="78"/>
              <conceptNameType>FULLY_SPECIFIED</conceptNameType>
              <localePreferred>true</localePreferred>
              <changedBy/>
              <dateChanged id="79">2022-03-08 11:26:15</dateChanged>
            </org.openmrs.ConceptName>
          </names>
          <answers class="set" id="80"/>
          <conceptSets class="set" id="81"/>
          <descriptions class="set" id="82"/>
          <conceptMappings class="set" id="83"/>
          <attributes id="84"/>
        </concept>
        <conceptSet reference="54"/>
        <sortWeight>0.0</sortWeight>
        <creator/>
        <dateCreated id="85">2021-09-06 20:33:29</dateCreated>
      </org.openmrs.ConceptSet>
      <org.openmrs.ConceptSet id="86" uuid="6d8f7611-0cf6-4c05-ad79-53074f0c43cd">
        <conceptSetId>2899</conceptSetId>
        <concept id="87" uuid="c7e17ce8-d832-4349-a326-b20f5ae7f432">
          <conceptId>166078</conceptId>
          <retired>false</retired>
          <datatype reference="22"/>
          <conceptClass reference="5"/>
          <set>false</set>
          <creator/>
          <dateCreated id="88">2021-05-21 07:29:56</dateCreated>
          <changedBy/>
          <dateChanged id="89">2022-03-08 11:26:15</dateChanged>
          <names class="set" id="90">
            <org.openmrs.ConceptName id="91" uuid="89bb1583-c6e5-41f2-b7b9-a0a5b5f2388f">
              <conceptNameId>143792</conceptNameId>
              <concept reference="87"/>
              <name>Medicine</name>
              <locale id="92">en</locale>
              <creator/>
              <dateCreated id="93">2021-12-15 10:28:22</dateCreated>
              <voided>true</voided>
              <voidedBy/>
              <dateVoided id="94">2021-12-16 10:50:42</dateVoided>
              <voidReason>Deleted due to change of name</voidReason>
              <tags class="set" id="95"/>
              <localePreferred>false</localePreferred>
              <changedBy/>
              <dateChanged id="96">2022-03-08 11:26:15</dateChanged>
            </org.openmrs.ConceptName>
            <org.openmrs.ConceptName id="97" uuid="203b7b75-1f33-42be-a31e-a3e8e983d941">
              <conceptNameId>143776</conceptNameId>
              <concept reference="87"/>
              <name>First line regimen</name>
              <locale id="98">en</locale>
              <creator/>
              <dateCreated id="99">2021-05-21 07:29:56</dateCreated>
              <voided>true</voided>
              <voidedBy/>
              <dateVoided id="100">2021-12-15 10:28:22</dateVoided>
              <voidReason>Deleted due to change of name</voidReason>
              <tags class="set" id="101"/>
              <localePreferred>false</localePreferred>
              <changedBy/>
              <dateChanged id="102">2022-03-08 11:26:15</dateChanged>
            </org.openmrs.ConceptName>
            <org.openmrs.ConceptName id="103" uuid="7808df67-6c8b-42b6-97eb-cd13e5293ce3">
              <conceptNameId>143793</conceptNameId>
              <concept reference="87"/>
              <name>Regimen name</name>
              <locale id="104">en</locale>
              <creator/>
              <dateCreated id="105">2021-12-16 10:50:43</dateCreated>
              <voided>false</voided>
              <tags class="set" id="106"/>
              <conceptNameType>FULLY_SPECIFIED</conceptNameType>
              <localePreferred>true</localePreferred>
              <changedBy/>
              <dateChanged id="107">2022-03-08 11:26:15</dateChanged>
            </org.openmrs.ConceptName>
          </names>
          <answers class="set" id="108"/>
          <conceptSets class="set" id="109"/>
          <descriptions class="set" id="110"/>
          <attributes id="112"/>
        </concept>
        <conceptSet reference="54"/>
        <sortWeight>2.0</sortWeight>
        <creator/>
        <dateCreated id="113">2021-09-06 20:33:29</dateCreated>
      </org.openmrs.ConceptSet>
      <org.openmrs.ConceptSet id="114" uuid="b80a7810-0bc9-476d-96d9-c5d641e28d7b">
        <conceptSetId>2900</conceptSetId>
        <concept id="115" uuid="324f28ab-cfa7-46ac-99f3-c7d928ba5e79">
          <conceptId>166082</conceptId>
          <retired>false</retired>
          <datatype reference="55"/>
          <conceptClass reference="5"/>
          <set>false</set>
          <creator/>
          <dateCreated id="116">2021-05-21 07:37:26</dateCreated>
          <changedBy/>
          <dateChanged id="117">2022-03-11 13:45:56</dateChanged>
          <names class="set" id="118">
            <org.openmrs.ConceptName id="119" uuid="903f06e8-db96-4f6f-905e-919dfbba8a28">
              <conceptNameId>143780</conceptNameId>
              <concept reference="115"/>
              <name>ART type</name>
              <locale id="120">en</locale>
              <creator/>
              <dateCreated id="121">2021-11-23 12:18:16</dateCreated>
              <voided>true</voided>
              <voidedBy/>
              <dateVoided id="122">2021-12-15 13:50:37</dateVoided>
              <voidReason>Deleted due to change of name</voidReason>
              <tags class="set" id="123"/>
              <localePreferred>false</localePreferred>
              <changedBy/>
              <dateChanged id="124">2022-03-08 11:26:15</dateChanged>
            </org.openmrs.ConceptName>
            <org.openmrs.ConceptName id="125" uuid="c787f072-6821-421e-ba1e-2076fb5a50dd">
              <conceptNameId>143781</conceptNameId>
              <concept reference="115"/>
              <name>Reason for ART treatment</name>
              <locale id="126">en</locale>
              <creator/>
              <dateCreated id="127">2021-05-21 07:37:26</dateCreated>
              <voided>true</voided>
              <voidedBy/>
              <dateVoided id="128">2021-11-23 12:18:16</dateVoided>
              <voidReason>Deleted due to change of name</voidReason>
              <tags class="set" id="129"/>
              <localePreferred>false</localePreferred>
              <changedBy/>
              <dateChanged id="130">2022-03-08 11:26:15</dateChanged>
            </org.openmrs.ConceptName>
            <org.openmrs.ConceptName id="131" uuid="d7e53db4-8063-4e59-92c4-e272afb2b72c">
              <conceptNameId>143790</conceptNameId>
              <concept reference="115"/>
              <name>Reason for ART</name>
              <locale id="132">en</locale>
              <creator/>
              <dateCreated id="133">2021-12-16 12:26:45</dateCreated>
              <voided>false</voided>
              <tags class="set" id="134"/>
              <conceptNameType>FULLY_SPECIFIED</conceptNameType>
              <localePreferred>true</localePreferred>
              <changedBy/>
              <dateChanged id="135">2022-03-08 11:26:15</dateChanged>
            </org.openmrs.ConceptName>
            <org.openmrs.ConceptName id="136" uuid="3c71638c-b920-4c1e-9c01-5a2adbe2e971">
              <conceptNameId>143791</conceptNameId>
              <concept reference="115"/>
              <name>Reason for ART treatment</name>
              <locale id="137">en</locale>
              <creator/>
              <dateCreated id="138">2021-12-15 13:50:37</dateCreated>
              <voided>true</voided>
              <voidedBy/>
              <dateVoided id="139">2021-12-16 12:26:45</dateVoided>
              <voidReason>Deleted due to change of name</voidReason>
              <tags class="set" id="140"/>
              <localePreferred>false</localePreferred>
              <changedBy/>
              <dateChanged id="141">2022-03-08 11:26:15</dateChanged>
            </org.openmrs.ConceptName>
          </names>
          <answers class="set" id="142">
            <org.openmrs.ConceptAnswer id="143" uuid="9f1b4a00-25c2-42ff-af61-ab62f3041bf0">
              <conceptAnswerId>7331</conceptAnswerId>
              <concept reference="115"/>
              <answerConcept id="144" resolves-to="org.openmrs.Concept" uuid="162321AAAAAAAAAAAAAAAAAAAAAAAAAAAAAA">
                <conceptId>166121</conceptId>
                <retired>false</retired>
                <datatype id="145" resolves-to="org.openmrs.ConceptDatatype" uuid="8d4a4c94-c2cc-11de-8d13-0010c6dffd0f">
                  <name>N/A</name>
                  <description>Not associated with a datatype (e.g., term answers, sets)</description>
                  <creator/>
                  <dateCreated id="146">2004-02-02 00:00:00</dateCreated>
                  <retired>false</retired>
                  <retiredBy/>
                  <conceptDatatypeId>4</conceptDatatypeId>
                  <hl7Abbreviation>ZZ</hl7Abbreviation>
                </datatype>
                <conceptClass id="147" resolves-to="org.openmrs.ConceptClass" uuid="8d490bf4-c2cc-11de-8d13-0010c6dffd0f">
                  <name>Procedure</name>
                  <description>Describes a clinical procedure</description>
                  <creator/>
                  <dateCreated id="148">2004-03-02 00:00:00</dateCreated>
                  <changedBy/>
                  <dateChanged id="149">2022-03-11 13:41:27</dateChanged>
                  <retired>false</retired>
                  <conceptClassId>2</conceptClassId>
                </conceptClass>
                <set>false</set>
                <creator/>
                <dateCreated id="150">2022-01-03 15:10:35</dateCreated>
                <changedBy/>
                <dateChanged id="151">2022-03-11 13:41:27</dateChanged>
                <names class="set" id="152">
                  <org.openmrs.ConceptName id="153" uuid="125490BBBBBBBBBBBBBBBBBBBBBBBBBBBBBB">
                    <conceptNameId>143854</conceptNameId>
                    <concept reference="144"/>
                    <name>HAART (highly active antiretroviral therapy)</name>
                    <locale id="154">en</locale>
                    <creator/>
                    <dateCreated id="155">2022-01-03 15:10:35</dateCreated>
                    <voided>false</voided>
                    <tags class="set" id="156"/>
                    <localePreferred>false</localePreferred>
                  </org.openmrs.ConceptName>
                  <org.openmrs.ConceptName id="157" uuid="125489BBBBBBBBBBBBBBBBBBBBBBBBBBBBBB">
                    <conceptNameId>143855</conceptNameId>
                    <concept reference="144"/>
                    <name>HAART</name>
                    <locale id="158">en</locale>
                    <creator/>
                    <dateCreated id="159">2022-01-03 15:10:35</dateCreated>
                    <voided>false</voided>
                    <tags class="set" id="160"/>
                    <conceptNameType>SHORT</conceptNameType>
                    <localePreferred>false</localePreferred>
                  </org.openmrs.ConceptName>
                  <org.openmrs.ConceptName id="161" uuid="125488BBBBBBBBBBBBBBBBBBBBBBBBBBBBBB">
                    <conceptNameId>143856</conceptNameId>
                    <concept reference="144"/>
                    <name>Highly active antiretroviral therapy</name>
                    <locale id="162">en</locale>
                    <creator/>
                    <dateCreated id="163">2022-01-03 15:10:35</dateCreated>
                    <voided>false</voided>
                    <tags class="set" id="164"/>
                    <conceptNameType>FULLY_SPECIFIED</conceptNameType>
                    <localePreferred>true</localePreferred>
                  </org.openmrs.ConceptName>
                </names>
                <answers class="set" id="165"/>
                <conceptSets class="set" id="166"/>
                <descriptions class="set" id="167"/>
                <conceptMappings class="set" id="168">
                  <org.openmrs.ConceptMap id="169" uuid="275182ABBBBBBBBBBBBBBBBBBBBBBBBBBBBB">
                    <conceptMapType id="170" resolves-to="org.openmrs.ConceptMapType" uuid="35543629-7d8c-11e1-909d-c80aa9edcf4e">
                      <name>SAME-AS</name>
                      <creator/>
                      <dateCreated id="171">2018-10-12 00:00:00</dateCreated>
                      <changedBy/>
                      <dateChanged id="172">2022-03-08 11:26:15</dateChanged>
                      <retired>false</retired>
                      <conceptMapTypeId>1</conceptMapTypeId>
                      <isHidden>false</isHidden>
                    </conceptMapType>
                    <creator/>
                    <dateCreated id="173">2022-01-03 16:40:13</dateCreated>
                    <conceptMapId>285366</conceptMapId>
                    <concept reference="144"/>
                    <conceptReferenceTerm id="174" resolves-to="org.openmrs.ConceptReferenceTerm" uuid="6ab26daa-b300-4382-aeb7-92e3e4f1c0a8">
                      <creator/>
                      <dateCreated id="175">2022-01-03 16:40:12</dateCreated>
                      <retired>false</retired>
                      <conceptReferenceTermId>285369</conceptReferenceTermId>
                      <conceptSource id="176" resolves-to="org.openmrs.ConceptSource" uuid="171a5df4-acac-5e9b-b59b-50ecc9460a4a">
                        <name>SNOMED-CT</name>
                        <description>Imported from https://api.openconceptlab.org/orgs/CIEL/sources/CIEL/mappings/1000667/</description>
                        <creator/>
                        <dateCreated id="177">2022-01-03 16:36:31</dateCreated>
                        <retired>false</retired>
                        <conceptSourceId>44</conceptSourceId>
                      </conceptSource>
                      <code>416234007</code>
                      <conceptReferenceTermMaps id="178"/>
                    </conceptReferenceTerm>
                  </org.openmrs.ConceptMap>
                  <org.openmrs.ConceptMap id="179" uuid="a697da90-515d-39ae-a5de-712aa4e65f3f">
                    <conceptMapType reference="170"/>
                    <creator/>
                    <dateCreated id="180">2022-01-03 16:40:11</dateCreated>
                    <conceptMapId>285367</conceptMapId>
                    <concept reference="144"/>
                    <conceptReferenceTerm id="181" resolves-to="org.openmrs.ConceptReferenceTerm" uuid="e234435b-88ff-4286-a2b7-5ba9deb69189">
                      <creator/>
                      <dateCreated id="182">2022-01-03 16:40:11</dateCreated>
                      <retired>false</retired>
                      <conceptReferenceTermId>285370</conceptReferenceTermId>
                      <conceptSource id="183" resolves-to="org.openmrs.ConceptSource" uuid="21ADDDDDDDDDDDDDDDDDDDDDDDDDDDDDDDDD">
                        <name>CIEL</name>
                        <description>Columbia International eHealth Laboratory concept ID</description>
                        <creator/>
                        <dateCreated id="184">2013-07-03 15:55:03</dateCreated>
                        <changedBy/>
                        <dateChanged id="185">2022-03-08 11:26:12</dateChanged>
                        <retired>false</retired>
                        <conceptSourceId>21</conceptSourceId>
                      </conceptSource>
                      <code>162321</code>
                      <conceptReferenceTermMaps id="186"/>
                    </conceptReferenceTerm>
                  </org.openmrs.ConceptMap>
                </conceptMappings>
                <attributes id="187"/>
              </answerConcept>
              <creator/>
              <dateCreated id="188">2022-03-11 13:45:56</dateCreated>
              <sortWeight>3.0</sortWeight>
            </org.openmrs.ConceptAnswer>
            <org.openmrs.ConceptAnswer id="189" uuid="51c6bb66-5d17-4fc2-81e6-83d23009ac48">
              <conceptAnswerId>7329</conceptAnswerId>
              <concept reference="115"/>
              <answerConcept id="190" resolves-to="org.openmrs.Concept" uuid="1691AAAAAAAAAAAAAAAAAAAAAAAAAAAAAAAA">
                <conceptId>166119</conceptId>
                <retired>false</retired>
                <datatype id="191" resolves-to="org.openmrs.ConceptDatatype" uuid="8d4a5cca-c2cc-11de-8d13-0010c6dffd0f">
                  <name>Boolean</name>
                  <description>Boolean value (yes/no, true/false)</description>
                  <creator/>
                  <dateCreated id="192">2004-08-26 00:00:00</dateCreated>
                  <retired>false</retired>
                  <retiredBy/>
                  <conceptDatatypeId>10</conceptDatatypeId>
                  <hl7Abbreviation>BIT</hl7Abbreviation>
                </datatype>
                <conceptClass reference="147"/>
                <set>false</set>
                <creator/>
                <dateCreated id="193">2022-01-03 16:35:19</dateCreated>
                <changedBy/>
                <dateChanged id="194">2022-03-11 13:41:27</dateChanged>
                <names class="set" id="195">
                  <org.openmrs.ConceptName id="196" uuid="136012BBBBBBBBBBBBBBBBBBBBBBBBBBBBBB">
                    <conceptNameId>143847</conceptNameId>
                    <concept reference="190"/>
                    <name>Profilaksi pòs-ekspozisyon</name>
                    <locale id="197">ht</locale>
                    <creator/>
                    <dateCreated id="198">2022-01-03 16:35:19</dateCreated>
                    <voided>false</voided>
                    <tags class="set" id="199"/>
                    <conceptNameType>FULLY_SPECIFIED</conceptNameType>
                    <localePreferred>true</localePreferred>
                  </org.openmrs.ConceptName>
                  <org.openmrs.ConceptName id="200" uuid="1971BBBBBBBBBBBBBBBBBBBBBBBBBBBBBBBB">
                    <conceptNameId>143848</conceptNameId>
                    <concept reference="190"/>
                    <name>Post-exposure prophylaxis</name>
                    <locale id="201">en</locale>
                    <creator/>
                    <dateCreated id="202">2022-01-03 16:35:19</dateCreated>
                    <voided>false</voided>
                    <tags class="set" id="203"/>
                    <conceptNameType>FULLY_SPECIFIED</conceptNameType>
                    <localePreferred>true</localePreferred>
                  </org.openmrs.ConceptName>
                  <org.openmrs.ConceptName id="204" uuid="106204BBBBBBBBBBBBBBBBBBBBBBBBBBBBBB">
                    <conceptNameId>143849</conceptNameId>
                    <concept reference="190"/>
                    <name>Recherche préventive</name>
                    <locale id="205">fr</locale>
                    <creator/>
                    <dateCreated id="206">2022-01-03 16:35:19</dateCreated>
                    <voided>false</voided>
                    <tags class="set" id="207"/>
                    <conceptNameType>FULLY_SPECIFIED</conceptNameType>
                    <localePreferred>true</localePreferred>
                  </org.openmrs.ConceptName>
                  <org.openmrs.ConceptName id="208" uuid="96324BBBBBBBBBBBBBBBBBBBBBBBBBBBBBBB">
                    <conceptNameId>143850</conceptNameId>
                    <concept reference="190"/>
                    <name>PEP (post-exposure prophylaxis)</name>
                    <locale id="209">en</locale>
                    <creator/>
                    <dateCreated id="210">2022-01-03 16:35:19</dateCreated>
                    <voided>false</voided>
                    <tags class="set" id="211"/>
                    <localePreferred>false</localePreferred>
                  </org.openmrs.ConceptName>
                  <org.openmrs.ConceptName id="212" uuid="136011BBBBBBBBBBBBBBBBBBBBBBBBBBBBBB">
                    <conceptNameId>143851</conceptNameId>
                    <concept reference="190"/>
                    <name>Prophylaxie post-exposition</name>
                    <locale id="213">fr</locale>
                    <creator/>
                    <dateCreated id="214">2022-01-03 16:35:19</dateCreated>
                    <voided>false</voided>
                    <tags class="set" id="215"/>
                    <localePreferred>false</localePreferred>
                  </org.openmrs.ConceptName>
                  <org.openmrs.ConceptName id="216" uuid="86974BBBBBBBBBBBBBBBBBBBBBBBBBBBBBBB">
                    <conceptNameId>143852</conceptNameId>
                    <concept reference="190"/>
                    <name>Post-exposure prophylaxis</name>
                    <locale id="217">en</locale>
                    <creator/>
                    <dateCreated id="218">2022-01-03 16:35:19</dateCreated>
                    <voided>false</voided>
                    <tags class="set" id="219"/>
                    <conceptNameType>SHORT</conceptNameType>
                    <localePreferred>false</localePreferred>
                  </org.openmrs.ConceptName>
                </names>
                <answers class="set" id="220"/>
                <conceptSets class="set" id="221"/>
                <descriptions class="set" id="222">
                  <org.openmrs.ConceptDescription id="223" uuid="1528FFFFFFFFFFFFFFFFFFFFFFFFFFFFFFFF">
                    <conceptDescriptionId>18758</conceptDescriptionId>
                    <concept reference="190"/>
                    <description>Post-exposure prophylaxis (PEP) is short-term antiretroviral treatment to reduce the likelihood of HIV infection after potential exposure, either occupationally or through sexual intercourse.</description>
                    <locale id="224">en</locale>
                    <creator/>
                    <dateCreated id="225">2022-01-03 16:35:19</dateCreated>
                  </org.openmrs.ConceptDescription>
                </descriptions>
                <conceptMappings class="set" id="226">
                  <org.openmrs.ConceptMap id="227" uuid="a924cb3b-bab7-373c-9c4f-14f2565c23a9">
                    <conceptMapType reference="170"/>
                    <creator/>
                    <dateCreated id="228">2022-01-03 17:36:21</dateCreated>
                    <conceptMapId>285360</conceptMapId>
                    <concept reference="190"/>
                    <conceptReferenceTerm id="229" resolves-to="org.openmrs.ConceptReferenceTerm" uuid="1cb974a3-28ce-4ea8-b182-9888b4b9bcde">
                      <creator/>
                      <dateCreated id="230">2022-01-03 17:36:21</dateCreated>
                      <retired>false</retired>
                      <conceptReferenceTermId>285363</conceptReferenceTermId>
                      <conceptSource reference="183"/>
                      <code>1691</code>
                      <conceptReferenceTermMaps id="231"/>
                    </conceptReferenceTerm>
                  </org.openmrs.ConceptMap>
                  <org.openmrs.ConceptMap id="232" uuid="135182ABBBBBBBBBBBBBBBBBBBBBBBBBBBBB">
                    <conceptMapType reference="170"/>
                    <creator/>
                    <dateCreated id="233">2022-01-03 17:36:22</dateCreated>
                    <conceptMapId>285361</conceptMapId>
                    <concept reference="190"/>
                    <conceptReferenceTerm id="234" resolves-to="org.openmrs.ConceptReferenceTerm" uuid="4896b494-ac2e-4c12-9514-f813a3f57070">
                      <creator/>
                      <dateCreated id="235">2022-01-03 17:36:22</dateCreated>
                      <retired>false</retired>
                      <conceptReferenceTermId>285364</conceptReferenceTermId>
                      <conceptSource id="236" resolves-to="org.openmrs.ConceptSource" uuid="13ADDDDDDDDDDDDDDDDDDDDDDDDDDDDDDDDD">
                        <name>AMPATH</name>
                        <description>AMPATH concept dictionary</description>
                        <creator/>
                        <dateCreated id="237">2010-10-24 17:02:38</dateCreated>
                        <changedBy/>
                        <dateChanged id="238">2022-03-08 11:26:12</dateChanged>
                        <retired>false</retired>
                        <conceptSourceId>13</conceptSourceId>
                      </conceptSource>
                      <code>2090</code>
                      <conceptReferenceTermMaps id="239"/>
                    </conceptReferenceTerm>
                  </org.openmrs.ConceptMap>
                  <org.openmrs.ConceptMap id="240" uuid="137530ABBBBBBBBBBBBBBBBBBBBBBBBBBBBB">
                    <conceptMapType reference="170"/>
                    <creator/>
                    <dateCreated id="241">2022-01-03 17:36:22</dateCreated>
                    <conceptMapId>285362</conceptMapId>
                    <concept reference="190"/>
                    <conceptReferenceTerm id="242" resolves-to="org.openmrs.ConceptReferenceTerm" uuid="a05ed254-05e4-44f0-aefd-1ed3aea16029">
                      <creator/>
                      <dateCreated id="243">2022-01-03 17:36:22</dateCreated>
                      <retired>false</retired>
                      <conceptReferenceTermId>285365</conceptReferenceTermId>
                      <conceptSource reference="176"/>
                      <code>409516001</code>
                      <conceptReferenceTermMaps id="244"/>
                    </conceptReferenceTerm>
                  </org.openmrs.ConceptMap>
                </conceptMappings>
                <attributes id="245"/>
              </answerConcept>
              <creator/>
              <dateCreated id="246">2022-03-11 13:45:56</dateCreated>
              <sortWeight>1.0</sortWeight>
            </org.openmrs.ConceptAnswer>
            <org.openmrs.ConceptAnswer id="247" uuid="470a96b5-0592-4592-93dc-c78223601bc5">
              <conceptAnswerId>7330</conceptAnswerId>
              <concept reference="115"/>
              <answerConcept id="248" resolves-to="org.openmrs.Concept" uuid="166536AAAAAAAAAAAAAAAAAAAAAAAAAAAAAA">
                <conceptId>166120</conceptId>
                <retired>false</retired>
                <datatype reference="145"/>
                <conceptClass reference="147"/>
                <set>false</set>
                <creator/>
                <dateCreated id="249">2022-01-03 15:10:28</dateCreated>
                <changedBy/>
                <dateChanged id="250">2022-03-11 13:41:27</dateChanged>
                <names class="set" id="251">
                  <org.openmrs.ConceptName id="252" uuid="145734BBBBBBBBBBBBBBBBBBBBBBBBBBBBBB">
                    <conceptNameId>143853</conceptNameId>
                    <concept reference="248"/>
                    <name>Pre-exposure prophylaxis (PrEP)</name>
                    <locale id="253">en</locale>
                    <creator/>
                    <dateCreated id="254">2022-01-03 15:10:28</dateCreated>
                    <voided>false</voided>
                    <tags class="set" id="255"/>
                    <conceptNameType>FULLY_SPECIFIED</conceptNameType>
                    <localePreferred>true</localePreferred>
                  </org.openmrs.ConceptName>
                </names>
                <answers class="set" id="256"/>
                <conceptSets class="set" id="257"/>
                <descriptions class="set" id="258"/>
                <conceptMappings class="set" id="259">
                  <org.openmrs.ConceptMap id="260" uuid="2fa9182a-92f0-388b-800f-e235cf66bca0">
                    <conceptMapType reference="170"/>
                    <creator/>
                    <dateCreated id="261">2022-01-03 16:36:46</dateCreated>
                    <conceptMapId>285363</conceptMapId>
                    <concept reference="248"/>
                    <conceptReferenceTerm id="262" resolves-to="org.openmrs.ConceptReferenceTerm" uuid="0a31d847-647e-4688-8f15-faacca8b3ae8">
                      <creator/>
                      <dateCreated id="263">2022-01-03 16:36:46</dateCreated>
                      <retired>false</retired>
                      <conceptReferenceTermId>285366</conceptReferenceTermId>
                      <conceptSource reference="183"/>
                      <code>166536</code>
                      <conceptReferenceTermMaps id="264"/>
                    </conceptReferenceTerm>
                  </org.openmrs.ConceptMap>
                  <org.openmrs.ConceptMap id="265" uuid="289225ABBBBBBBBBBBBBBBBBBBBBBBBBBBBB">
                    <conceptMapType id="266" resolves-to="org.openmrs.ConceptMapType" uuid="43ac5109-7d8c-11e1-909d-c80aa9edcf4e">
                      <name>NARROWER-THAN</name>
                      <creator/>
                      <dateCreated id="267">2018-10-12 00:00:00</dateCreated>
                      <changedBy/>
                      <dateChanged id="268">2022-03-08 11:26:12</dateChanged>
                      <retired>false</retired>
                      <conceptMapTypeId>2</conceptMapTypeId>
                      <isHidden>false</isHidden>
                    </conceptMapType>
                    <creator/>
                    <dateCreated id="269">2022-01-03 16:36:43</dateCreated>
                    <conceptMapId>285364</conceptMapId>
                    <concept reference="248"/>
                    <conceptReferenceTerm id="270" resolves-to="org.openmrs.ConceptReferenceTerm" uuid="e7ad6ed4-c59d-454b-9270-cb7ae4968db8">
                      <creator/>
                      <dateCreated id="271">2022-01-03 16:36:43</dateCreated>
                      <retired>false</retired>
                      <conceptReferenceTermId>285367</conceptReferenceTermId>
                      <conceptSource reference="176"/>
                      <code>169443000</code>
                      <conceptReferenceTermMaps id="272"/>
                    </conceptReferenceTerm>
                  </org.openmrs.ConceptMap>
                  <org.openmrs.ConceptMap id="273" uuid="289227ABBBBBBBBBBBBBBBBBBBBBBBBBBBBB">
                    <conceptMapType reference="170"/>
                    <creator/>
                    <dateCreated id="274">2022-01-03 16:36:42</dateCreated>
                    <conceptMapId>285365</conceptMapId>
                    <concept reference="248"/>
                    <conceptReferenceTerm id="275" resolves-to="org.openmrs.ConceptReferenceTerm" uuid="996778c1-a17e-4802-bb18-8cec57cabe77">
                      <creator/>
                      <dateCreated id="276">2022-01-03 16:36:42</dateCreated>
                      <retired>false</retired>
                      <conceptReferenceTermId>285368</conceptReferenceTermId>
                      <conceptSource id="277" resolves-to="org.openmrs.ConceptSource" uuid="68f2dfdc-3fc1-50ee-a522-7bc01771be29">
                        <name>KenyaEMR</name>
                        <description>Imported from https://api.openconceptlab.org/orgs/CIEL/sources/CIEL/mappings/956637/</description>
                        <creator/>
                        <dateCreated id="278">2022-01-03 16:36:31</dateCreated>
                        <retired>false</retired>
                        <conceptSourceId>43</conceptSourceId>
                      </conceptSource>
                      <code>165080</code>
                      <conceptReferenceTermMaps id="279"/>
                    </conceptReferenceTerm>
                  </org.openmrs.ConceptMap>
                </conceptMappings>
                <attributes id="280"/>
              </answerConcept>
              <creator/>
              <dateCreated id="281">2022-03-11 13:45:56</dateCreated>
              <sortWeight>2.0</sortWeight>
            </org.openmrs.ConceptAnswer>
          </answers>
          <conceptSets class="set" id="282"/>
          <descriptions class="set" id="283"/>
          <conceptMappings class="set" id="284"/>
          <attributes id="285"/>
        </concept>
        <conceptSet reference="54"/>
        <sortWeight>3.0</sortWeight>
        <creator/>
        <dateCreated id="286">2021-09-06 20:33:29</dateCreated>
      </org.openmrs.ConceptSet>
      <org.openmrs.ConceptSet id="287" uuid="b3706aa0-c6c0-43ff-be5a-5774d95e38fb">
        <conceptSetId>2902</conceptSetId>
        <concept reference="2"/>
        <conceptSet reference="54"/>
        <sortWeight>1.0</sortWeight>
        <creator/>
        <dateCreated id="288">2021-09-06 20:33:29</dateCreated>
      </org.openmrs.ConceptSet>
      <org.openmrs.ConceptSet id="289" uuid="9983dfe0-419f-4d13-9376-e3cc3c56a11a">
        <conceptSetId>3024</conceptSetId>
        <concept id="290" uuid="20fb8dc4-b958-4c88-b9a7-96ea36b4b0ef">
          <conceptId>166088</conceptId>
          <retired>false</retired>
          <datatype reference="191"/>
          <conceptClass reference="24"/>
          <set>false</set>
          <creator/>
          <dateCreated id="291">2021-05-20 14:12:25</dateCreated>
          <changedBy/>
          <dateChanged id="292">2022-03-08 11:26:15</dateChanged>
          <names class="set" id="293">
            <org.openmrs.ConceptName id="294" uuid="ea4fc7b1-f87a-4acf-8531-1739a2bfc1a3">
              <conceptNameId>143787</conceptNameId>
              <concept reference="290"/>
              <name>Current regimen</name>
              <locale id="295">en</locale>
              <creator/>
              <dateCreated id="296">2021-05-20 14:12:25</dateCreated>
              <voided>false</voided>
              <tags class="set" id="297"/>
              <conceptNameType>FULLY_SPECIFIED</conceptNameType>
              <localePreferred>true</localePreferred>
              <changedBy/>
              <dateChanged id="298">2022-03-08 11:26:15</dateChanged>
            </org.openmrs.ConceptName>
          </names>
          <answers class="set" id="299"/>
          <conceptSets class="set" id="300"/>
          <descriptions class="set" id="301"/>
          <conceptMappings class="set" id="302"/>
          <attributes id="303"/>
        </concept>
        <conceptSet reference="54"/>
        <sortWeight>4.0</sortWeight>
        <creator/>
        <dateCreated id="304">2022-03-11 14:22:51</dateCreated>
      </org.openmrs.ConceptSet>
    </conceptSets>
    <descriptions class="set" id="305"/>
    <conceptMappings class="set" id="306"/>
    <attributes id="307"/>
  </org.openmrs.Concept>
  <org.openmrs.Concept reference="115"/>
  <org.openmrs.Concept id="308" uuid="d9cd2810-d600-47c4-b29c-234c72514b9e">
    <conceptId>166085</conceptId>
    <retired>false</retired>
    <datatype reference="3"/>
    <conceptClass reference="24"/>
    <set>false</set>
    <creator/>
    <dateCreated id="309">2021-05-24 15:39:09</dateCreated>
    <changedBy/>
    <dateChanged id="310">2022-03-08 11:26:15</dateChanged>
    <names class="set" id="311">
      <org.openmrs.ConceptName id="312" uuid="77d3816f-811c-47ff-973a-f85d61668bd7">
        <conceptNameId>143784</conceptNameId>
        <concept reference="308"/>
        <name>ART Restart Date</name>
        <locale id="313">en</locale>
        <creator/>
        <dateCreated id="314">2021-05-24 15:39:09</dateCreated>
        <voided>false</voided>
        <tags class="set" id="315"/>
        <conceptNameType>FULLY_SPECIFIED</conceptNameType>
        <localePreferred>true</localePreferred>
        <changedBy/>
        <dateChanged id="316">2022-03-08 11:26:15</dateChanged>
      </org.openmrs.ConceptName>
    </names>
    <answers class="set" id="317"/>
    <conceptSets class="set" id="318"/>
    <descriptions class="set" id="319"/>
    <conceptMappings class="set" id="320"/>
    <attributes id="321"/>
  </org.openmrs.Concept>
  <org.openmrs.Concept reference="71"/>
  <org.openmrs.Concept reference="87"/>
  <org.openmrs.Concept reference="290"/>
  <org.openmrs.ConceptNumeric id="322" uuid="f2b32e5c-3e18-47af-b84d-8d2994361eb5">
    <conceptId>166112</conceptId>
    <retired>false</retired>
    <datatype id="323" resolves-to="org.openmrs.ConceptDatatype" uuid="8d4a4488-c2cc-11de-8d13-0010c6dffd0f">
      <name>Numeric</name>
      <description>Numeric value, including integer or float (e.g., creatinine, weight)</description>
      <creator/>
      <dateCreated id="324">2004-02-02 00:00:00</dateCreated>
      <retired>false</retired>
      <retiredBy/>
      <conceptDatatypeId>1</conceptDatatypeId>
      <hl7Abbreviation>NM</hl7Abbreviation>
    </datatype>
    <conceptClass reference="57"/>
    <set>true</set>
    <creator/>
    <dateCreated id="325">2021-12-10 12:03:17</dateCreated>
    <changedBy/>
    <dateChanged id="326">2022-03-08 11:26:15</dateChanged>
    <names class="set" id="327">
      <org.openmrs.ConceptName id="328" uuid="0fc7044c-d262-400a-a179-21254c6234c0">
        <conceptNameId>143816</conceptNameId>
        <concept class="org.openmrs.ConceptNumeric" reference="322"/>
        <name>ART interruption details</name>
        <locale id="329">en</locale>
        <creator/>
        <dateCreated id="330">2021-12-10 13:26:19</dateCreated>
        <voided>false</voided>
        <tags class="set" id="331"/>
        <conceptNameType>FULLY_SPECIFIED</conceptNameType>
        <localePreferred>true</localePreferred>
        <changedBy/>
        <dateChanged id="332">2022-03-08 11:26:15</dateChanged>
      </org.openmrs.ConceptName>
      <org.openmrs.ConceptName id="333" uuid="86b235a2-779d-4ef0-9636-88e5ff432365">
        <conceptNameId>143815</conceptNameId>
        <concept class="org.openmrs.ConceptNumeric" reference="322"/>
        <name>ART interruption details</name>
        <locale id="334">en</locale>
        <creator/>
        <dateCreated id="335">2022-02-15 15:33:00</dateCreated>
        <voided>true</voided>
        <voidedBy/>
        <dateVoided id="336">2022-02-22 15:19:22</dateVoided>
        <tags class="set" id="337"/>
        <conceptNameType>FULLY_SPECIFIED</conceptNameType>
        <localePreferred>true</localePreferred>
        <changedBy/>
        <dateChanged id="338">2022-02-22 15:19:22</dateChanged>
      </org.openmrs.ConceptName>
      <org.openmrs.ConceptName id="339" uuid="cc281920-9800-4c85-8f45-f5229998c2ee">
        <conceptNameId>143817</conceptNameId>
        <concept class="org.openmrs.ConceptNumeric" reference="322"/>
        <name>Interruption details</name>
        <locale id="340">en</locale>
        <creator/>
        <dateCreated id="341">2021-12-10 12:03:17</dateCreated>
        <voided>true</voided>
        <voidedBy/>
        <dateVoided id="342">2021-12-10 13:26:19</dateVoided>
        <voidReason>Deleted due to change of name</voidReason>
        <tags class="set" id="343"/>
        <localePreferred>false</localePreferred>
        <changedBy/>
        <dateChanged id="344">2022-03-08 11:26:15</dateChanged>
      </org.openmrs.ConceptName>
    </names>
    <answers class="set" id="345"/>
    <conceptSets class="set" id="346">
      <org.openmrs.ConceptSet id="347" uuid="a1c85c53-edaa-499c-83f5-852de072adc6">
        <conceptSetId>3020</conceptSetId>
        <concept reference="308"/>
        <conceptSet class="org.openmrs.ConceptNumeric" reference="322"/>
        <sortWeight>2.0</sortWeight>
        <creator/>
        <dateCreated id="348">2021-12-10 12:03:17</dateCreated>
      </org.openmrs.ConceptSet>
      <org.openmrs.ConceptSet id="349" uuid="c996e756-b2ea-4204-9b20-3bc186d90c21">
        <conceptSetId>3021</conceptSetId>
        <concept reference="40"/>
        <conceptSet class="org.openmrs.ConceptNumeric" reference="322"/>
        <sortWeight>0.0</sortWeight>
        <creator/>
        <dateCreated id="350">2021-12-10 12:03:17</dateCreated>
      </org.openmrs.ConceptSet>
      <org.openmrs.ConceptSet id="351" uuid="b3389711-cc1f-44c1-b287-91d1fc3a8be8">
        <conceptSetId>3022</conceptSetId>
        <concept reference="21"/>
        <conceptSet class="org.openmrs.ConceptNumeric" reference="322"/>
        <sortWeight>1.0</sortWeight>
        <creator/>
        <dateCreated id="352">2021-12-10 12:03:17</dateCreated>
      </org.openmrs.ConceptSet>
    </conceptSets>
    <descriptions class="set" id="353"/>
    <conceptMappings class="set" id="354"/>
    <attributes id="355"/>
    <allowDecimal>false</allowDecimal>
  </org.openmrs.ConceptNumeric>
  <org.openmrs.module.appframework.domain.UserApp id="356">
    <appId>cfl.programWidget</appId>
    <json>{&#xd;
  &quot;id&quot;:&quot;cfl.programWidget&quot;,&#xd;
  &quot;instanceOf&quot;: &quot;coreapps.template.dashboardWidget&quot;,&#xd;
  &quot;description&quot;: &quot;Programs widget&quot;,&#xd;
  &quot;order&quot;:3,&#xd;
  &quot;extensions&quot;:[&#xd;
{&#xd;
         &quot;id&quot;:&quot;testProgramWidget&quot;,&#xd;
         &quot;extensionPointId&quot;: &quot;patientDashboard.firstColumnFragments&quot;,&#xd;
        &quot;extensionParams&quot;: {&#xd;
           &quot;provider&quot;: &quot;cflcore&quot;,&#xd;
            &quot;fragment&quot;: &quot;dashboardwidgets/program&quot;,&#xd;
           &quot;fragmentConfig&quot;: {&#xd;
           &quot;icon&quot;: &quot;icon-stethoscope&quot;,&#xd;
           &quot;label&quot;: &quot;Programs widget&quot;,&#xd;
           &quot;programMapList&quot;:[&#xd;
			{&#xd;
				 &quot;name&quot;:&quot;HIV&quot;,&#xd;
				 &quot;programFormUuid&quot;:&quot;ad796f8c-b966-11eb-9ad8-0242ac120002&quot;,&#xd;
				 &quot;discontinuationFormUuid&quot;:&quot;39258edb-92c5-11eb-bf66-0242ac120002&quot;,&#xd;
				 &quot;enterModeOnly&quot;:true&#xd;
			}&#xd;
           ]&#xd;
          }&#xd;
         }&#xd;
      }&#xd;
   ]&#xd;
}&#xd;
</json>
  </org.openmrs.module.appframework.domain.UserApp>
  <org.openmrs.Program id="357" uuid="06c596e7-53dd-44c1-9609-f1406fd9e76d">
    <name>HIV</name>
    <description>HIV Program form</description>
    <creator/>
    <dateCreated id="358">2021-11-15 11:18:42</dateCreated>
    <changedBy/>
    <dateChanged id="359">2022-03-08 11:26:15</dateChanged>
    <retired>false</retired>
    <programId>2</programId>
    <concept id="360" resolves-to="org.openmrs.ConceptNumeric" uuid="c8ad198e-8d70-49e0-86aa-018f5b7389e5">
      <conceptId>165945</conceptId>
      <retired>false</retired>
      <datatype reference="323"/>
      <conceptClass id="361" resolves-to="org.openmrs.ConceptClass" uuid="8d4918b0-c2cc-11de-8d13-0010c6dffd0f">
        <name>Diagnosis</name>
        <description>Conclusion drawn through findings</description>
        <creator/>
        <dateCreated id="362">2004-02-02 00:00:00</dateCreated>
        <changedBy/>
        <dateChanged id="363">2022-03-08 11:26:15</dateChanged>
        <retired>false</retired>
        <conceptClassId>4</conceptClassId>
      </conceptClass>
      <set>false</set>
      <creator/>
      <dateCreated id="364">2020-07-09 12:10:13</dateCreated>
      <changedBy/>
      <dateChanged id="365">2022-03-08 11:26:15</dateChanged>
      <names class="set" id="366">
        <org.openmrs.ConceptName id="367" uuid="153d8f5a-78eb-454e-8faf-07defc5c94ef">
          <conceptNameId>143563</conceptNameId>
          <concept reference="360"/>
          <name>HIV</name>
          <locale id="368">en</locale>
          <creator/>
          <dateCreated id="369">2020-07-09 12:10:13</dateCreated>
          <voided>false</voided>
          <tags class="set" id="370"/>
          <conceptNameType>FULLY_SPECIFIED</conceptNameType>
          <localePreferred>true</localePreferred>
          <changedBy/>
          <dateChanged id="371">2022-03-08 11:26:15</dateChanged>
        </org.openmrs.ConceptName>
      </names>
      <answers class="set" id="372"/>
      <conceptSets class="set" id="373"/>
      <descriptions class="set" id="374">
        <org.openmrs.ConceptDescription id="375" uuid="898fe639-7d67-43ad-a50a-d22e40a54cce">
          <conceptDescriptionId>18695</conceptDescriptionId>
          <concept reference="360"/>
          <description>Human Immunodeficiency Virus [HIV] disease resulting in infectious and parasitic diseases</description>
          <locale id="376">en</locale>
          <creator/>
          <dateCreated id="377">2020-07-09 12:10:13</dateCreated>
          <changedBy/>
          <dateChanged id="378">2022-03-08 11:26:15</dateChanged>
        </org.openmrs.ConceptDescription>
      </descriptions>
      <conceptMappings class="set" id="379">
        <org.openmrs.ConceptMap id="380" uuid="b59b7f3b-ffb2-4d12-8d89-313f5e77a484">
          <conceptMapType reference="170"/>
          <creator/>
          <changedBy/>
          <dateCreated id="381">2020-07-09 12:10:13</dateCreated>
          <dateChanged id="382">2022-03-08 11:26:15</dateChanged>
          <conceptMapId>285340</conceptMapId>
          <concept reference="360"/>
          <conceptReferenceTerm id="383" resolves-to="org.openmrs.ConceptReferenceTerm" uuid="805deb3c-5a8a-4c1d-af33-61efc48af958">
            <description>Human Immunodeficiency Virus [HIV] disease resulting in infectious and parasitic diseases</description>
            <creator/>
            <dateCreated id="384">2020-07-09 12:06:20</dateCreated>
            <changedBy/>
            <dateChanged id="385">2022-03-08 11:26:15</dateChanged>
            <retired>false</retired>
            <conceptReferenceTermId>285342</conceptReferenceTermId>
            <conceptSource id="386" resolves-to="org.openmrs.ConceptSource" uuid="3f65bd34-26fe-102b-80cb-0017a47871b2">
              <name>ICD-10-WHO</name>
              <description>ICD-10 WHO Version</description>
              <creator/>
              <dateCreated id="387">2010-04-25 11:13:15</dateCreated>
              <changedBy/>
              <dateChanged id="388">2022-03-08 11:26:15</dateChanged>
              <retired>false</retired>
              <conceptSourceId>3</conceptSourceId>
            </conceptSource>
            <code>B20</code>
            <conceptReferenceTermMaps id="389"/>
          </conceptReferenceTerm>
        </org.openmrs.ConceptMap>
      </conceptMappings>
      <attributes id="390"/>
      <allowDecimal>false</allowDecimal>
    </concept>
    <allWorkflows id="391"/>
  </org.openmrs.Program>
  <org.openmrs.EncounterType id="392" uuid="b3af129b-90c9-4f84-966e-f4f9515083e6">
    <name>HIV Program form</name>
    <creator/>
    <dateCreated id="393">2021-11-15 09:53:55</dateCreated>
    <changedBy/>
    <dateChanged id="394">2022-03-08 11:26:15</dateChanged>
    <retired>false</retired>
    <encounterTypeId>16</encounterTypeId>
  </org.openmrs.EncounterType>
</list>
