<?xml version="1.0" encoding="UTF-8"?>
<list id="1">
  <org.openmrs.module.sms.api.templates.Template id="2">
    <outgoing id="3">
      <request id="4">
        <urlPath>https://messages-sandbox.nexmo.com/v0.1/messages</urlPath>
        <queryParameters class="linked-hash-map" id="5"/>
        <bodyParameters class="linked-hash-map" id="6">
          <entry>
            <string>from</string>
            <string>{&quot;type&quot;: &quot;whatsapp&quot;, &quot;number&quot;: &quot;[from]&quot; }</string>
          </entry>
          <entry>
            <string>to</string>
            <string>{ &quot;type&quot;: &quot;whatsapp&quot;, &quot;number&quot;: &quot;[recipients]&quot; }</string>
          </entry>
          <entry>
            <string>message[#{#type == &apos;text&apos; || #type == null}]</string>
            <string>{&quot;content&quot;:{&quot;type&quot;:&quot;text&quot;,&quot;text&quot;:&quot;[message]&quot;}}</string>
          </entry>
          <entry>
            <string>message[#{#type == &apos;template&apos;}]</string>
            <string>{&quot;content&quot;:{&quot;type&quot;:&quot;template&quot;,&quot;template&quot;:{&quot;name&quot;:&quot;[message]&quot;,&quot;parameters&quot;:[({&quot;default&quot;:&quot;[parameterValues]&quot;})]}},&quot;whatsapp&quot;:{&quot;policy&quot;:&quot;deterministic&quot;,&quot;locale&quot;:&quot;en-GB&quot;}}</string>
          </entry>
          <entry>
            <string>message[#{#type == &apos;image&apos;}]</string>
            <string>{&quot;content&quot;:{&quot;type&quot;:&quot;image&quot;,&quot;image&quot;:{&quot;url&quot;:&quot;[imageURL]&quot;,&quot;caption&quot;:&quot;[message]&quot;}}}</string>
          </entry>
        </bodyParameters>
        <headerParameters class="linked-hash-map" id="7"/>
        <type>POST</type>
        <jsonContentType>true</jsonContentType>
      </request>
      <response id="8">
        <multiLineRecipientResponse>true</multiLineRecipientResponse>
        <singleRecipientResponse>true</singleRecipientResponse>
        <successStatus>202</successStatus>
        <successResponse>.*&quot;message_uuid&quot;:&quot;([0-9a-z,-]*)</successResponse>
        <extractSingleSuccessMessageId>.*&quot;message_uuid&quot;:&quot;([0-9a-z,-]*)</extractSingleSuccessMessageId>
        <extractGeneralFailureMessage>^detail(.*)$</extractGeneralFailureMessage>
      </response>
      <hasAuthentication>true</hasAuthentication>
      <exponentialBackOffRetries>true</exponentialBackOffRetries>
      <millisecondsBetweenMessages>1000</millisecondsBetweenMessages>
      <maxSmsSize>400</maxSmsSize>
      <maxRecipient>1</maxRecipient>
      <recipientSeparator>,</recipientSeparator>
      <defaultMillisecondsBetweenMessages>1</defaultMillisecondsBetweenMessages>
      <defaultMaxSmsSize>160</defaultMaxSmsSize>
      <defaultMaxRecipient>1</defaultMaxRecipient>
      <defaultRecipientSeparator>,</defaultRecipientSeparator>
    </outgoing>
    <status id="9">
      <messageIdKey>message_uuid</messageIdKey>
      <statusKey>status</statusKey>
      <statusSuccess>delivered|submitted|read</statusSuccess>
      <statusFailure>rejected|undeliverable</statusFailure>
    </status>
    <incoming id="10">
      <messageKey>message</messageKey>
      <messageRegex>.*&quot;text&quot;:&quot;(.*?)&quot;</messageRegex>
      <senderKey>from</senderKey>
      <senderRegex>.*&quot;number&quot;:&quot;([0-9a-z,-]*)</senderRegex>
      <recipientKey>to</recipientKey>
      <recipientRegex>.*&quot;number&quot;:&quot;([0-9a-z,-]*)</recipientRegex>
      <timestampKey>timestamp</timestampKey>
      <msgIdKey>message_uuid</msgIdKey>
    </incoming>
    <name>Nexmo Whatsapp 1.4</name>
    <configurables id="11">
      <string>username</string>
      <string>password</string>
      <string>from</string>
    </configurables>
  </org.openmrs.module.sms.api.templates.Template>
  <org.openmrs.module.sms.api.templates.Template id="12">
    <outgoing id="13">
      <request id="14">
        <urlPath>https://rest.nexmo.com/sms/json</urlPath>
        <recipientsSeparator>,</recipientsSeparator>
        <queryParameters class="linked-hash-map" id="15"/>
        <bodyParameters class="linked-hash-map" id="16">
          <entry>
            <string>api_key</string>
            <string>[api_key]</string>
          </entry>
          <entry>
            <string>api_secret</string>
            <string>[api_secret]</string>
          </entry>
          <entry>
            <string>from</string>
            <string>[from]</string>
          </entry>
          <entry>
            <string>to</string>
            <string>[recipients]</string>
          </entry>
          <entry>
            <string>text</string>
            <string>[message]</string>
          </entry>
          <entry>
            <string>type</string>
            <string>unicode</string>
          </entry>
        </bodyParameters>
        <headerParameters class="linked-hash-map" id="17"/>
        <type>POST</type>
        <jsonContentType>false</jsonContentType>
      </request>
      <response id="18">
        <multiLineRecipientResponse>true</multiLineRecipientResponse>
        <singleRecipientResponse>true</singleRecipientResponse>
        <extractSingleSuccessMessageId>&quot;message-id&quot;: &quot;([0-9a-zA-Z]+)&quot;</extractSingleSuccessMessageId>
        <extractSingleFailureMessage>^ERR: (.*)$</extractSingleFailureMessage>
        <extractSuccessMessageIdAndRecipient>^ID: ([0-9a-zA-Z]+) To: ([0-9]+)$</extractSuccessMessageIdAndRecipient>
        <extractFailureMessageAndRecipient>.*&quot;error-text&quot;: &quot;(.*)(&quot;)</extractFailureMessageAndRecipient>
        <extractProviderStatus>.*&quot;status&quot;: &quot;(.*)&quot;.*</extractProviderStatus>
      </response>
      <hasAuthentication>false</hasAuthentication>
      <exponentialBackOffRetries>true</exponentialBackOffRetries>
      <millisecondsBetweenMessages>1000</millisecondsBetweenMessages>
      <maxSmsSize>160</maxSmsSize>
      <maxRecipient>1</maxRecipient>
      <recipientSeparator>,</recipientSeparator>
      <defaultMillisecondsBetweenMessages>1</defaultMillisecondsBetweenMessages>
      <defaultMaxSmsSize>160</defaultMaxSmsSize>
      <defaultMaxRecipient>1</defaultMaxRecipient>
      <defaultRecipientSeparator>,</defaultRecipientSeparator>
    </outgoing>
    <status id="19">
      <messageIdKey>apiMsgId</messageIdKey>
      <statusKey>status</statusKey>
      <statusSuccess>003|004|008</statusSuccess>
      <statusFailure>005|006|007|009|010|012|014</statusFailure>
    </status>
    <incoming id="20">
      <messageKey>text</messageKey>
      <senderKey>from</senderKey>
      <recipientKey>to</recipientKey>
      <timestampKey>timestamp</timestampKey>
      <msgIdKey>moMsgId</msgIdKey>
    </incoming>
    <name>nexmo</name>
    <configurables id="21">
      <string>from</string>
      <string>api_key</string>
      <string>api_secret</string>
    </configurables>
  </org.openmrs.module.sms.api.templates.Template>
</list>
