<?xml version="1.0" encoding="UTF-8"?>
<list id="1">
  <org.openmrs.Concept id="2" uuid="c0ef29ca-78bb-4e9b-8c13-aa030cdcef94">
    <conceptId>55164</conceptId>
    <retired>false</retired>
    <datatype id="3" resolves-to="org.openmrs.ConceptDatatype" uuid="8d4a505e-c2cc-11de-8d13-0010c6dffd0f">
      <name>Date</name>
      <description>Absolute date</description>
      <creator/>
      <dateCreated id="4">2004-07-22 00:00:00</dateCreated>
      <retired>false</retired>
      <conceptDatatypeId>6</conceptDatatypeId>
      <hl7Abbreviation>DT</hl7Abbreviation>
    </datatype>
    <conceptClass id="5" resolves-to="org.openmrs.ConceptClass" uuid="e42d1656-2c95-4783-b624-619413743e76">
      <name>Visit Outcome Question</name>
      <description>Class representing outcome question related to visit</description>
      <creator/>
      <dateCreated id="6">2022-07-06 09:02:26</dateCreated>
      <changedBy/>
      <dateChanged id="7">2022-07-06 17:22:37</dateChanged>
      <retired>false</retired>
      <conceptClassId>36</conceptClassId>
    </conceptClass>
    <set>false</set>
    <creator/>
    <dateCreated id="8">2022-07-06 17:23:35</dateCreated>
    <changedBy/>
    <dateChanged id="9">2022-07-06 17:23:35</dateChanged>
    <names class="set" id="10">
      <org.openmrs.ConceptName id="11" uuid="ea9eb4bf-4c73-4985-8209-1dab248d819b">
        <conceptNameId>132841</conceptNameId>
        <concept reference="2"/>
        <name>Sputum collection date</name>
        <locale id="12">en</locale>
        <creator/>
        <dateCreated id="13">2022-07-06 17:23:35</dateCreated>
        <voided>false</voided>
        <tags class="set" id="14"/>
        <conceptNameType>FULLY_SPECIFIED</conceptNameType>
        <localePreferred>true</localePreferred>
      </org.openmrs.ConceptName>
    </names>
    <answers class="set" id="15"/>
    <conceptSets class="set" id="16"/>
    <descriptions class="set" id="17">
      <org.openmrs.ConceptDescription id="18" uuid="3bd654e0-efe7-48ae-b610-71f0ba32c630">
        <conceptDescriptionId>16525</conceptDescriptionId>
        <concept reference="2"/>
        <description>Sputum collection date</description>
        <locale id="19">en</locale>
        <creator/>
        <dateCreated id="20">2022-07-06 17:23:35</dateCreated>
      </org.openmrs.ConceptDescription>
    </descriptions>
    <conceptMappings class="set" id="21"/>
    <attributes id="22"/>
  </org.openmrs.Concept>
</list>
