<?xml version="1.0" encoding="UTF-8"?>
<package id="1" uuid="4e5083b9-4f74-4068-9863-c394ac896f82">
  <dateCreated id="2">2024-02-21 15:05:59</dateCreated>
  <name>Messages_Apps</name>
  <description>Messages Apps</description>
  <openmrsVersion>2.4.6 cfl.3 Build 474fed</openmrsVersion>
  <version>2</version>
  <groupUuid>a1980e57-1eb1-4666-a747-bd086d03e487</groupUuid>
  <modules id="3">
    <entry>
      <string>openconceptlab</string>
      <string>2.0.0-SNAPSHOT</string>
    </entry>
    <entry>
      <string>calculation</string>
      <string>1.3.0</string>
    </entry>
    <entry>
      <string>legacyui</string>
      <string>1.16.0</string>
    </entry>
    <entry>
      <string>cfldefault</string>
      <string>1.2.1-SNAPSHOT</string>
    </entry>
    <entry>
      <string>htmlwidgets</string>
      <string>1.11.0</string>
    </entry>
    <entry>
      <string>addresshierarchy</string>
      <string>2.15.1</string>
    </entry>
    <entry>
      <string>reportingui</string>
      <string>1.12.0-SNAPSHOT</string>
    </entry>
    <entry>
      <string>uicommons</string>
      <string>2.23.0</string>
    </entry>
    <entry>
      <string>patientflags</string>
      <string>3.0.5-cfl.1</string>
    </entry>
    <entry>
      <string>emrapi</string>
      <string>1.34.0</string>
    </entry>
    <entry>
      <string>registrationapp</string>
      <string>1.25.0</string>
    </entry>
    <entry>
      <string>appointments</string>
      <string>1.6.0-SNAPSHOT</string>
    </entry>
    <entry>
      <string>idgen</string>
      <string>4.9.0</string>
    </entry>
    <entry>
      <string>spa</string>
      <string>1.0.9-SNAPSHOT</string>
    </entry>
    <entry>
      <string>htmlformentry</string>
      <string>4.0.1-cfl.1</string>
    </entry>
    <entry>
      <string>o3forms</string>
      <string>2.2.0</string>
    </entry>
    <entry>
      <string>etllite</string>
      <string>1.1.11</string>
    </entry>
    <entry>
      <string>reportingcompatibility</string>
      <string>2.0.9</string>
    </entry>
    <entry>
      <string>uilibrary</string>
      <string>2.0.7</string>
    </entry>
    <entry>
      <string>locationbasedaccess</string>
      <string>0.3.0-SNAPSHOT</string>
    </entry>
    <entry>
      <string>adminui</string>
      <string>1.6.0</string>
    </entry>
    <entry>
      <string>files</string>
      <string>1.0.0</string>
    </entry>
    <entry>
      <string>messages</string>
      <string>1.8.2-SNAPSHOT</string>
    </entry>
    <entry>
      <string>metadatamapping</string>
      <string>1.6.0</string>
    </entry>
    <entry>
      <string>coreapps</string>
      <string>1.39.0</string>
    </entry>
    <entry>
      <string>cflcore</string>
      <string>1.12.1-SNAPSHOT</string>
    </entry>
    <entry>
      <string>serialization.xstream</string>
      <string>0.2.16</string>
    </entry>
    <entry>
      <string>metadatadeploy</string>
      <string>1.13.0</string>
    </entry>
    <entry>
      <string>metadatasharing</string>
      <string>1.9.0</string>
    </entry>
    <entry>
      <string>cohort</string>
      <string>3.1.0-SNAPSHOT</string>
    </entry>
    <entry>
      <string>allergyui</string>
      <string>1.8.6-SNAPSHOT</string>
    </entry>
    <entry>
      <string>formentryapp</string>
      <string>1.4.3</string>
    </entry>
    <entry>
      <string>providermanagement</string>
      <string>2.14.0</string>
    </entry>
    <entry>
      <string>visits</string>
      <string>1.6.1-SNAPSHOT</string>
    </entry>
    <entry>
      <string>multiproject</string>
      <string>1.0.0</string>
    </entry>
    <entry>
      <string>sms</string>
      <string>1.3.1</string>
    </entry>
    <entry>
      <string>cflcharts</string>
      <string>1.2.2-SNAPSHOT</string>
    </entry>
    <entry>
      <string>reportingrest</string>
      <string>1.14.0-cfl.2</string>
    </entry>
    <entry>
      <string>uiframework</string>
      <string>3.23.0</string>
    </entry>
    <entry>
      <string>event</string>
      <string>2.10.0</string>
    </entry>
    <entry>
      <string>reporting</string>
      <string>1.25.0-cfl.2</string>
    </entry>
    <entry>
      <string>callflows</string>
      <string>1.1.13</string>
    </entry>
    <entry>
      <string>htmlformentryui</string>
      <string>2.0.0-SNAPSHOT</string>
    </entry>
    <entry>
      <string>cfl</string>
      <string>1.5.1-SNAPSHOT</string>
    </entry>
    <entry>
      <string>fhir2</string>
      <string>1.11.0</string>
    </entry>
    <entry>
      <string>appframework</string>
      <string>2.17.0</string>
    </entry>
    <entry>
      <string>webservices.rest</string>
      <string>2.41.0-cfl.1.756cb3</string>
    </entry>
    <entry>
      <string>registrationcore</string>
      <string>1.12.0</string>
    </entry>
    <entry>
      <string>owa</string>
      <string>1.15.0-SNAPSHOT</string>
    </entry>
    <entry>
      <string>appui</string>
      <string>1.16.0</string>
    </entry>
    <entry>
      <string>queue</string>
      <string>1.0.0-SNAPSHOT</string>
    </entry>
  </modules>
  <items class="linked-hash-set" id="4">
    <org.openmrs.module.metadatasharing.Item id="5" uuid="46ac2971-60c4-3ad9-bbfd-fa68516aad2d">
      <id>-1640829793</id>
      <classname>org.openmrs.module.appframework.domain.UserApp</classname>
      <retired>false</retired>
    </org.openmrs.module.metadatasharing.Item>
    <org.openmrs.module.metadatasharing.Item id="6" uuid="a9677107-c229-3c51-be89-db1fca2526f1">
      <id>767989301</id>
      <classname>org.openmrs.module.appframework.domain.UserApp</classname>
      <retired>false</retired>
    </org.openmrs.module.metadatasharing.Item>
    <org.openmrs.module.metadatasharing.Item id="7" uuid="ff585bda-0f47-3b1a-ae9b-12ce896d81c3">
      <id>-1820503359</id>
      <classname>org.openmrs.module.appframework.domain.UserApp</classname>
      <retired>false</retired>
    </org.openmrs.module.metadatasharing.Item>
  </items>
  <relatedItems class="linked-hash-set" id="8"/>
</package>
