<?xml version="1.0" encoding="UTF-8"?>
<list id="1">
  <org.openmrs.module.htmlformentry.HtmlForm id="2" uuid="b0c122e9-b9bb-4cb0-9f2c-67e77f9a95cc">
    <creator/>
    <dateCreated id="3">2022-01-20 14:51:09</dateCreated>
    <changedBy/>
    <dateChanged id="4">2022-03-31 07:51:38</dateChanged>
    <retired>false</retired>
    <id>19</id>
    <form id="5" resolves-to="org.openmrs.Form" uuid="42a3bc5f-e77c-41cf-8712-d466effae565">
      <name>CfL Migrated Lab Result Form</name>
      <description>CfL Migrated Lab Result</description>
      <creator/>
      <dateCreated id="6">2022-01-20 14:51:09</dateCreated>
      <changedBy/>
      <dateChanged id="7">2022-03-31 07:51:38</dateChanged>
      <retired>false</retired>
      <formId>19</formId>
      <version>1.0</version>
      <published>false</published>
      <encounterType id="8" resolves-to="org.openmrs.EncounterType" uuid="287fc0c1-0b20-44ae-8a32-334b5f87a0f2">
        <name>CfL Lab result</name>
        <creator/>
        <dateCreated id="9">2022-01-20 14:50:36</dateCreated>
        <retired>false</retired>
        <encounterTypeId>18</encounterTypeId>
      </encounterType>
      <formFields id="10"/>
    </form>
    <xmlData>&lt;htmlform description=&quot;CfL Migrated Lab Result&quot; formName=&quot;CfL Migrated Lab Result Form&quot; formUuid=&quot;42a3bc5f-e77c-41cf-8712-d466effae565&quot; formVersion=&quot;1.0&quot;&gt;&#xd;
&#xd;
    &lt;style&gt;&#xd;
		.section {&#xd;
			border: 1px solid #009d8e;&#xd;
			padding: 2px;&#xd;
			text-align: left;&#xd;
			margin-bottom: 1em;&#xd;
		}&#xd;
		.sectionHeader {&#xd;
			background-color: $headerColor;&#xd;
			color: white;&#xd;
			display: block;&#xd;
			padding: 2px;&#xd;
			font-weight: bold;&#xd;
		}&#xd;
		table.baseline-aligned td {&#xd;
			vertical-align: baseline;&#xd;
			cursor: default !important;&#xd;
		}&#xd;
		table thead{&#xd;
            font-weight: bold;&#xd;
            font-size: 20px !important;&#xd;
        }&#xd;
		button.cancel {&#xd;
            background: none !important;&#xd;
            border: 1px solid #00455c !important;&#xd;
            color: #00455c !important;&#xd;
            margin-bottom: 10px;&#xd;
        }&#xd;
	&lt;/style&gt;&#xd;
&#xd;
    &lt;h2&gt;Migrated Lab Results&lt;/h2&gt;&#xd;
    &lt;button class=&quot;cancel&quot; type=&quot;button&quot;&gt;Return&lt;/button&gt;&#xd;
    &lt;section headerLabel=&quot;Lab Results&quot;&gt;&#xd;
        &lt;table class=&quot;baseline-aligned&quot;&gt;&#xd;
            &lt;thead&gt;&#xd;
            &lt;tr&gt;&#xd;
                &lt;td&gt;Date&lt;span style=&quot;font-size: 15px&quot;&gt;(DD/MM/YYYY)&lt;/span&gt;&#xd;
&lt;/td&gt;&#xd;
                &lt;td&gt;Name&lt;/td&gt;&#xd;
                &lt;td&gt;Value&lt;/td&gt;&#xd;
            &lt;/tr&gt;&#xd;
            &lt;/thead&gt;&#xd;
            &lt;tbody&gt;&#xd;
                &lt;lookup complexExpression=&quot;#foreach($obsLabRes in $fn.allObs(&apos;bf8f4037-55f7-461f-8c26-4ecdff788796&apos;))                     &amp;lt;tr&amp;gt;                         &amp;lt;td&amp;gt;#set($strDateTime = $obsLabRes.obsDatetime + &apos;&apos;) #set($strDate = $strDateTime.substring(0,$strDateTime.indexOf(&apos; &apos;))) $strDate.substring(8,10)/$strDate.substring(5,7)/$strDate.substring(0,4)&amp;lt;/td&amp;gt;                         &amp;lt;td&amp;gt;$!obsLabRes.accessionNumber&amp;lt;/td&amp;gt;                         &amp;lt;td&amp;gt;&amp;lt;span class=&apos;value&apos;&amp;gt;$!obsLabRes.valueText&amp;lt;/span&amp;gt;&amp;lt;/td&amp;gt;                     &amp;lt;/tr&amp;gt;                 #end&quot;/&gt;&#xd;
            &lt;/tbody&gt;&#xd;
        &lt;/table&gt;&#xd;
    &lt;/section&gt;&#xd;
    &lt;button class=&quot;cancel&quot; type=&quot;button&quot;&gt;Return&lt;/button&gt;&#xd;
&lt;/htmlform&gt;&#xd;
</xmlData>
    <dependencies class="set" id="11"/>
  </org.openmrs.module.htmlformentry.HtmlForm>
</list>
