<?xml version="1.0" encoding="UTF-8"?>
<list id="1">
  <org.openmrs.module.appframework.domain.UserApp id="2">
    <appId>cfl.patientProgram.widget</appId>
    <json>{&#xd;
    &quot;id&quot;: &quot;cfl.patientProgram.widget&quot;,&#xd;
    &quot;instanceOf&quot;: &quot;coreapps.template.dashboardWidget&quot;,&#xd;
    &quot;description&quot;: &quot;List of Patient programs&quot;,&#xd;
    &quot;order&quot;: 10,&#xd;
    &quot;config&quot;: {&#xd;
      &quot;widget&quot;: &quot;programs&quot;,&#xd;
      &quot;icon&quot;: &quot;icon-stethoscope&quot;,&#xd;
      &quot;label&quot;: &quot;cfl.patientDashboard.program.label&quot;,&#xd;
      &quot;dateFormat&quot;: &quot;dd MMM yyyy&quot;,&#xd;
      &quot;showAddProgram&quot;: true,&#xd;
      &quot;supportedPrograms&quot;: null,&#xd;
      &quot;enableProgramDashboards&quot;: true&#xd;
    },&#xd;
    &quot;extensions&quot;: [&#xd;
      {&#xd;
        &quot;id&quot;: &quot;org.patientProgram.widget&quot;,&#xd;
        &quot;appId&quot;: &quot;cfl.patientProgram.widget&quot;,&#xd;
        &quot;order&quot;: 2,&#xd;
        &quot;extensionPointId&quot;: &quot;patientDashboard.firstColumnFragments&quot;,&#xd;
        &quot;extensionParams&quot;: {&#xd;
          &quot;provider&quot;: &quot;coreapps&quot;,&#xd;
          &quot;fragment&quot;: &quot;dashboardwidgets/dashboardWidget&quot;&#xd;
        }&#xd;
      }&#xd;
    ]&#xd;
  }</json>
  </org.openmrs.module.appframework.domain.UserApp>
  <org.openmrs.module.appframework.domain.UserApp id="3">
    <appId>cfl.bestContact.widget</appId>
    <json>{&#xd;
    &quot;id&quot;:&quot;cfl.bestContact.widget&quot;,&#xd;
    &quot;description&quot;:&quot;Adds some modifications in the patient dashboard&quot;,&#xd;
    &quot;extensions&quot;: [&#xd;
      {&#xd;
        &quot;id&quot;: &quot;cfl.personDashboard.bestContact&quot;,&#xd;
        &quot;order&quot;: 4,&#xd;
        &quot;extensionPointId&quot;: &quot;personDashboard.secondColumnFragments&quot;,&#xd;
        &quot;icon&quot;: &quot;icon-comment&quot;,&#xd;
        &quot;extensionParams&quot;: {&#xd;
          &quot;provider&quot;: &quot;messages&quot;,&#xd;
          &quot;fragment&quot;: &quot;patientdashboard/bestContactTime&quot;,&#xd;
          &quot;fragmentConfig&quot;: {&#xd;
            &quot;icon&quot;: &quot;icon-comment&quot;,&#xd;
            &quot;personActorTypeLabel&quot;: &quot;Caregiver&quot;,&#xd;
            &quot;detailsUrl&quot;: &quot;owa/messages/index.html#/messages/person/{{person.id}}&amp;patientUuid={{person.uuid}}&quot;&#xd;
          }&#xd;
        }&#xd;
      }&#xd;
    ]&#xd;
  }</json>
  </org.openmrs.module.appframework.domain.UserApp>
  <org.openmrs.module.appframework.domain.UserApp id="4">
    <appId>cfl.allergies.widget</appId>
    <json>{&#xd;
    &quot;id&quot;: &quot;cfl.allergies.widget&quot;,&#xd;
    &quot;description&quot;: &quot;App related to allergies functionalities&quot;,&#xd;
    &quot;extensions&quot;: [&#xd;
      {&#xd;
        &quot;id&quot;: &quot;cfl.allergies.patientDashboard.firstColumnFragments&quot;,&#xd;
        &quot;extensionPointId&quot;: &quot;patientDashboard.firstColumnFragments&quot;,&#xd;
        &quot;order&quot;: 4,&#xd;
        &quot;extensionParams&quot;: {&#xd;
          &quot;provider&quot;: &quot;allergyui&quot;,&#xd;
          &quot;fragment&quot;: &quot;allergies&quot;&#xd;
        }&#xd;
      }&#xd;
    ]&#xd;
  }</json>
  </org.openmrs.module.appframework.domain.UserApp>
  <org.openmrs.module.appframework.domain.UserApp id="5">
    <appId>cfl.latestobsforconceptlis.widget</appId>
    <json>{&#xd;
    &quot;id&quot;: &quot;cfl.latestobsforconceptlis.widget&quot;,&#xd;
    &quot;instanceOf&quot;: &quot;coreapps.template.dashboardWidget&quot;,&#xd;
    &quot;description&quot;: &quot;coreapps.latestObsForConceptList.app.description&quot;,&#xd;
    &quot;config&quot;: {&#xd;
      &quot;widget&quot;: &quot;latestobsforconceptlist&quot;,&#xd;
      &quot;icon&quot;: &quot;icon-user-md&quot;,&#xd;
      &quot;label&quot;: &quot;LATEST OBSERVATIONS&quot;,&#xd;
      &quot;maxAge&quot;: &quot;1m&quot;,&#xd;
      &quot;concepts&quot;: &quot;5089AAAAAAAAAAAAAAAAAAAAAAAAAAAAAAAA, 5090AAAAAAAAAAAAAAAAAAAAAAAAAAAAAAAA, 5088AAAAAAAAAAAAAAAAAAAAAAAAAAAAAAAA, 5085AAAAAAAAAAAAAAAAAAAAAAAAAAAAAAAA, 5086AAAAAAAAAAAAAAAAAAAAAAAAAAAAAAAA&quot;&#xd;
    },&#xd;
    &quot;extensions&quot;: [&#xd;
      {&#xd;
        &quot;id&quot;: &quot;cfl.latestobsforconceptlis.clinicianDashboardSecondColumn&quot;,&#xd;
        &quot;appId&quot;: &quot;cfl.latestobsforconceptlis.widget&quot;,&#xd;
        &quot;order&quot;: 1,&#xd;
        &quot;extensionPointId&quot;: &quot;patientDashboard.secondColumnFragments&quot;,&#xd;
        &quot;extensionParams&quot;: {&#xd;
          &quot;provider&quot;: &quot;coreapps&quot;,&#xd;
          &quot;fragment&quot;: &quot;dashboardwidgets/dashboardWidget&quot;&#xd;
        }&#xd;
      }&#xd;
    ]&#xd;
  }</json>
  </org.openmrs.module.appframework.domain.UserApp>
  <org.openmrs.module.appframework.domain.UserApp id="6">
    <appId>cfl.conditions.widget</appId>
    <json>{&#xd;
    &quot;id&quot;: &quot;cfl.conditions.widget&quot;,&#xd;
    &quot;description&quot;: &quot;App related to conditions functionalities&quot;,&#xd;
    &quot;extensions&quot;: [&#xd;
      {&#xd;
        &quot;id&quot;: &quot;cfl.allergies.patientDashboard.firstColumnFragments&quot;,&#xd;
        &quot;extensionPointId&quot;: &quot;patientDashboard.firstColumnFragments&quot;,&#xd;
        &quot;order&quot;: 3,&#xd;
        &quot;label&quot;: &quot;coreapps.conditionui.conditions&quot;,&#xd;
        &quot;icon&quot;: &quot;icon-medical&quot;,&#xd;
        &quot;extensionParams&quot;: {&#xd;
          &quot;provider&quot;: &quot;coreapps&quot;,&#xd;
          &quot;fragment&quot;: &quot;conditionlist/conditions&quot;&#xd;
        }&#xd;
      }&#xd;
    ]&#xd;
  }</json>
  </org.openmrs.module.appframework.domain.UserApp>
  <org.openmrs.module.appframework.domain.UserApp id="7">
    <appId>cfl.patientflags.widget</appId>
    <json>{&#xd;
    &quot;id&quot;: &quot;cfl.patientflags.widget&quot;,&#xd;
    &quot;description&quot;: &quot;App related to patientflags functionalities&quot;,&#xd;
    &quot;extensions&quot;: [&#xd;
      {&#xd;
        &quot;id&quot;: &quot;cfl.patientflags.patientDashboard.secondColumnFragments&quot;,&#xd;
        &quot;extensionPointId&quot;: &quot;patientDashboard.secondColumnFragments&quot;,&#xd;
        &quot;order&quot;: -1,&#xd;
        &quot;extensionParams&quot;: {&#xd;
          &quot;provider&quot;: &quot;patientflags&quot;,&#xd;
          &quot;fragment&quot;: &quot;patientflagsDashboard&quot;&#xd;
        }&#xd;
      }&#xd;
    ]&#xd;
  }</json>
  </org.openmrs.module.appframework.domain.UserApp>
  <org.openmrs.module.appframework.domain.UserApp id="8">
    <appId>cfl.relationships.widget</appId>
    <json>{&#xd;
    &quot;id&quot;: &quot;cfl.relationships.widget&quot;,&#xd;
    &quot;instanceOf&quot;: &quot;coreapps.template.dashboardWidget&quot;,&#xd;
    &quot;description&quot;: &quot;This app adds a relationship widget into the patient dashboard&quot;,&#xd;
    &quot;extensions&quot;: [&#xd;
      {&#xd;
        &quot;id&quot;: &quot;cfl.patientDashboard.relationships.clinicianDashboardFirstColumn&quot;,&#xd;
        &quot;appId&quot;: &quot;cfl.relationships.widget&quot;,&#xd;
        &quot;order&quot;: 1,&#xd;
        &quot;extensionPointId&quot;: &quot;patientDashboard.firstColumnFragments&quot;,&#xd;
        &quot;extensionParams&quot;: {&#xd;
          &quot;provider&quot;: &quot;cfl&quot;,&#xd;
          &quot;fragment&quot;: &quot;dashboardwidgets/personFamilyWidget&quot;,&#xd;
          &quot;fragmentConfig&quot;: {&#xd;
            &quot;personPage&quot;: &quot;/coreapps/clinicianfacing/patient.page?patientId={personUuid}&quot;,&#xd;
            &quot;patientPage&quot;: &quot;/coreapps/clinicianfacing/patient.page?patientId={personUuid}&quot;,&#xd;
            &quot;label&quot;: &quot;cfl.dashboard.relationship.label&quot;,&#xd;
            &quot;icon&quot;: &quot;icon-group&quot;,&#xd;
            &quot;maxRecords&quot;: &quot;15&quot;&#xd;
          }&#xd;
        }&#xd;
      },&#xd;
      {&#xd;
        &quot;id&quot;: &quot;cfl.personDashboard.relationships.clinicianDashboardFirstColumn&quot;,&#xd;
        &quot;appId&quot;: &quot;cfl.relationships.widget&quot;,&#xd;
        &quot;order&quot;: 1,&#xd;
        &quot;extensionPointId&quot;: &quot;personDashboard.firstColumnFragments&quot;,&#xd;
        &quot;extensionParams&quot;: {&#xd;
          &quot;provider&quot;: &quot;cfl&quot;,&#xd;
          &quot;fragment&quot;: &quot;dashboardwidgets/personFamilyWidget&quot;,&#xd;
          &quot;fragmentConfig&quot;: {&#xd;
            &quot;personPage&quot;: &quot;/coreapps/clinicianfacing/patient.page?patientId={personUuid}&quot;,&#xd;
            &quot;patientPage&quot;: &quot;/coreapps/clinicianfacing/patient.page?patientId={personUuid}&quot;,&#xd;
            &quot;label&quot;: &quot;cfl.dashboard.relationship.label&quot;,&#xd;
            &quot;icon&quot;: &quot;icon-group&quot;,&#xd;
            &quot;maxRecords&quot;: &quot;15&quot;&#xd;
          }&#xd;
        }&#xd;
      }&#xd;
    ]&#xd;
  }</json>
  </org.openmrs.module.appframework.domain.UserApp>
</list>
