<?xml version="1.0" encoding="UTF-8"?>
<package id="1" uuid="5e876f5f-a840-483f-b3c1-84887fd1a172">
  <dateCreated id="2">2023-10-02 08:44:51</dateCreated>
  <name>CfL_Configure_Metadata_Apps</name>
  <description>CfL_Configure_Metadata_Apps</description>
  <openmrsVersion>2.3.1 cfl.2 Build 1b7c15</openmrsVersion>
  <version>1</version>
  <groupUuid>ffe39435-70c8-4590-a5eb-d1aed0442eb1</groupUuid>
  <modules id="3">
    <entry>
      <string>openconceptlab</string>
      <string>2.0.0-SNAPSHOT</string>
    </entry>
    <entry>
      <string>calculation</string>
      <string>1.2</string>
    </entry>
    <entry>
      <string>legacyui</string>
      <string>1.6.0</string>
    </entry>
    <entry>
      <string>cfldefault</string>
      <string>1.1.3-SNAPSHOT</string>
    </entry>
    <entry>
      <string>htmlwidgets</string>
      <string>1.10.0</string>
    </entry>
    <entry>
      <string>dataexchange</string>
      <string>1.3.4</string>
    </entry>
    <entry>
      <string>addresshierarchy</string>
      <string>2.11.0</string>
    </entry>
    <entry>
      <string>reportingui</string>
      <string>1.12.0-SNAPSHOT</string>
    </entry>
    <entry>
      <string>uicommons</string>
      <string>2.14.0-SNAPSHOT</string>
    </entry>
    <entry>
      <string>patientflags</string>
      <string>3.0.3-SNAPSHOT</string>
    </entry>
    <entry>
      <string>emrapi</string>
      <string>1.29.0-SNAPSHOT</string>
    </entry>
    <entry>
      <string>registrationapp</string>
      <string>1.20.0-SNAPSHOT</string>
    </entry>
    <entry>
      <string>idgen</string>
      <string>4.7.0</string>
    </entry>
    <entry>
      <string>spa</string>
      <string>1.0.9-SNAPSHOT</string>
    </entry>
    <entry>
      <string>htmlformentry</string>
      <string>4.0.1-cfl.1</string>
    </entry>
    <entry>
      <string>etllite</string>
      <string>1.1.11-SNAPSHOT</string>
    </entry>
    <entry>
      <string>reportingcompatibility</string>
      <string>2.0.6</string>
    </entry>
    <entry>
      <string>uilibrary</string>
      <string>2.0.6</string>
    </entry>
    <entry>
      <string>locationbasedaccess</string>
      <string>0.3.0-SNAPSHOT</string>
    </entry>
    <entry>
      <string>adminui</string>
      <string>1.3.0</string>
    </entry>
    <entry>
      <string>files</string>
      <string>1.0.0-SNAPSHOT</string>
    </entry>
    <entry>
      <string>messages</string>
      <string>1.8.0-SNAPSHOT</string>
    </entry>
    <entry>
      <string>metadatamapping</string>
      <string>1.4.0</string>
    </entry>
    <entry>
      <string>coreapps</string>
      <string>1.29.0</string>
    </entry>
    <entry>
      <string>cflcore</string>
      <string>1.11.2-SNAPSHOT</string>
    </entry>
    <entry>
      <string>serialization.xstream</string>
      <string>0.2.14</string>
    </entry>
    <entry>
      <string>attachments</string>
      <string>2.4.0</string>
    </entry>
    <entry>
      <string>metadatadeploy</string>
      <string>1.11.0</string>
    </entry>
    <entry>
      <string>metadatasharing</string>
      <string>1.6.0</string>
    </entry>
    <entry>
      <string>cohort</string>
      <string>3.1.0-SNAPSHOT</string>
    </entry>
    <entry>
      <string>allergyui</string>
      <string>1.8.3-SNAPSHOT</string>
    </entry>
    <entry>
      <string>formentryapp</string>
      <string>1.4.2</string>
    </entry>
    <entry>
      <string>providermanagement</string>
      <string>2.10.0</string>
    </entry>
    <entry>
      <string>visits</string>
      <string>1.5.1-SNAPSHOT</string>
    </entry>
    <entry>
      <string>multiproject</string>
      <string>1.0.0-SNAPSHOT</string>
    </entry>
    <entry>
      <string>sms</string>
      <string>1.3.1-SNAPSHOT</string>
    </entry>
    <entry>
      <string>cflcharts</string>
      <string>1.2.1-SNAPSHOT</string>
    </entry>
    <entry>
      <string>reportingrest</string>
      <string>1.11.0</string>
    </entry>
    <entry>
      <string>uiframework</string>
      <string>3.19.0</string>
    </entry>
    <entry>
      <string>event</string>
      <string>2.9.0-SNAPSHOT</string>
    </entry>
    <entry>
      <string>reporting</string>
      <string>1.21.0-SNAPSHOT</string>
    </entry>
    <entry>
      <string>callflows</string>
      <string>1.1.13-SNAPSHOT</string>
    </entry>
    <entry>
      <string>htmlformentryui</string>
      <string>2.0.0-SNAPSHOT</string>
    </entry>
    <entry>
      <string>cfl</string>
      <string>1.4.2-SNAPSHOT</string>
    </entry>
    <entry>
      <string>fhir2</string>
      <string>1.3.0</string>
    </entry>
    <entry>
      <string>appframework</string>
      <string>2.15.0-SNAPSHOT</string>
    </entry>
    <entry>
      <string>webservices.rest</string>
      <string>2.36.0.7803f0</string>
    </entry>
    <entry>
      <string>registrationcore</string>
      <string>1.9.0</string>
    </entry>
    <entry>
      <string>owa</string>
      <string>1.10.0</string>
    </entry>
    <entry>
      <string>appui</string>
      <string>1.13.0-SNAPSHOT</string>
    </entry>
  </modules>
  <items class="linked-hash-set" id="4">
    <org.openmrs.module.metadatasharing.Item id="5" uuid="83ab9218-5d2e-3afa-b8a5-7a5d5786c5c3">
      <id>1637998038</id>
      <classname>org.openmrs.module.appframework.domain.UserApp</classname>
      <retired>false</retired>
    </org.openmrs.module.metadatasharing.Item>
  </items>
  <relatedItems class="linked-hash-set" id="6"/>
</package>
