<?xml version="1.0" encoding="UTF-8"?>
<package id="1" uuid="c97a4945-38b6-4e78-8b5a-5851313f3e2e">
  <dateCreated id="2">2022-07-06 09:01:47</dateCreated>
  <name>Visit_Outcome_Information</name>
  <description>The package containing concepts for visit outcome information section</description>
  <openmrsVersion>2.3.6 SNAPSHOT Build b132fa</openmrsVersion>
  <version>1</version>
  <groupUuid>f68ba886-cda2-4f63-8122-54cb558854c9</groupUuid>
  <modules id="3">
    <entry>
      <string>openconceptlab</string>
      <string>2.0.0-SNAPSHOT</string>
    </entry>
    <entry>
      <string>calculation</string>
      <string>1.2</string>
    </entry>
    <entry>
      <string>legacyui</string>
      <string>1.6.0</string>
    </entry>
    <entry>
      <string>appointmentscheduling</string>
      <string>1.12.0</string>
    </entry>
    <entry>
      <string>appointmentschedulingui</string>
      <string>1.9.0</string>
    </entry>
    <entry>
      <string>htmlwidgets</string>
      <string>1.10.0</string>
    </entry>
    <entry>
      <string>dataexchange</string>
      <string>1.3.4</string>
    </entry>
    <entry>
      <string>addresshierarchy</string>
      <string>2.11.0</string>
    </entry>
    <entry>
      <string>reportingui</string>
      <string>1.6.0</string>
    </entry>
    <entry>
      <string>uicommons</string>
      <string>2.14.0-SNAPSHOT</string>
    </entry>
    <entry>
      <string>patientflags</string>
      <string>3.0.3-SNAPSHOT</string>
    </entry>
    <entry>
      <string>emrapi</string>
      <string>1.29.0-SNAPSHOT</string>
    </entry>
    <entry>
      <string>registrationapp</string>
      <string>1.20.0-SNAPSHOT</string>
    </entry>
    <entry>
      <string>idgen</string>
      <string>4.5.0</string>
    </entry>
    <entry>
      <string>htmlformentry</string>
      <string>4.0.0</string>
    </entry>
    <entry>
      <string>etllite</string>
      <string>1.1.7</string>
    </entry>
    <entry>
      <string>reportingcompatibility</string>
      <string>2.0.6</string>
    </entry>
    <entry>
      <string>vxnaidlicensemanagement</string>
      <string>1.1.3</string>
    </entry>
    <entry>
      <string>uilibrary</string>
      <string>2.0.6</string>
    </entry>
    <entry>
      <string>locationbasedaccess</string>
      <string>0.3.0-SNAPSHOT</string>
    </entry>
    <entry>
      <string>adminui</string>
      <string>1.3.0</string>
    </entry>
    <entry>
      <string>vxnaidbiometric</string>
      <string>1.2.6</string>
    </entry>
    <entry>
      <string>messages</string>
      <string>1.5.7</string>
    </entry>
    <entry>
      <string>metadatamapping</string>
      <string>1.3.4</string>
    </entry>
    <entry>
      <string>coreapps</string>
      <string>1.29.0</string>
    </entry>
    <entry>
      <string>cflcore</string>
      <string>1.9.1</string>
    </entry>
    <entry>
      <string>serialization.xstream</string>
      <string>0.2.14</string>
    </entry>
    <entry>
      <string>attachments</string>
      <string>2.4.0</string>
    </entry>
    <entry>
      <string>metadatadeploy</string>
      <string>1.11.0</string>
    </entry>
    <entry>
      <string>fhir</string>
      <string>1.20.0</string>
    </entry>
    <entry>
      <string>metadatasharing</string>
      <string>1.6.0</string>
    </entry>
    <entry>
      <string>allergyui</string>
      <string>1.8.3-SNAPSHOT</string>
    </entry>
    <entry>
      <string>formentryapp</string>
      <string>1.4.2</string>
    </entry>
    <entry>
      <string>providermanagement</string>
      <string>2.10.0</string>
    </entry>
    <entry>
      <string>visits</string>
      <string>1.3.5</string>
    </entry>
    <entry>
      <string>sms</string>
      <string>1.2.5</string>
    </entry>
    <entry>
      <string>reportingrest</string>
      <string>1.11.0</string>
    </entry>
    <entry>
      <string>uiframework</string>
      <string>3.19.0</string>
    </entry>
    <entry>
      <string>event</string>
      <string>2.9.0-SNAPSHOT</string>
    </entry>
    <entry>
      <string>reporting</string>
      <string>1.21.0-SNAPSHOT</string>
    </entry>
    <entry>
      <string>callflows</string>
      <string>1.1.8</string>
    </entry>
    <entry>
      <string>htmlformentryui</string>
      <string>2.0.0-SNAPSHOT</string>
    </entry>
    <entry>
      <string>cfl</string>
      <string>1.3.1</string>
    </entry>
    <entry>
      <string>appframework</string>
      <string>2.15.0-SNAPSHOT</string>
    </entry>
    <entry>
      <string>webservices.rest</string>
      <string>2.29.1-SNAPSHOT.ccf336</string>
    </entry>
    <entry>
      <string>registrationcore</string>
      <string>1.9.0</string>
    </entry>
    <entry>
      <string>owa</string>
      <string>1.10.0</string>
    </entry>
    <entry>
      <string>vxnaid</string>
      <string>1.0.2</string>
    </entry>
    <entry>
      <string>appui</string>
      <string>1.13.0-SNAPSHOT</string>
    </entry>
  </modules>
  <items class="linked-hash-set" id="4">
    <org.openmrs.module.metadatasharing.Item id="5" uuid="1f73dfc6-083e-48fe-b4ef-ae29b12dadf9">
      <id>55104</id>
      <classname>org.openmrs.Concept</classname>
      <dateChanged id="6">2022-07-06 09:08:34</dateChanged>
      <retired>false</retired>
    </org.openmrs.module.metadatasharing.Item>
    <org.openmrs.module.metadatasharing.Item id="7" uuid="195fb24f-2c50-4052-9c66-ced95ce36fb0">
      <id>55110</id>
      <classname>org.openmrs.Concept</classname>
      <dateChanged id="8">2022-07-06 09:12:04</dateChanged>
      <retired>false</retired>
    </org.openmrs.module.metadatasharing.Item>
    <org.openmrs.module.metadatasharing.Item id="9" uuid="b2f5be6e-47af-4dda-991b-383084126c61">
      <id>55113</id>
      <classname>org.openmrs.Concept</classname>
      <dateChanged id="10">2022-07-06 09:39:40</dateChanged>
      <retired>false</retired>
    </org.openmrs.module.metadatasharing.Item>
    <org.openmrs.module.metadatasharing.Item id="11" uuid="ac76a287-04d3-49be-ab26-272f49bba6d3">
      <id>55114</id>
      <classname>org.openmrs.Concept</classname>
      <dateChanged id="12">2022-07-06 09:43:26</dateChanged>
      <retired>false</retired>
    </org.openmrs.module.metadatasharing.Item>
    <org.openmrs.module.metadatasharing.Item id="13" uuid="a1a90a72-45fc-4e74-bc6e-94b3fbf6e907">
      <id>55102</id>
      <classname>org.openmrs.Concept</classname>
      <dateChanged id="14">2022-07-06 09:06:06</dateChanged>
      <retired>false</retired>
    </org.openmrs.module.metadatasharing.Item>
    <org.openmrs.module.metadatasharing.Item id="15" uuid="91a7c134-4503-48ff-85cd-3617849646ce">
      <id>55103</id>
      <classname>org.openmrs.Concept</classname>
      <dateChanged id="16">2022-07-06 09:06:20</dateChanged>
      <retired>false</retired>
    </org.openmrs.module.metadatasharing.Item>
    <org.openmrs.module.metadatasharing.Item id="17" uuid="0e551876-b0b2-4962-ac43-2dfb47d0a742">
      <id>55099</id>
      <classname>org.openmrs.Concept</classname>
      <dateChanged id="18">2022-07-06 09:05:09</dateChanged>
      <retired>false</retired>
    </org.openmrs.module.metadatasharing.Item>
    <org.openmrs.module.metadatasharing.Item id="19" uuid="fe9b0196-2e73-4922-b1de-bd1f60206a85">
      <id>55101</id>
      <classname>org.openmrs.Concept</classname>
      <dateChanged id="20">2022-07-06 09:05:52</dateChanged>
      <retired>false</retired>
    </org.openmrs.module.metadatasharing.Item>
    <org.openmrs.module.metadatasharing.Item id="21" uuid="bf83a918-c849-46ee-bf62-ebaec76af633">
      <id>55109</id>
      <classname>org.openmrs.Concept</classname>
      <dateChanged id="22">2022-07-06 09:10:47</dateChanged>
      <retired>false</retired>
    </org.openmrs.module.metadatasharing.Item>
    <org.openmrs.module.metadatasharing.Item id="23" uuid="b91a5c1e-874c-433b-86ce-3cdb580977ec">
      <id>55111</id>
      <classname>org.openmrs.Concept</classname>
      <dateChanged id="24">2022-07-06 09:12:19</dateChanged>
      <retired>false</retired>
    </org.openmrs.module.metadatasharing.Item>
    <org.openmrs.module.metadatasharing.Item id="25" uuid="06d5d483-ed76-4238-8784-783c1860a613">
      <id>55118</id>
      <classname>org.openmrs.Concept</classname>
      <dateChanged id="26">2022-07-06 09:48:13</dateChanged>
      <retired>false</retired>
    </org.openmrs.module.metadatasharing.Item>
    <org.openmrs.module.metadatasharing.Item id="27" uuid="65d0ef34-b720-4ba7-8d42-167cf3730f4c">
      <id>55100</id>
      <classname>org.openmrs.Concept</classname>
      <dateChanged id="28">2022-07-06 09:05:39</dateChanged>
      <retired>false</retired>
    </org.openmrs.module.metadatasharing.Item>
    <org.openmrs.module.metadatasharing.Item id="29" uuid="fcd62a44-7c3d-440e-95e6-70b1c3b5a422">
      <id>55105</id>
      <classname>org.openmrs.Concept</classname>
      <dateChanged id="30">2022-07-06 09:09:31</dateChanged>
      <retired>false</retired>
    </org.openmrs.module.metadatasharing.Item>
    <org.openmrs.module.metadatasharing.Item id="31" uuid="bc3c1970-38f0-4dc3-8dba-36a1640016e5">
      <id>55117</id>
      <classname>org.openmrs.Concept</classname>
      <dateChanged id="32">2022-07-06 09:47:23</dateChanged>
      <retired>false</retired>
    </org.openmrs.module.metadatasharing.Item>
    <org.openmrs.module.metadatasharing.Item id="33" uuid="501ed57a-eff8-40f7-9b0a-1857bac76d89">
      <id>55107</id>
      <classname>org.openmrs.Concept</classname>
      <dateChanged id="34">2022-07-06 09:09:57</dateChanged>
      <retired>false</retired>
    </org.openmrs.module.metadatasharing.Item>
    <org.openmrs.module.metadatasharing.Item id="35" uuid="87c318e3-a2d4-47de-a6cb-383cf29738d3">
      <id>55108</id>
      <classname>org.openmrs.Concept</classname>
      <dateChanged id="36">2022-07-06 09:10:33</dateChanged>
      <retired>false</retired>
    </org.openmrs.module.metadatasharing.Item>
    <org.openmrs.module.metadatasharing.Item id="37" uuid="4e93fcc8-c18f-48c2-8c58-b4b9de9d0d4d">
      <id>55116</id>
      <classname>org.openmrs.Concept</classname>
      <dateChanged id="38">2022-07-06 09:47:07</dateChanged>
      <retired>false</retired>
    </org.openmrs.module.metadatasharing.Item>
    <org.openmrs.module.metadatasharing.Item id="39" uuid="171c838b-7cc4-40ab-a7d9-b89af9bcef80">
      <id>55115</id>
      <classname>org.openmrs.Concept</classname>
      <dateChanged id="40">2022-07-06 09:43:37</dateChanged>
      <retired>false</retired>
    </org.openmrs.module.metadatasharing.Item>
    <org.openmrs.module.metadatasharing.Item id="41" uuid="7bd891e8-b2ee-4bf3-92e7-ad8ada3c44b6">
      <id>55106</id>
      <classname>org.openmrs.Concept</classname>
      <dateChanged id="42">2022-07-06 09:09:45</dateChanged>
      <retired>false</retired>
    </org.openmrs.module.metadatasharing.Item>
    <org.openmrs.module.metadatasharing.Item id="43" uuid="f194ee80-35e3-4daf-afbc-0c6465ef2434">
      <id>55112</id>
      <classname>org.openmrs.Concept</classname>
      <dateChanged id="44">2022-07-06 09:12:40</dateChanged>
      <retired>false</retired>
    </org.openmrs.module.metadatasharing.Item>
    <org.openmrs.module.metadatasharing.Item id="45" uuid="d04f0e2b-0b1d-4ca6-8089-0fa18e79cf0f">
      <id>36</id>
      <classname>org.openmrs.ConceptClass</classname>
      <dateChanged id="46">2022-07-06 09:02:35</dateChanged>
      <retired>false</retired>
    </org.openmrs.module.metadatasharing.Item>
    <org.openmrs.module.metadatasharing.Item id="47" uuid="e42d1656-2c95-4783-b624-619413743e76">
      <id>35</id>
      <classname>org.openmrs.ConceptClass</classname>
      <dateChanged id="48">2022-07-06 09:02:26</dateChanged>
      <retired>false</retired>
    </org.openmrs.module.metadatasharing.Item>
  </items>
  <relatedItems class="linked-hash-set" id="49">
    <org.openmrs.module.metadatasharing.Item id="50" uuid="8d4a48b6-c2cc-11de-8d13-0010c6dffd0f">
      <id>2</id>
      <classname>org.openmrs.ConceptDatatype</classname>
      <dateChanged id="51">2004-02-02 00:00:00</dateChanged>
      <retired>false</retired>
    </org.openmrs.module.metadatasharing.Item>
    <org.openmrs.module.metadatasharing.Item id="52" uuid="906d7ec7-e3e5-4df1-aa78-871a6c313059">
      <id>132724</id>
      <classname>org.openmrs.ConceptName</classname>
      <dateChanged id="53">2022-07-06 09:08:34</dateChanged>
    </org.openmrs.module.metadatasharing.Item>
    <org.openmrs.module.metadatasharing.Item id="54" uuid="54d0598f-f338-40b2-b26d-6a4f39bd07ab">
      <id>7018</id>
      <classname>org.openmrs.ConceptAnswer</classname>
      <dateChanged id="55">2022-07-06 09:08:34</dateChanged>
    </org.openmrs.module.metadatasharing.Item>
    <org.openmrs.module.metadatasharing.Item id="56" uuid="ae2f1f29-4c00-4f5a-abab-d3d368011f3d">
      <id>132721</id>
      <classname>org.openmrs.ConceptName</classname>
      <dateChanged id="57">2022-07-06 09:05:52</dateChanged>
    </org.openmrs.module.metadatasharing.Item>
    <org.openmrs.module.metadatasharing.Item id="58" uuid="54ff5ebf-c7ab-4f13-a2f3-f76307ab636a">
      <id>16466</id>
      <classname>org.openmrs.ConceptDescription</classname>
      <dateChanged id="59">2022-07-06 09:05:52</dateChanged>
    </org.openmrs.module.metadatasharing.Item>
    <org.openmrs.module.metadatasharing.Item id="60" uuid="e4cb5a32-6be5-4b98-be11-024635127e41">
      <id>7019</id>
      <classname>org.openmrs.ConceptAnswer</classname>
      <dateChanged id="61">2022-07-06 09:08:34</dateChanged>
    </org.openmrs.module.metadatasharing.Item>
    <org.openmrs.module.metadatasharing.Item id="62" uuid="c85a68a2-5f68-49e6-ae43-7264a968d103">
      <id>132723</id>
      <classname>org.openmrs.ConceptName</classname>
      <dateChanged id="63">2022-07-06 09:06:20</dateChanged>
    </org.openmrs.module.metadatasharing.Item>
    <org.openmrs.module.metadatasharing.Item id="64" uuid="652aef3b-2166-453f-9a8d-28c392e2ed95">
      <id>16468</id>
      <classname>org.openmrs.ConceptDescription</classname>
      <dateChanged id="65">2022-07-06 09:06:20</dateChanged>
    </org.openmrs.module.metadatasharing.Item>
    <org.openmrs.module.metadatasharing.Item id="66" uuid="f1ddbeed-819b-44f7-aa51-fa52b2311c8b">
      <id>7015</id>
      <classname>org.openmrs.ConceptAnswer</classname>
      <dateChanged id="67">2022-07-06 09:08:34</dateChanged>
    </org.openmrs.module.metadatasharing.Item>
    <org.openmrs.module.metadatasharing.Item id="68" uuid="077648fc-32c9-433b-9d94-6931eb9c46ee">
      <id>132719</id>
      <classname>org.openmrs.ConceptName</classname>
      <dateChanged id="69">2022-07-06 09:05:09</dateChanged>
    </org.openmrs.module.metadatasharing.Item>
    <org.openmrs.module.metadatasharing.Item id="70" uuid="5ee6ab53-5e9a-4b13-9dae-906bd4ecf002">
      <id>16464</id>
      <classname>org.openmrs.ConceptDescription</classname>
      <dateChanged id="71">2022-07-06 09:05:09</dateChanged>
    </org.openmrs.module.metadatasharing.Item>
    <org.openmrs.module.metadatasharing.Item id="72" uuid="2493317c-b683-4284-afe5-2555e2f3410f">
      <id>7016</id>
      <classname>org.openmrs.ConceptAnswer</classname>
      <dateChanged id="73">2022-07-06 09:08:34</dateChanged>
    </org.openmrs.module.metadatasharing.Item>
    <org.openmrs.module.metadatasharing.Item id="74" uuid="de0700ce-540c-4365-b8ee-2fe385e40b5a">
      <id>132720</id>
      <classname>org.openmrs.ConceptName</classname>
      <dateChanged id="75">2022-07-06 09:05:39</dateChanged>
    </org.openmrs.module.metadatasharing.Item>
    <org.openmrs.module.metadatasharing.Item id="76" uuid="bef80181-3ad1-4500-b146-e74d1c6d3ebc">
      <id>16465</id>
      <classname>org.openmrs.ConceptDescription</classname>
      <dateChanged id="77">2022-07-06 09:05:39</dateChanged>
    </org.openmrs.module.metadatasharing.Item>
    <org.openmrs.module.metadatasharing.Item id="78" uuid="669bbdaf-a2fa-436c-9f9a-940da7968bc8">
      <id>7017</id>
      <classname>org.openmrs.ConceptAnswer</classname>
      <dateChanged id="79">2022-07-06 09:08:34</dateChanged>
    </org.openmrs.module.metadatasharing.Item>
    <org.openmrs.module.metadatasharing.Item id="80" uuid="4fae172d-36e1-4591-9a2b-67fe9698dc1d">
      <id>132722</id>
      <classname>org.openmrs.ConceptName</classname>
      <dateChanged id="81">2022-07-06 09:06:06</dateChanged>
    </org.openmrs.module.metadatasharing.Item>
    <org.openmrs.module.metadatasharing.Item id="82" uuid="2f4503bf-2352-4835-9848-510adfb614ab">
      <id>16467</id>
      <classname>org.openmrs.ConceptDescription</classname>
      <dateChanged id="83">2022-07-06 09:06:06</dateChanged>
    </org.openmrs.module.metadatasharing.Item>
    <org.openmrs.module.metadatasharing.Item id="84" uuid="e2fe2b9d-bb8d-472b-8a3b-7fed64ecc16c">
      <id>16469</id>
      <classname>org.openmrs.ConceptDescription</classname>
      <dateChanged id="85">2022-07-06 09:08:34</dateChanged>
    </org.openmrs.module.metadatasharing.Item>
    <org.openmrs.module.metadatasharing.Item id="86" uuid="6451efa8-9031-463c-b711-40eeadf1a87c">
      <id>132731</id>
      <classname>org.openmrs.ConceptName</classname>
      <dateChanged id="87">2022-07-06 09:12:04</dateChanged>
    </org.openmrs.module.metadatasharing.Item>
    <org.openmrs.module.metadatasharing.Item id="88" uuid="562dc8dc-1529-46b0-9d1d-3f6cc946cd77">
      <id>7023</id>
      <classname>org.openmrs.ConceptAnswer</classname>
      <dateChanged id="89">2022-07-06 09:12:04</dateChanged>
    </org.openmrs.module.metadatasharing.Item>
    <org.openmrs.module.metadatasharing.Item id="90" uuid="5dc3b0c4-d462-4280-8490-23016c3c6ff9">
      <id>132729</id>
      <classname>org.openmrs.ConceptName</classname>
      <dateChanged id="91">2022-07-06 09:10:33</dateChanged>
    </org.openmrs.module.metadatasharing.Item>
    <org.openmrs.module.metadatasharing.Item id="92" uuid="5cfadc5f-8d3e-472e-ade8-a3b34d34bfda">
      <id>16473</id>
      <classname>org.openmrs.ConceptDescription</classname>
      <dateChanged id="93">2022-07-06 09:10:33</dateChanged>
    </org.openmrs.module.metadatasharing.Item>
    <org.openmrs.module.metadatasharing.Item id="94" uuid="bf761506-d058-47f3-b32c-ba3ac97dcf7d">
      <id>7022</id>
      <classname>org.openmrs.ConceptAnswer</classname>
      <dateChanged id="95">2022-07-06 09:12:04</dateChanged>
    </org.openmrs.module.metadatasharing.Item>
    <org.openmrs.module.metadatasharing.Item id="96" uuid="b42d6db8-bc82-4889-bc66-6f7e974c684a">
      <id>132728</id>
      <classname>org.openmrs.ConceptName</classname>
      <dateChanged id="97">2022-07-06 09:09:57</dateChanged>
    </org.openmrs.module.metadatasharing.Item>
    <org.openmrs.module.metadatasharing.Item id="98" uuid="8bd52e24-e0ef-4c93-a020-a23605e276bb">
      <id>16472</id>
      <classname>org.openmrs.ConceptDescription</classname>
      <dateChanged id="99">2022-07-06 09:09:57</dateChanged>
    </org.openmrs.module.metadatasharing.Item>
    <org.openmrs.module.metadatasharing.Item id="100" uuid="79f6c409-e5d0-4e9f-be06-cdb1c47445a4">
      <id>7024</id>
      <classname>org.openmrs.ConceptAnswer</classname>
      <dateChanged id="101">2022-07-06 09:12:04</dateChanged>
    </org.openmrs.module.metadatasharing.Item>
    <org.openmrs.module.metadatasharing.Item id="102" uuid="9f9fed68-8026-4d64-988d-c49e1d3d4baf">
      <id>132725</id>
      <classname>org.openmrs.ConceptName</classname>
      <dateChanged id="103">2022-07-06 09:09:31</dateChanged>
    </org.openmrs.module.metadatasharing.Item>
    <org.openmrs.module.metadatasharing.Item id="104" uuid="aca230ac-7c66-4ca2-ab4d-7b30bf83926f">
      <id>132726</id>
      <classname>org.openmrs.ConceptName</classname>
      <dateChanged id="105">2022-07-06 09:09:31</dateChanged>
    </org.openmrs.module.metadatasharing.Item>
    <org.openmrs.module.metadatasharing.Item id="106" uuid="9a6cac68-1896-43ca-b5f1-f01d7f8a0070">
      <id>16470</id>
      <classname>org.openmrs.ConceptDescription</classname>
      <dateChanged id="107">2022-07-06 09:09:31</dateChanged>
    </org.openmrs.module.metadatasharing.Item>
    <org.openmrs.module.metadatasharing.Item id="108" uuid="248e6710-c473-4a03-9e4f-6b8b663b5d5d">
      <id>7021</id>
      <classname>org.openmrs.ConceptAnswer</classname>
      <dateChanged id="109">2022-07-06 09:12:04</dateChanged>
    </org.openmrs.module.metadatasharing.Item>
    <org.openmrs.module.metadatasharing.Item id="110" uuid="e7c5575f-ce26-421d-aeb7-c7e325793d49">
      <id>132727</id>
      <classname>org.openmrs.ConceptName</classname>
      <dateChanged id="111">2022-07-06 09:09:45</dateChanged>
    </org.openmrs.module.metadatasharing.Item>
    <org.openmrs.module.metadatasharing.Item id="112" uuid="9c42ee65-275a-4a35-ac65-4bd54bab165e">
      <id>16471</id>
      <classname>org.openmrs.ConceptDescription</classname>
      <dateChanged id="113">2022-07-06 09:09:45</dateChanged>
    </org.openmrs.module.metadatasharing.Item>
    <org.openmrs.module.metadatasharing.Item id="114" uuid="c93c4746-5ad4-4dcd-9b1f-aeaf8983d8a8">
      <id>7020</id>
      <classname>org.openmrs.ConceptAnswer</classname>
      <dateChanged id="115">2022-07-06 09:12:04</dateChanged>
    </org.openmrs.module.metadatasharing.Item>
    <org.openmrs.module.metadatasharing.Item id="116" uuid="496444fa-8424-4226-9227-2bb138049089">
      <id>132730</id>
      <classname>org.openmrs.ConceptName</classname>
      <dateChanged id="117">2022-07-06 09:10:47</dateChanged>
    </org.openmrs.module.metadatasharing.Item>
    <org.openmrs.module.metadatasharing.Item id="118" uuid="dc94a672-e44f-4491-a168-aa035acde282">
      <id>16474</id>
      <classname>org.openmrs.ConceptDescription</classname>
      <dateChanged id="119">2022-07-06 09:10:47</dateChanged>
    </org.openmrs.module.metadatasharing.Item>
    <org.openmrs.module.metadatasharing.Item id="120" uuid="d507cc2c-2a09-4fdd-b58c-a208df06db7a">
      <id>16475</id>
      <classname>org.openmrs.ConceptDescription</classname>
      <dateChanged id="121">2022-07-06 09:12:04</dateChanged>
    </org.openmrs.module.metadatasharing.Item>
    <org.openmrs.module.metadatasharing.Item id="122" uuid="eca66e5f-a302-4271-b153-7a3f664a9702">
      <id>132734</id>
      <classname>org.openmrs.ConceptName</classname>
      <dateChanged id="123">2022-07-06 09:39:40</dateChanged>
    </org.openmrs.module.metadatasharing.Item>
    <org.openmrs.module.metadatasharing.Item id="124" uuid="d9de59da-4beb-4858-904d-3e99871dffa5">
      <id>132735</id>
      <classname>org.openmrs.ConceptName</classname>
      <dateChanged id="125">2022-07-06 09:39:40</dateChanged>
    </org.openmrs.module.metadatasharing.Item>
    <org.openmrs.module.metadatasharing.Item id="126" uuid="03baa1ae-21a6-4e2a-a16a-128a48b0440b">
      <id>7026</id>
      <classname>org.openmrs.ConceptAnswer</classname>
      <dateChanged id="127">2022-07-06 09:39:40</dateChanged>
    </org.openmrs.module.metadatasharing.Item>
    <org.openmrs.module.metadatasharing.Item id="128" uuid="32f5e37c-f1c2-436b-b0a9-2498860de1a9">
      <id>132733</id>
      <classname>org.openmrs.ConceptName</classname>
      <dateChanged id="129">2022-07-06 09:12:40</dateChanged>
    </org.openmrs.module.metadatasharing.Item>
    <org.openmrs.module.metadatasharing.Item id="130" uuid="9868d569-11c8-4861-902c-39b507e28b2a">
      <id>16477</id>
      <classname>org.openmrs.ConceptDescription</classname>
      <dateChanged id="131">2022-07-06 09:12:40</dateChanged>
    </org.openmrs.module.metadatasharing.Item>
    <org.openmrs.module.metadatasharing.Item id="132" uuid="fcc2b9a3-d899-4a60-a847-4a0f10dbc913">
      <id>7027</id>
      <classname>org.openmrs.ConceptAnswer</classname>
      <dateChanged id="133">2022-07-06 09:39:40</dateChanged>
    </org.openmrs.module.metadatasharing.Item>
    <org.openmrs.module.metadatasharing.Item id="134" uuid="0d45a370-574d-419a-8012-b217b2f68e91">
      <id>132732</id>
      <classname>org.openmrs.ConceptName</classname>
      <dateChanged id="135">2022-07-06 09:12:19</dateChanged>
    </org.openmrs.module.metadatasharing.Item>
    <org.openmrs.module.metadatasharing.Item id="136" uuid="d32721a6-0229-483c-9c21-e8da138c6c25">
      <id>16476</id>
      <classname>org.openmrs.ConceptDescription</classname>
      <dateChanged id="137">2022-07-06 09:12:19</dateChanged>
    </org.openmrs.module.metadatasharing.Item>
    <org.openmrs.module.metadatasharing.Item id="138" uuid="c0075869-8b5c-45e8-92ef-a106f68db1fd">
      <id>7025</id>
      <classname>org.openmrs.ConceptAnswer</classname>
      <dateChanged id="139">2022-07-06 09:39:40</dateChanged>
    </org.openmrs.module.metadatasharing.Item>
    <org.openmrs.module.metadatasharing.Item id="140" uuid="5622AAAAAAAAAAAAAAAAAAAAAAAAAAAAAAAA">
      <id>53304</id>
      <classname>org.openmrs.Concept</classname>
      <dateChanged id="141">2022-07-01 07:35:22</dateChanged>
      <retired>false</retired>
    </org.openmrs.module.metadatasharing.Item>
    <org.openmrs.module.metadatasharing.Item id="142" uuid="8d4a4c94-c2cc-11de-8d13-0010c6dffd0f">
      <id>4</id>
      <classname>org.openmrs.ConceptDatatype</classname>
      <dateChanged id="143">2004-02-02 00:00:00</dateChanged>
      <retired>false</retired>
    </org.openmrs.module.metadatasharing.Item>
    <org.openmrs.module.metadatasharing.Item id="144" uuid="8d492774-c2cc-11de-8d13-0010c6dffd0f">
      <id>11</id>
      <classname>org.openmrs.ConceptClass</classname>
      <dateChanged id="145">2004-03-02 00:00:00</dateChanged>
      <retired>false</retired>
    </org.openmrs.module.metadatasharing.Item>
    <org.openmrs.module.metadatasharing.Item id="146" uuid="135577BBBBBBBBBBBBBBBBBBBBBBBBBBBBBB">
      <id>128122</id>
      <classname>org.openmrs.ConceptName</classname>
      <dateChanged id="147">2022-07-01 07:35:22</dateChanged>
    </org.openmrs.module.metadatasharing.Item>
    <org.openmrs.module.metadatasharing.Item id="148" uuid="142798BBBBBBBBBBBBBBBBBBBBBBBBBBBBBB">
      <id>128124</id>
      <classname>org.openmrs.ConceptName</classname>
      <dateChanged id="149">2022-07-01 07:35:22</dateChanged>
    </org.openmrs.module.metadatasharing.Item>
    <org.openmrs.module.metadatasharing.Item id="150" uuid="126207BBBBBBBBBBBBBBBBBBBBBBBBBBBBBB">
      <id>128125</id>
      <classname>org.openmrs.ConceptName</classname>
      <dateChanged id="151">2022-07-01 07:35:22</dateChanged>
    </org.openmrs.module.metadatasharing.Item>
    <org.openmrs.module.metadatasharing.Item id="152" uuid="105802BBBBBBBBBBBBBBBBBBBBBBBBBBBBBB">
      <id>128126</id>
      <classname>org.openmrs.ConceptName</classname>
      <dateChanged id="153">2022-07-01 07:35:22</dateChanged>
    </org.openmrs.module.metadatasharing.Item>
    <org.openmrs.module.metadatasharing.Item id="154" uuid="134542BBBBBBBBBBBBBBBBBBBBBBBBBBBBBB">
      <id>128127</id>
      <classname>org.openmrs.ConceptName</classname>
      <dateChanged id="155">2022-07-01 07:35:22</dateChanged>
    </org.openmrs.module.metadatasharing.Item>
    <org.openmrs.module.metadatasharing.Item id="156" uuid="2761BBBBBBBBBBBBBBBBBBBBBBBBBBBBBBBB">
      <id>128128</id>
      <classname>org.openmrs.ConceptName</classname>
      <dateChanged id="157">2022-07-01 07:35:22</dateChanged>
    </org.openmrs.module.metadatasharing.Item>
    <org.openmrs.module.metadatasharing.Item id="158" uuid="110113BBBBBBBBBBBBBBBBBBBBBBBBBBBBBB">
      <id>128129</id>
      <classname>org.openmrs.ConceptName</classname>
      <dateChanged id="159">2022-07-01 07:35:22</dateChanged>
    </org.openmrs.module.metadatasharing.Item>
    <org.openmrs.module.metadatasharing.Item id="160" uuid="134541BBBBBBBBBBBBBBBBBBBBBBBBBBBBBB">
      <id>128130</id>
      <classname>org.openmrs.ConceptName</classname>
      <dateChanged id="161">2022-07-01 07:35:22</dateChanged>
    </org.openmrs.module.metadatasharing.Item>
    <org.openmrs.module.metadatasharing.Item id="162" uuid="110860BBBBBBBBBBBBBBBBBBBBBBBBBBBBBB">
      <id>128131</id>
      <classname>org.openmrs.ConceptName</classname>
      <dateChanged id="163">2022-07-01 07:35:22</dateChanged>
    </org.openmrs.module.metadatasharing.Item>
    <org.openmrs.module.metadatasharing.Item id="164" uuid="2253FFFFFFFFFFFFFFFFFFFFFFFFFFFFFFFF">
      <id>14771</id>
      <classname>org.openmrs.ConceptDescription</classname>
      <dateChanged id="165">2022-07-01 07:35:22</dateChanged>
    </org.openmrs.module.metadatasharing.Item>
    <org.openmrs.module.metadatasharing.Item id="166" uuid="144395ABBBBBBBBBBBBBBBBBBBBBBBBBBBBB">
      <id>212674</id>
      <classname>org.openmrs.ConceptMap</classname>
      <dateChanged id="167">2022-07-01 07:49:19</dateChanged>
    </org.openmrs.module.metadatasharing.Item>
    <org.openmrs.module.metadatasharing.Item id="168" uuid="35543629-7d8c-11e1-909d-c80aa9edcf4e">
      <id>1</id>
      <classname>org.openmrs.ConceptMapType</classname>
      <dateChanged id="169">2022-07-06 08:17:20</dateChanged>
      <retired>false</retired>
    </org.openmrs.module.metadatasharing.Item>
    <org.openmrs.module.metadatasharing.Item id="170" uuid="c3a51e29-438c-48b4-9d2d-025d69423d03">
      <id>164956</id>
      <classname>org.openmrs.ConceptReferenceTerm</classname>
      <dateChanged id="171">2022-07-01 07:49:19</dateChanged>
      <retired>true</retired>
    </org.openmrs.module.metadatasharing.Item>
    <org.openmrs.module.metadatasharing.Item id="172" uuid="e36d4d0c-3e8a-5540-b662-b8784d4098f7">
      <id>34</id>
      <classname>org.openmrs.ConceptSource</classname>
      <dateChanged id="173">2022-07-01 07:36:26</dateChanged>
      <retired>false</retired>
    </org.openmrs.module.metadatasharing.Item>
    <org.openmrs.module.metadatasharing.Item id="174" uuid="137878ABBBBBBBBBBBBBBBBBBBBBBBBBBBBB">
      <id>173799</id>
      <classname>org.openmrs.ConceptMap</classname>
      <dateChanged id="175">2022-07-01 07:47:27</dateChanged>
    </org.openmrs.module.metadatasharing.Item>
    <org.openmrs.module.metadatasharing.Item id="176" uuid="d44f1c68-79bd-4ba7-8d77-5e67451de35b">
      <id>155048</id>
      <classname>org.openmrs.ConceptReferenceTerm</classname>
      <dateChanged id="177">2022-07-01 07:47:27</dateChanged>
      <retired>false</retired>
    </org.openmrs.module.metadatasharing.Item>
    <org.openmrs.module.metadatasharing.Item id="178" uuid="7ffb76d5-ff2b-527d-a585-cf2106882c3b">
      <id>36</id>
      <classname>org.openmrs.ConceptSource</classname>
      <dateChanged id="179">2022-07-01 07:36:35</dateChanged>
      <retired>false</retired>
    </org.openmrs.module.metadatasharing.Item>
    <org.openmrs.module.metadatasharing.Item id="180" uuid="77ae1072-f97e-3c41-ad82-8746ad6f9c26">
      <id>173846</id>
      <classname>org.openmrs.ConceptMap</classname>
      <dateChanged id="181">2022-07-01 07:47:27</dateChanged>
    </org.openmrs.module.metadatasharing.Item>
    <org.openmrs.module.metadatasharing.Item id="182" uuid="cbbfecc1-bb90-4d27-83b2-e39db9ab5a03">
      <id>155089</id>
      <classname>org.openmrs.ConceptReferenceTerm</classname>
      <dateChanged id="183">2022-07-01 07:47:27</dateChanged>
      <retired>false</retired>
    </org.openmrs.module.metadatasharing.Item>
    <org.openmrs.module.metadatasharing.Item id="184" uuid="de7432c3-52d7-5f84-aff4-dbaaf9cfc49d">
      <id>2</id>
      <classname>org.openmrs.ConceptSource</classname>
      <dateChanged id="185">2022-07-06 08:17:20</dateChanged>
      <retired>false</retired>
    </org.openmrs.module.metadatasharing.Item>
    <org.openmrs.module.metadatasharing.Item id="186" uuid="141670ABBBBBBBBBBBBBBBBBBBBBBBBBBBBB">
      <id>173868</id>
      <classname>org.openmrs.ConceptMap</classname>
      <dateChanged id="187">2022-07-01 07:47:27</dateChanged>
    </org.openmrs.module.metadatasharing.Item>
    <org.openmrs.module.metadatasharing.Item id="188" uuid="97225d37-37d8-43b8-a49e-902d66d097a7">
      <id>155107</id>
      <classname>org.openmrs.ConceptReferenceTerm</classname>
      <dateChanged id="189">2022-07-01 07:47:27</dateChanged>
      <retired>false</retired>
    </org.openmrs.module.metadatasharing.Item>
    <org.openmrs.module.metadatasharing.Item id="190" uuid="7f4822bf-567e-51fa-86e4-9345d522c923">
      <id>37</id>
      <classname>org.openmrs.ConceptSource</classname>
      <dateChanged id="191">2022-07-01 07:36:37</dateChanged>
      <retired>false</retired>
    </org.openmrs.module.metadatasharing.Item>
    <org.openmrs.module.metadatasharing.Item id="192" uuid="143666ABBBBBBBBBBBBBBBBBBBBBBBBBBBBB">
      <id>173770</id>
      <classname>org.openmrs.ConceptMap</classname>
      <dateChanged id="193">2022-07-01 07:47:27</dateChanged>
    </org.openmrs.module.metadatasharing.Item>
    <org.openmrs.module.metadatasharing.Item id="194" uuid="894972dc-7c80-48d6-b86c-ef53e93d9eff">
      <id>154027</id>
      <classname>org.openmrs.ConceptReferenceTerm</classname>
      <dateChanged id="195">2022-07-01 07:47:22</dateChanged>
      <retired>false</retired>
    </org.openmrs.module.metadatasharing.Item>
    <org.openmrs.module.metadatasharing.Item id="196" uuid="71713b98-4ee1-5e46-ae0b-45bc4b3875ea">
      <id>15</id>
      <classname>org.openmrs.ConceptSource</classname>
      <dateChanged id="197">2022-07-01 07:35:28</dateChanged>
      <retired>false</retired>
    </org.openmrs.module.metadatasharing.Item>
    <org.openmrs.module.metadatasharing.Item id="198" uuid="135771ABBBBBBBBBBBBBBBBBBBBBBBBBBBBB">
      <id>173836</id>
      <classname>org.openmrs.ConceptMap</classname>
      <dateChanged id="199">2022-07-01 07:47:27</dateChanged>
    </org.openmrs.module.metadatasharing.Item>
    <org.openmrs.module.metadatasharing.Item id="200" uuid="ee5873f8-5dc6-4b70-9024-d4a04c1985a1">
      <id>155081</id>
      <classname>org.openmrs.ConceptReferenceTerm</classname>
      <dateChanged id="201">2022-07-01 07:47:27</dateChanged>
      <retired>false</retired>
    </org.openmrs.module.metadatasharing.Item>
    <org.openmrs.module.metadatasharing.Item id="202" uuid="7ea90041-b784-5b8a-b26a-152ea4a3af8f">
      <id>31</id>
      <classname>org.openmrs.ConceptSource</classname>
      <dateChanged id="203">2022-07-01 07:36:14</dateChanged>
      <retired>false</retired>
    </org.openmrs.module.metadatasharing.Item>
    <org.openmrs.module.metadatasharing.Item id="204" uuid="137766ABBBBBBBBBBBBBBBBBBBBBBBBBBBBB">
      <id>173900</id>
      <classname>org.openmrs.ConceptMap</classname>
      <dateChanged id="205">2022-07-01 07:47:27</dateChanged>
    </org.openmrs.module.metadatasharing.Item>
    <org.openmrs.module.metadatasharing.Item id="206" uuid="43ac5109-7d8c-11e1-909d-c80aa9edcf4e">
      <id>2</id>
      <classname>org.openmrs.ConceptMapType</classname>
      <dateChanged id="207">2022-07-06 08:17:20</dateChanged>
      <retired>false</retired>
    </org.openmrs.module.metadatasharing.Item>
    <org.openmrs.module.metadatasharing.Item id="208" uuid="e9612ed2-8d0d-4e69-bd79-cd2c71d6cd82">
      <id>155136</id>
      <classname>org.openmrs.ConceptReferenceTerm</classname>
      <dateChanged id="209">2022-07-01 07:47:27</dateChanged>
      <retired>false</retired>
    </org.openmrs.module.metadatasharing.Item>
    <org.openmrs.module.metadatasharing.Item id="210" uuid="171a5df4-acac-5e9b-b59b-50ecc9460a4a">
      <id>4</id>
      <classname>org.openmrs.ConceptSource</classname>
      <dateChanged id="211">2022-07-06 08:17:20</dateChanged>
      <retired>false</retired>
    </org.openmrs.module.metadatasharing.Item>
    <org.openmrs.module.metadatasharing.Item id="212" uuid="47ae5e28-7271-49de-bd86-990ec8e87df5">
      <id>16478</id>
      <classname>org.openmrs.ConceptDescription</classname>
      <dateChanged id="213">2022-07-06 09:39:40</dateChanged>
    </org.openmrs.module.metadatasharing.Item>
    <org.openmrs.module.metadatasharing.Item id="214" uuid="b4911108-276f-4c54-a947-6bb1639dd64a">
      <id>132736</id>
      <classname>org.openmrs.ConceptName</classname>
      <dateChanged id="215">2022-07-06 09:43:26</dateChanged>
    </org.openmrs.module.metadatasharing.Item>
    <org.openmrs.module.metadatasharing.Item id="216" uuid="9b068dc1-af33-4642-94fa-cfb456cda638">
      <id>16479</id>
      <classname>org.openmrs.ConceptDescription</classname>
      <dateChanged id="217">2022-07-06 09:43:26</dateChanged>
    </org.openmrs.module.metadatasharing.Item>
    <org.openmrs.module.metadatasharing.Item id="218" uuid="968884af-352a-4688-886f-ba47e7c0f2b0">
      <id>132740</id>
      <classname>org.openmrs.ConceptName</classname>
      <dateChanged id="219">2022-07-06 09:48:13</dateChanged>
    </org.openmrs.module.metadatasharing.Item>
    <org.openmrs.module.metadatasharing.Item id="220" uuid="d6f693af-b0cc-4987-ac47-d452373d18f4">
      <id>7029</id>
      <classname>org.openmrs.ConceptAnswer</classname>
      <dateChanged id="221">2022-07-06 09:48:13</dateChanged>
    </org.openmrs.module.metadatasharing.Item>
    <org.openmrs.module.metadatasharing.Item id="222" uuid="2746a6c5-7ffe-4665-a20e-eab99f348914">
      <id>132737</id>
      <classname>org.openmrs.ConceptName</classname>
      <dateChanged id="223">2022-07-06 09:43:37</dateChanged>
    </org.openmrs.module.metadatasharing.Item>
    <org.openmrs.module.metadatasharing.Item id="224" uuid="f9753ae8-25e0-4d91-a16c-3269b848e563">
      <id>16480</id>
      <classname>org.openmrs.ConceptDescription</classname>
      <dateChanged id="225">2022-07-06 09:43:37</dateChanged>
    </org.openmrs.module.metadatasharing.Item>
    <org.openmrs.module.metadatasharing.Item id="226" uuid="4588962e-ed46-4804-ade8-ebfd6bc27fa6">
      <id>7031</id>
      <classname>org.openmrs.ConceptAnswer</classname>
      <dateChanged id="227">2022-07-06 09:48:13</dateChanged>
    </org.openmrs.module.metadatasharing.Item>
    <org.openmrs.module.metadatasharing.Item id="228" uuid="b7356886-93c8-41e7-8fc3-c90c5a97e7cf">
      <id>7028</id>
      <classname>org.openmrs.ConceptAnswer</classname>
      <dateChanged id="229">2022-07-06 09:48:13</dateChanged>
    </org.openmrs.module.metadatasharing.Item>
    <org.openmrs.module.metadatasharing.Item id="230" uuid="c073ac40-27f1-451d-8202-0dbc16e79185">
      <id>132739</id>
      <classname>org.openmrs.ConceptName</classname>
      <dateChanged id="231">2022-07-06 09:47:23</dateChanged>
    </org.openmrs.module.metadatasharing.Item>
    <org.openmrs.module.metadatasharing.Item id="232" uuid="f2ba8b5a-c3cc-4981-84ea-bd2917786651">
      <id>16482</id>
      <classname>org.openmrs.ConceptDescription</classname>
      <dateChanged id="233">2022-07-06 09:47:23</dateChanged>
    </org.openmrs.module.metadatasharing.Item>
    <org.openmrs.module.metadatasharing.Item id="234" uuid="078a10bb-2cb4-462e-ab9e-e9250733a0d4">
      <id>7030</id>
      <classname>org.openmrs.ConceptAnswer</classname>
      <dateChanged id="235">2022-07-06 09:48:13</dateChanged>
    </org.openmrs.module.metadatasharing.Item>
    <org.openmrs.module.metadatasharing.Item id="236" uuid="c129142c-ef7b-45be-b592-cb42c6955aa5">
      <id>132738</id>
      <classname>org.openmrs.ConceptName</classname>
      <dateChanged id="237">2022-07-06 09:47:07</dateChanged>
    </org.openmrs.module.metadatasharing.Item>
    <org.openmrs.module.metadatasharing.Item id="238" uuid="858d81cc-226a-4581-90ff-d14ab1ec7349">
      <id>16481</id>
      <classname>org.openmrs.ConceptDescription</classname>
      <dateChanged id="239">2022-07-06 09:47:07</dateChanged>
    </org.openmrs.module.metadatasharing.Item>
    <org.openmrs.module.metadatasharing.Item id="240" uuid="8070d4a1-e481-484a-9f58-090dceaef49e">
      <id>16483</id>
      <classname>org.openmrs.ConceptDescription</classname>
      <dateChanged id="241">2022-07-06 09:48:13</dateChanged>
    </org.openmrs.module.metadatasharing.Item>
  </relatedItems>
</package>
