<?xml version="1.0" encoding="UTF-8"?>
<list id="1">
  <org.openmrs.Concept id="2" uuid="1f73dfc6-083e-48fe-b4ef-ae29b12dadf9">
    <conceptId>55104</conceptId>
    <retired>false</retired>
    <datatype id="3" resolves-to="org.openmrs.ConceptDatatype" uuid="8d4a48b6-c2cc-11de-8d13-0010c6dffd0f">
      <name>Coded</name>
      <description>Value determined by term dictionary lookup (i.e., term identifier)</description>
      <creator/>
      <dateCreated id="4">2004-02-02 00:00:00</dateCreated>
      <retired>false</retired>
      <conceptDatatypeId>2</conceptDatatypeId>
      <hl7Abbreviation>CWE</hl7Abbreviation>
    </datatype>
    <conceptClass id="5" resolves-to="org.openmrs.ConceptClass" uuid="e42d1656-2c95-4783-b624-619413743e76">
      <name>Visit Outcome Question</name>
      <description>Class representing outcome question related to visit</description>
      <creator/>
      <dateCreated id="6">2022-07-06 09:02:26</dateCreated>
      <retired>false</retired>
      <conceptClassId>35</conceptClassId>
    </conceptClass>
    <set>false</set>
    <creator/>
    <dateCreated id="7">2022-07-06 09:08:34</dateCreated>
    <changedBy/>
    <dateChanged id="8">2022-07-06 09:08:34</dateChanged>
    <names class="set" id="9">
      <org.openmrs.ConceptName id="10" uuid="906d7ec7-e3e5-4df1-aa78-871a6c313059">
        <conceptNameId>132724</conceptNameId>
        <concept reference="2"/>
        <name>Consents</name>
        <locale id="11">en</locale>
        <creator/>
        <dateCreated id="12">2022-07-06 09:08:34</dateCreated>
        <voided>false</voided>
        <tags class="set" id="13"/>
        <conceptNameType>FULLY_SPECIFIED</conceptNameType>
        <localePreferred>true</localePreferred>
      </org.openmrs.ConceptName>
    </names>
    <answers class="set" id="14">
      <org.openmrs.ConceptAnswer id="15" uuid="f1ddbeed-819b-44f7-aa51-fa52b2311c8b">
        <conceptAnswerId>7015</conceptAnswerId>
        <concept reference="2"/>
        <answerConcept id="16" resolves-to="org.openmrs.Concept" uuid="0e551876-b0b2-4962-ac43-2dfb47d0a742">
          <conceptId>55099</conceptId>
          <retired>false</retired>
          <datatype reference="3"/>
          <conceptClass id="17" resolves-to="org.openmrs.ConceptClass" uuid="d04f0e2b-0b1d-4ca6-8089-0fa18e79cf0f">
            <name>Visit Outcome Answer</name>
            <description>Class representing outcome answer related to visit</description>
            <creator/>
            <dateCreated id="18">2022-07-06 09:02:35</dateCreated>
            <retired>false</retired>
            <conceptClassId>36</conceptClassId>
          </conceptClass>
          <set>false</set>
          <creator/>
          <dateCreated id="19">2022-07-06 09:05:09</dateCreated>
          <changedBy/>
          <dateChanged id="20">2022-07-06 09:05:09</dateChanged>
          <names class="set" id="21">
            <org.openmrs.ConceptName id="22" uuid="077648fc-32c9-433b-9d94-6931eb9c46ee">
              <conceptNameId>132719</conceptNameId>
              <concept reference="16"/>
              <name>Patient provided consent for home visits</name>
              <locale id="23">en</locale>
              <creator/>
              <dateCreated id="24">2022-07-06 09:05:09</dateCreated>
              <voided>false</voided>
              <tags class="set" id="25"/>
              <conceptNameType>FULLY_SPECIFIED</conceptNameType>
              <localePreferred>true</localePreferred>
            </org.openmrs.ConceptName>
          </names>
          <answers class="set" id="26"/>
          <conceptSets class="set" id="27"/>
          <descriptions class="set" id="28">
            <org.openmrs.ConceptDescription id="29" uuid="5ee6ab53-5e9a-4b13-9dae-906bd4ecf002">
              <conceptDescriptionId>16464</conceptDescriptionId>
              <concept reference="16"/>
              <description>Patient provided consent for home visits</description>
              <locale id="30">en</locale>
              <creator/>
              <dateCreated id="31">2022-07-06 09:05:09</dateCreated>
            </org.openmrs.ConceptDescription>
          </descriptions>
          <conceptMappings class="set" id="32"/>
          <attributes id="33"/>
        </answerConcept>
        <creator/>
        <dateCreated id="34">2022-07-06 09:08:34</dateCreated>
        <sortWeight>3.0</sortWeight>
      </org.openmrs.ConceptAnswer>
      <org.openmrs.ConceptAnswer id="35" uuid="2493317c-b683-4284-afe5-2555e2f3410f">
        <conceptAnswerId>7016</conceptAnswerId>
        <concept reference="2"/>
        <answerConcept id="36" resolves-to="org.openmrs.Concept" uuid="65d0ef34-b720-4ba7-8d42-167cf3730f4c">
          <conceptId>55100</conceptId>
          <retired>false</retired>
          <datatype reference="3"/>
          <conceptClass reference="17"/>
          <set>false</set>
          <creator/>
          <dateCreated id="37">2022-07-06 09:05:39</dateCreated>
          <changedBy/>
          <dateChanged id="38">2022-07-06 09:05:39</dateChanged>
          <names class="set" id="39">
            <org.openmrs.ConceptName id="40" uuid="de0700ce-540c-4365-b8ee-2fe385e40b5a">
              <conceptNameId>132720</conceptNameId>
              <concept reference="36"/>
              <name>Patient did not provide consent for home visits</name>
              <locale id="41">en</locale>
              <creator/>
              <dateCreated id="42">2022-07-06 09:05:39</dateCreated>
              <voided>false</voided>
              <tags class="set" id="43"/>
              <conceptNameType>FULLY_SPECIFIED</conceptNameType>
              <localePreferred>true</localePreferred>
            </org.openmrs.ConceptName>
          </names>
          <answers class="set" id="44"/>
          <conceptSets class="set" id="45"/>
          <descriptions class="set" id="46">
            <org.openmrs.ConceptDescription id="47" uuid="bef80181-3ad1-4500-b146-e74d1c6d3ebc">
              <conceptDescriptionId>16465</conceptDescriptionId>
              <concept reference="36"/>
              <description>Patient did not provide consent for home visits</description>
              <locale id="48">en</locale>
              <creator/>
              <dateCreated id="49">2022-07-06 09:05:39</dateCreated>
            </org.openmrs.ConceptDescription>
          </descriptions>
          <conceptMappings class="set" id="50"/>
          <attributes id="51"/>
        </answerConcept>
        <creator/>
        <dateCreated id="52">2022-07-06 09:08:34</dateCreated>
        <sortWeight>4.0</sortWeight>
      </org.openmrs.ConceptAnswer>
      <org.openmrs.ConceptAnswer id="53" uuid="669bbdaf-a2fa-436c-9f9a-940da7968bc8">
        <conceptAnswerId>7017</conceptAnswerId>
        <concept reference="2"/>
        <answerConcept id="54" resolves-to="org.openmrs.Concept" uuid="a1a90a72-45fc-4e74-bc6e-94b3fbf6e907">
          <conceptId>55102</conceptId>
          <retired>false</retired>
          <datatype reference="3"/>
          <conceptClass reference="17"/>
          <set>false</set>
          <creator/>
          <dateCreated id="55">2022-07-06 09:06:06</dateCreated>
          <changedBy/>
          <dateChanged id="56">2022-07-06 09:06:06</dateChanged>
          <names class="set" id="57">
            <org.openmrs.ConceptName id="58" uuid="4fae172d-36e1-4591-9a2b-67fe9698dc1d">
              <conceptNameId>132722</conceptNameId>
              <concept reference="54"/>
              <name>Patient did not provide consent for both call and home visit</name>
              <locale id="59">en</locale>
              <creator/>
              <dateCreated id="60">2022-07-06 09:06:06</dateCreated>
              <voided>false</voided>
              <tags class="set" id="61"/>
              <conceptNameType>FULLY_SPECIFIED</conceptNameType>
              <localePreferred>true</localePreferred>
            </org.openmrs.ConceptName>
          </names>
          <answers class="set" id="62"/>
          <conceptSets class="set" id="63"/>
          <descriptions class="set" id="64">
            <org.openmrs.ConceptDescription id="65" uuid="2f4503bf-2352-4835-9848-510adfb614ab">
              <conceptDescriptionId>16467</conceptDescriptionId>
              <concept reference="54"/>
              <description>Patient did not provide consent for both call and home visit</description>
              <locale id="66">en</locale>
              <creator/>
              <dateCreated id="67">2022-07-06 09:06:06</dateCreated>
            </org.openmrs.ConceptDescription>
          </descriptions>
          <conceptMappings class="set" id="68"/>
          <attributes id="69"/>
        </answerConcept>
        <creator/>
        <dateCreated id="70">2022-07-06 09:08:34</dateCreated>
        <sortWeight>5.0</sortWeight>
      </org.openmrs.ConceptAnswer>
      <org.openmrs.ConceptAnswer id="71" uuid="54d0598f-f338-40b2-b26d-6a4f39bd07ab">
        <conceptAnswerId>7018</conceptAnswerId>
        <concept reference="2"/>
        <answerConcept id="72" resolves-to="org.openmrs.Concept" uuid="fe9b0196-2e73-4922-b1de-bd1f60206a85">
          <conceptId>55101</conceptId>
          <retired>false</retired>
          <datatype reference="3"/>
          <conceptClass reference="17"/>
          <set>false</set>
          <creator/>
          <dateCreated id="73">2022-07-06 09:05:52</dateCreated>
          <changedBy/>
          <dateChanged id="74">2022-07-06 09:05:52</dateChanged>
          <names class="set" id="75">
            <org.openmrs.ConceptName id="76" uuid="ae2f1f29-4c00-4f5a-abab-d3d368011f3d">
              <conceptNameId>132721</conceptNameId>
              <concept reference="72"/>
              <name>Patient provided consent to be in the program</name>
              <locale id="77">en</locale>
              <creator/>
              <dateCreated id="78">2022-07-06 09:05:52</dateCreated>
              <voided>false</voided>
              <tags class="set" id="79"/>
              <conceptNameType>FULLY_SPECIFIED</conceptNameType>
              <localePreferred>true</localePreferred>
            </org.openmrs.ConceptName>
          </names>
          <answers class="set" id="80"/>
          <conceptSets class="set" id="81"/>
          <descriptions class="set" id="82">
            <org.openmrs.ConceptDescription id="83" uuid="54ff5ebf-c7ab-4f13-a2f3-f76307ab636a">
              <conceptDescriptionId>16466</conceptDescriptionId>
              <concept reference="72"/>
              <description>Patient provided consent to be in the program</description>
              <locale id="84">en</locale>
              <creator/>
              <dateCreated id="85">2022-07-06 09:05:52</dateCreated>
            </org.openmrs.ConceptDescription>
          </descriptions>
          <conceptMappings class="set" id="86"/>
          <attributes id="87"/>
        </answerConcept>
        <creator/>
        <dateCreated id="88">2022-07-06 09:08:34</dateCreated>
        <sortWeight>1.0</sortWeight>
      </org.openmrs.ConceptAnswer>
      <org.openmrs.ConceptAnswer id="89" uuid="e4cb5a32-6be5-4b98-be11-024635127e41">
        <conceptAnswerId>7019</conceptAnswerId>
        <concept reference="2"/>
        <answerConcept id="90" resolves-to="org.openmrs.Concept" uuid="91a7c134-4503-48ff-85cd-3617849646ce">
          <conceptId>55103</conceptId>
          <retired>false</retired>
          <datatype reference="3"/>
          <conceptClass reference="17"/>
          <set>false</set>
          <creator/>
          <dateCreated id="91">2022-07-06 09:06:20</dateCreated>
          <changedBy/>
          <dateChanged id="92">2022-07-06 09:06:20</dateChanged>
          <names class="set" id="93">
            <org.openmrs.ConceptName id="94" uuid="c85a68a2-5f68-49e6-ae43-7264a968d103">
              <conceptNameId>132723</conceptNameId>
              <concept reference="90"/>
              <name>Patient did not provide consent to be in the program</name>
              <locale id="95">en</locale>
              <creator/>
              <dateCreated id="96">2022-07-06 09:06:20</dateCreated>
              <voided>false</voided>
              <tags class="set" id="97"/>
              <conceptNameType>FULLY_SPECIFIED</conceptNameType>
              <localePreferred>true</localePreferred>
            </org.openmrs.ConceptName>
          </names>
          <answers class="set" id="98"/>
          <conceptSets class="set" id="99"/>
          <descriptions class="set" id="100">
            <org.openmrs.ConceptDescription id="101" uuid="652aef3b-2166-453f-9a8d-28c392e2ed95">
              <conceptDescriptionId>16468</conceptDescriptionId>
              <concept reference="90"/>
              <description>Patient did not provide consent to be in the program</description>
              <locale id="102">en</locale>
              <creator/>
              <dateCreated id="103">2022-07-06 09:06:20</dateCreated>
            </org.openmrs.ConceptDescription>
          </descriptions>
          <conceptMappings class="set" id="104"/>
          <attributes id="105"/>
        </answerConcept>
        <creator/>
        <dateCreated id="106">2022-07-06 09:08:34</dateCreated>
        <sortWeight>2.0</sortWeight>
      </org.openmrs.ConceptAnswer>
    </answers>
    <conceptSets class="set" id="107"/>
    <descriptions class="set" id="108">
      <org.openmrs.ConceptDescription id="109" uuid="e2fe2b9d-bb8d-472b-8a3b-7fed64ecc16c">
        <conceptDescriptionId>16469</conceptDescriptionId>
        <concept reference="2"/>
        <description>Consents for visit</description>
        <locale id="110">en</locale>
        <creator/>
        <dateCreated id="111">2022-07-06 09:08:34</dateCreated>
      </org.openmrs.ConceptDescription>
    </descriptions>
    <conceptMappings class="set" id="112"/>
    <attributes id="113"/>
  </org.openmrs.Concept>
  <org.openmrs.Concept id="114" uuid="195fb24f-2c50-4052-9c66-ced95ce36fb0">
    <conceptId>55110</conceptId>
    <retired>false</retired>
    <datatype reference="3"/>
    <conceptClass reference="5"/>
    <set>false</set>
    <creator/>
    <dateCreated id="115">2022-07-06 09:12:04</dateCreated>
    <changedBy/>
    <dateChanged id="116">2022-07-06 09:12:04</dateChanged>
    <names class="set" id="117">
      <org.openmrs.ConceptName id="118" uuid="6451efa8-9031-463c-b711-40eeadf1a87c">
        <conceptNameId>132731</conceptNameId>
        <concept reference="114"/>
        <name>Adherence</name>
        <locale id="119">en</locale>
        <creator/>
        <dateCreated id="120">2022-07-06 09:12:04</dateCreated>
        <voided>false</voided>
        <tags class="set" id="121"/>
        <conceptNameType>FULLY_SPECIFIED</conceptNameType>
        <localePreferred>true</localePreferred>
      </org.openmrs.ConceptName>
    </names>
    <answers class="set" id="122">
      <org.openmrs.ConceptAnswer id="123" uuid="c93c4746-5ad4-4dcd-9b1f-aeaf8983d8a8">
        <conceptAnswerId>7020</conceptAnswerId>
        <concept reference="114"/>
        <answerConcept id="124" resolves-to="org.openmrs.Concept" uuid="bf83a918-c849-46ee-bf62-ebaec76af633">
          <conceptId>55109</conceptId>
          <retired>false</retired>
          <datatype reference="3"/>
          <conceptClass reference="17"/>
          <set>false</set>
          <creator/>
          <dateCreated id="125">2022-07-06 09:10:47</dateCreated>
          <changedBy/>
          <dateChanged id="126">2022-07-06 09:10:47</dateChanged>
          <names class="set" id="127">
            <org.openmrs.ConceptName id="128" uuid="496444fa-8424-4226-9227-2bb138049089">
              <conceptNameId>132730</conceptNameId>
              <concept reference="124"/>
              <name>Patient was counselled for treatment adherence and importance of follow up tests</name>
              <locale id="129">en</locale>
              <creator/>
              <dateCreated id="130">2022-07-06 09:10:47</dateCreated>
              <voided>false</voided>
              <tags class="set" id="131"/>
              <conceptNameType>FULLY_SPECIFIED</conceptNameType>
              <localePreferred>true</localePreferred>
            </org.openmrs.ConceptName>
          </names>
          <answers class="set" id="132"/>
          <conceptSets class="set" id="133"/>
          <descriptions class="set" id="134">
            <org.openmrs.ConceptDescription id="135" uuid="dc94a672-e44f-4491-a168-aa035acde282">
              <conceptDescriptionId>16474</conceptDescriptionId>
              <concept reference="124"/>
              <description>Patient was counselled for treatment adherence and importance of follow up tests</description>
              <locale id="136">en</locale>
              <creator/>
              <dateCreated id="137">2022-07-06 09:10:47</dateCreated>
            </org.openmrs.ConceptDescription>
          </descriptions>
          <conceptMappings class="set" id="138"/>
          <attributes id="139"/>
        </answerConcept>
        <creator/>
        <dateCreated id="140">2022-07-06 09:12:04</dateCreated>
        <sortWeight>5.0</sortWeight>
      </org.openmrs.ConceptAnswer>
      <org.openmrs.ConceptAnswer id="141" uuid="248e6710-c473-4a03-9e4f-6b8b663b5d5d">
        <conceptAnswerId>7021</conceptAnswerId>
        <concept reference="114"/>
        <answerConcept id="142" resolves-to="org.openmrs.Concept" uuid="7bd891e8-b2ee-4bf3-92e7-ad8ada3c44b6">
          <conceptId>55106</conceptId>
          <retired>false</retired>
          <datatype reference="3"/>
          <conceptClass reference="17"/>
          <set>false</set>
          <creator/>
          <dateCreated id="143">2022-07-06 09:09:45</dateCreated>
          <changedBy/>
          <dateChanged id="144">2022-07-06 09:09:45</dateChanged>
          <names class="set" id="145">
            <org.openmrs.ConceptName id="146" uuid="e7c5575f-ce26-421d-aeb7-c7e325793d49">
              <conceptNameId>132727</conceptNameId>
              <concept reference="142"/>
              <name>Patient did not pick up the call</name>
              <locale id="147">en</locale>
              <creator/>
              <dateCreated id="148">2022-07-06 09:09:45</dateCreated>
              <voided>false</voided>
              <tags class="set" id="149"/>
              <conceptNameType>FULLY_SPECIFIED</conceptNameType>
              <localePreferred>true</localePreferred>
            </org.openmrs.ConceptName>
          </names>
          <answers class="set" id="150"/>
          <conceptSets class="set" id="151"/>
          <descriptions class="set" id="152">
            <org.openmrs.ConceptDescription id="153" uuid="9c42ee65-275a-4a35-ac65-4bd54bab165e">
              <conceptDescriptionId>16471</conceptDescriptionId>
              <concept reference="142"/>
              <description>Patient did not pick up the call</description>
              <locale id="154">en</locale>
              <creator/>
              <dateCreated id="155">2022-07-06 09:09:45</dateCreated>
            </org.openmrs.ConceptDescription>
          </descriptions>
          <conceptMappings class="set" id="156"/>
          <attributes id="157"/>
        </answerConcept>
        <creator/>
        <dateCreated id="158">2022-07-06 09:12:04</dateCreated>
        <sortWeight>4.0</sortWeight>
      </org.openmrs.ConceptAnswer>
      <org.openmrs.ConceptAnswer id="159" uuid="bf761506-d058-47f3-b32c-ba3ac97dcf7d">
        <conceptAnswerId>7022</conceptAnswerId>
        <concept reference="114"/>
        <answerConcept id="160" resolves-to="org.openmrs.Concept" uuid="501ed57a-eff8-40f7-9b0a-1857bac76d89">
          <conceptId>55107</conceptId>
          <retired>false</retired>
          <datatype reference="3"/>
          <conceptClass reference="17"/>
          <set>false</set>
          <creator/>
          <dateCreated id="161">2022-07-06 09:09:57</dateCreated>
          <changedBy/>
          <dateChanged id="162">2022-07-06 09:09:57</dateChanged>
          <names class="set" id="163">
            <org.openmrs.ConceptName id="164" uuid="b42d6db8-bc82-4889-bc66-6f7e974c684a">
              <conceptNameId>132728</conceptNameId>
              <concept reference="160"/>
              <name>Patient is not adhering to the treatment</name>
              <locale id="165">en</locale>
              <creator/>
              <dateCreated id="166">2022-07-06 09:09:57</dateCreated>
              <voided>false</voided>
              <tags class="set" id="167"/>
              <conceptNameType>FULLY_SPECIFIED</conceptNameType>
              <localePreferred>true</localePreferred>
            </org.openmrs.ConceptName>
          </names>
          <answers class="set" id="168"/>
          <conceptSets class="set" id="169"/>
          <descriptions class="set" id="170">
            <org.openmrs.ConceptDescription id="171" uuid="8bd52e24-e0ef-4c93-a020-a23605e276bb">
              <conceptDescriptionId>16472</conceptDescriptionId>
              <concept reference="160"/>
              <description>Patient is not adhering to the treatment</description>
              <locale id="172">en</locale>
              <creator/>
              <dateCreated id="173">2022-07-06 09:09:57</dateCreated>
            </org.openmrs.ConceptDescription>
          </descriptions>
          <conceptMappings class="set" id="174"/>
          <attributes id="175"/>
        </answerConcept>
        <creator/>
        <dateCreated id="176">2022-07-06 09:12:04</dateCreated>
        <sortWeight>2.0</sortWeight>
      </org.openmrs.ConceptAnswer>
      <org.openmrs.ConceptAnswer id="177" uuid="562dc8dc-1529-46b0-9d1d-3f6cc946cd77">
        <conceptAnswerId>7023</conceptAnswerId>
        <concept reference="114"/>
        <answerConcept id="178" resolves-to="org.openmrs.Concept" uuid="87c318e3-a2d4-47de-a6cb-383cf29738d3">
          <conceptId>55108</conceptId>
          <retired>false</retired>
          <datatype reference="3"/>
          <conceptClass reference="17"/>
          <set>false</set>
          <creator/>
          <dateCreated id="179">2022-07-06 09:10:33</dateCreated>
          <changedBy/>
          <dateChanged id="180">2022-07-06 09:10:33</dateChanged>
          <names class="set" id="181">
            <org.openmrs.ConceptName id="182" uuid="5dc3b0c4-d462-4280-8490-23016c3c6ff9">
              <conceptNameId>132729</conceptNameId>
              <concept reference="178"/>
              <name>Patient is adhering to the treatment</name>
              <locale id="183">en</locale>
              <creator/>
              <dateCreated id="184">2022-07-06 09:10:33</dateCreated>
              <voided>false</voided>
              <tags class="set" id="185"/>
              <conceptNameType>FULLY_SPECIFIED</conceptNameType>
              <localePreferred>true</localePreferred>
            </org.openmrs.ConceptName>
          </names>
          <answers class="set" id="186"/>
          <conceptSets class="set" id="187"/>
          <descriptions class="set" id="188">
            <org.openmrs.ConceptDescription id="189" uuid="5cfadc5f-8d3e-472e-ade8-a3b34d34bfda">
              <conceptDescriptionId>16473</conceptDescriptionId>
              <concept reference="178"/>
              <description>Patient is adhering to the treatement</description>
              <locale id="190">en</locale>
              <creator/>
              <dateCreated id="191">2022-07-06 09:10:33</dateCreated>
            </org.openmrs.ConceptDescription>
          </descriptions>
          <conceptMappings class="set" id="192"/>
          <attributes id="193"/>
        </answerConcept>
        <creator/>
        <dateCreated id="194">2022-07-06 09:12:04</dateCreated>
        <sortWeight>1.0</sortWeight>
      </org.openmrs.ConceptAnswer>
      <org.openmrs.ConceptAnswer id="195" uuid="79f6c409-e5d0-4e9f-be06-cdb1c47445a4">
        <conceptAnswerId>7024</conceptAnswerId>
        <concept reference="114"/>
        <answerConcept id="196" resolves-to="org.openmrs.Concept" uuid="fcd62a44-7c3d-440e-95e6-70b1c3b5a422">
          <conceptId>55105</conceptId>
          <retired>false</retired>
          <datatype reference="3"/>
          <conceptClass reference="17"/>
          <set>false</set>
          <creator/>
          <dateCreated id="197">2022-07-06 09:09:31</dateCreated>
          <changedBy/>
          <dateChanged id="198">2022-07-06 09:09:31</dateChanged>
          <names class="set" id="199">
            <org.openmrs.ConceptName id="200" uuid="9f9fed68-8026-4d64-988d-c49e1d3d4baf">
              <conceptNameId>132725</conceptNameId>
              <concept reference="196"/>
              <name>Patient was not available at home</name>
              <locale id="201">en</locale>
              <creator/>
              <dateCreated id="202">2022-07-06 09:09:31</dateCreated>
              <voided>false</voided>
              <tags class="set" id="203"/>
              <conceptNameType>SHORT</conceptNameType>
              <localePreferred>false</localePreferred>
            </org.openmrs.ConceptName>
            <org.openmrs.ConceptName id="204" uuid="aca230ac-7c66-4ca2-ab4d-7b30bf83926f">
              <conceptNameId>132726</conceptNameId>
              <concept reference="196"/>
              <name>Patient was not available at home</name>
              <locale id="205">en</locale>
              <creator/>
              <dateCreated id="206">2022-07-06 09:09:31</dateCreated>
              <voided>false</voided>
              <tags class="set" id="207"/>
              <conceptNameType>FULLY_SPECIFIED</conceptNameType>
              <localePreferred>true</localePreferred>
            </org.openmrs.ConceptName>
          </names>
          <answers class="set" id="208"/>
          <conceptSets class="set" id="209"/>
          <descriptions class="set" id="210">
            <org.openmrs.ConceptDescription id="211" uuid="9a6cac68-1896-43ca-b5f1-f01d7f8a0070">
              <conceptDescriptionId>16470</conceptDescriptionId>
              <concept reference="196"/>
              <description>Patient was not available at home</description>
              <locale id="212">en</locale>
              <creator/>
              <dateCreated id="213">2022-07-06 09:09:31</dateCreated>
            </org.openmrs.ConceptDescription>
          </descriptions>
          <conceptMappings class="set" id="214"/>
          <attributes id="215"/>
        </answerConcept>
        <creator/>
        <dateCreated id="216">2022-07-06 09:12:04</dateCreated>
        <sortWeight>3.0</sortWeight>
      </org.openmrs.ConceptAnswer>
    </answers>
    <conceptSets class="set" id="217"/>
    <descriptions class="set" id="218">
      <org.openmrs.ConceptDescription id="219" uuid="d507cc2c-2a09-4fdd-b58c-a208df06db7a">
        <conceptDescriptionId>16475</conceptDescriptionId>
        <concept reference="114"/>
        <description>Adherence</description>
        <locale id="220">en</locale>
        <creator/>
        <dateCreated id="221">2022-07-06 09:12:04</dateCreated>
      </org.openmrs.ConceptDescription>
    </descriptions>
    <conceptMappings class="set" id="222"/>
    <attributes id="223"/>
  </org.openmrs.Concept>
  <org.openmrs.Concept id="224" uuid="b2f5be6e-47af-4dda-991b-383084126c61">
    <conceptId>55113</conceptId>
    <retired>false</retired>
    <datatype reference="3"/>
    <conceptClass reference="5"/>
    <set>false</set>
    <creator/>
    <dateCreated id="225">2022-07-06 09:39:40</dateCreated>
    <changedBy/>
    <dateChanged id="226">2022-07-06 09:39:40</dateChanged>
    <names class="set" id="227">
      <org.openmrs.ConceptName id="228" uuid="eca66e5f-a302-4271-b153-7a3f664a9702">
        <conceptNameId>132734</conceptNameId>
        <concept reference="224"/>
        <name>Visit Other</name>
        <locale id="229">en</locale>
        <creator/>
        <dateCreated id="230">2022-07-06 09:39:40</dateCreated>
        <voided>false</voided>
        <tags class="set" id="231"/>
        <conceptNameType>FULLY_SPECIFIED</conceptNameType>
        <localePreferred>true</localePreferred>
      </org.openmrs.ConceptName>
      <org.openmrs.ConceptName id="232" uuid="d9de59da-4beb-4858-904d-3e99871dffa5">
        <conceptNameId>132735</conceptNameId>
        <concept reference="224"/>
        <name>Other</name>
        <locale id="233">en</locale>
        <creator/>
        <dateCreated id="234">2022-07-06 09:39:40</dateCreated>
        <voided>false</voided>
        <tags class="set" id="235"/>
        <conceptNameType>SHORT</conceptNameType>
        <localePreferred>false</localePreferred>
      </org.openmrs.ConceptName>
    </names>
    <answers class="set" id="236">
      <org.openmrs.ConceptAnswer id="237" uuid="c0075869-8b5c-45e8-92ef-a106f68db1fd">
        <conceptAnswerId>7025</conceptAnswerId>
        <concept reference="224"/>
        <answerConcept id="238" resolves-to="org.openmrs.Concept" uuid="5622AAAAAAAAAAAAAAAAAAAAAAAAAAAAAAAA">
          <conceptId>53304</conceptId>
          <retired>false</retired>
          <datatype id="239" resolves-to="org.openmrs.ConceptDatatype" uuid="8d4a4c94-c2cc-11de-8d13-0010c6dffd0f">
            <name>N/A</name>
            <description>Not associated with a datatype (e.g., term answers, sets)</description>
            <creator/>
            <dateCreated id="240">2004-02-02 00:00:00</dateCreated>
            <retired>false</retired>
            <conceptDatatypeId>4</conceptDatatypeId>
            <hl7Abbreviation>ZZ</hl7Abbreviation>
          </datatype>
          <conceptClass id="241" resolves-to="org.openmrs.ConceptClass" uuid="8d492774-c2cc-11de-8d13-0010c6dffd0f">
            <name>Misc</name>
            <description>Terms which don&apos;t fit other categories</description>
            <creator/>
            <dateCreated id="242">2004-03-02 00:00:00</dateCreated>
            <retired>false</retired>
            <conceptClassId>11</conceptClassId>
          </conceptClass>
          <set>false</set>
          <creator/>
          <dateCreated id="243">2022-07-01 07:35:22</dateCreated>
          <changedBy/>
          <dateChanged id="244">2022-07-01 07:35:22</dateChanged>
          <names class="set" id="245">
            <org.openmrs.ConceptName id="246" uuid="135577BBBBBBBBBBBBBBBBBBBBBBBBBBBBBB">
              <conceptNameId>128122</conceptNameId>
              <concept reference="238"/>
              <name>Lòt ki pa-kode</name>
              <locale id="247">ht</locale>
              <creator/>
              <dateCreated id="248">2022-07-01 07:35:22</dateCreated>
              <voided>false</voided>
              <tags class="set" id="249"/>
              <localePreferred>false</localePreferred>
            </org.openmrs.ConceptName>
            <org.openmrs.ConceptName id="250" uuid="142798BBBBBBBBBBBBBBBBBBBBBBBBBBBBBB">
              <conceptNameId>128124</conceptNameId>
              <concept reference="238"/>
              <name>Autre et non codé</name>
              <locale id="251">fr</locale>
              <creator/>
              <dateCreated id="252">2022-07-01 07:35:22</dateCreated>
              <voided>false</voided>
              <tags class="set" id="253"/>
              <localePreferred>false</localePreferred>
            </org.openmrs.ConceptName>
            <org.openmrs.ConceptName id="254" uuid="126207BBBBBBBBBBBBBBBBBBBBBBBBBBBBBB">
              <conceptNameId>128125</conceptNameId>
              <concept reference="238"/>
              <name>Other</name>
              <locale id="255">en</locale>
              <creator/>
              <dateCreated id="256">2022-07-01 07:35:22</dateCreated>
              <voided>false</voided>
              <tags class="set" id="257"/>
              <localePreferred>true</localePreferred>
            </org.openmrs.ConceptName>
            <org.openmrs.ConceptName id="258" uuid="105802BBBBBBBBBBBBBBBBBBBBBBBBBBBBBB">
              <conceptNameId>128126</conceptNameId>
              <concept reference="238"/>
              <name>Autre</name>
              <locale id="259">fr</locale>
              <creator/>
              <dateCreated id="260">2022-07-01 07:35:22</dateCreated>
              <voided>false</voided>
              <tags class="set" id="261"/>
              <localePreferred>true</localePreferred>
            </org.openmrs.ConceptName>
            <org.openmrs.ConceptName id="262" uuid="134542BBBBBBBBBBBBBBBBBBBBBBBBBBBBBB">
              <conceptNameId>128127</conceptNameId>
              <concept reference="238"/>
              <name>LÒT SAN-KÒD</name>
              <locale id="263">ht</locale>
              <creator/>
              <dateCreated id="264">2022-07-01 07:35:22</dateCreated>
              <voided>false</voided>
              <tags class="set" id="265"/>
              <localePreferred>false</localePreferred>
            </org.openmrs.ConceptName>
            <org.openmrs.ConceptName id="266" uuid="2761BBBBBBBBBBBBBBBBBBBBBBBBBBBBBBBB">
              <conceptNameId>128128</conceptNameId>
              <concept reference="238"/>
              <name>Other non-coded</name>
              <locale id="267">en</locale>
              <creator/>
              <dateCreated id="268">2022-07-01 07:35:22</dateCreated>
              <voided>false</voided>
              <tags class="set" id="269"/>
              <conceptNameType>FULLY_SPECIFIED</conceptNameType>
              <localePreferred>false</localePreferred>
            </org.openmrs.ConceptName>
            <org.openmrs.ConceptName id="270" uuid="110113BBBBBBBBBBBBBBBBBBBBBBBBBBBBBB">
              <conceptNameId>128129</conceptNameId>
              <concept reference="238"/>
              <name>Nyinginezo</name>
              <locale id="271">sw</locale>
              <creator/>
              <dateCreated id="272">2022-07-01 07:35:22</dateCreated>
              <voided>false</voided>
              <tags class="set" id="273"/>
              <localePreferred>true</localePreferred>
            </org.openmrs.ConceptName>
            <org.openmrs.ConceptName id="274" uuid="134541BBBBBBBBBBBBBBBBBBBBBBBBBBBBBB">
              <conceptNameId>128130</conceptNameId>
              <concept reference="238"/>
              <name>Lòt</name>
              <locale id="275">ht</locale>
              <creator/>
              <dateCreated id="276">2022-07-01 07:35:22</dateCreated>
              <voided>false</voided>
              <tags class="set" id="277"/>
              <localePreferred>true</localePreferred>
            </org.openmrs.ConceptName>
            <org.openmrs.ConceptName id="278" uuid="110860BBBBBBBBBBBBBBBBBBBBBBBBBBBBBB">
              <conceptNameId>128131</conceptNameId>
              <concept reference="238"/>
              <name>Otro no codificado</name>
              <locale id="279">es</locale>
              <creator/>
              <dateCreated id="280">2022-07-01 07:35:22</dateCreated>
              <voided>false</voided>
              <tags class="set" id="281"/>
              <localePreferred>true</localePreferred>
            </org.openmrs.ConceptName>
          </names>
          <answers class="set" id="282"/>
          <conceptSets class="set" id="283"/>
          <descriptions class="set" id="284">
            <org.openmrs.ConceptDescription id="285" uuid="2253FFFFFFFFFFFFFFFFFFFFFFFFFFFFFFFF">
              <conceptDescriptionId>14771</conceptDescriptionId>
              <concept reference="238"/>
              <description>A generic, descriptive answer which is a handwritten, non-coded response to a question.</description>
              <locale id="286">en</locale>
              <creator/>
              <dateCreated id="287">2022-07-01 07:35:22</dateCreated>
            </org.openmrs.ConceptDescription>
          </descriptions>
          <conceptMappings class="set" id="288">
            <org.openmrs.ConceptMap id="289" uuid="144395ABBBBBBBBBBBBBBBBBBBBBBBBBBBBB">
              <conceptMapType id="290" resolves-to="org.openmrs.ConceptMapType" uuid="35543629-7d8c-11e1-909d-c80aa9edcf4e">
                <name>SAME-AS</name>
                <creator/>
                <dateCreated id="291">2018-10-12 00:00:00</dateCreated>
                <changedBy/>
                <dateChanged id="292">2022-07-06 08:17:20</dateChanged>
                <retired>false</retired>
                <conceptMapTypeId>1</conceptMapTypeId>
                <isHidden>false</isHidden>
              </conceptMapType>
              <creator/>
              <dateCreated id="293">2022-07-01 07:49:19</dateCreated>
              <conceptMapId>212674</conceptMapId>
              <concept reference="238"/>
              <conceptReferenceTerm id="294" resolves-to="org.openmrs.ConceptReferenceTerm" uuid="c3a51e29-438c-48b4-9d2d-025d69423d03">
                <creator/>
                <dateCreated id="295">2022-07-01 07:49:19</dateCreated>
                <changedBy/>
                <dateChanged id="296">2022-07-01 07:49:19</dateChanged>
                <retired>true</retired>
                <retireReason>OCL subscription</retireReason>
                <conceptReferenceTermId>164956</conceptReferenceTermId>
                <conceptSource id="297" resolves-to="org.openmrs.ConceptSource" uuid="e36d4d0c-3e8a-5540-b662-b8784d4098f7">
                  <name>PIH-Malawi</name>
                  <description>Imported from /orgs/CIEL/sources/CIEL/mappings/308015/</description>
                  <creator/>
                  <dateCreated id="298">2022-07-01 07:36:26</dateCreated>
                  <retired>false</retired>
                  <conceptSourceId>34</conceptSourceId>
                </conceptSource>
                <code>6408</code>
                <conceptReferenceTermMaps id="299"/>
              </conceptReferenceTerm>
            </org.openmrs.ConceptMap>
            <org.openmrs.ConceptMap id="300" uuid="137878ABBBBBBBBBBBBBBBBBBBBBBBBBBBBB">
              <conceptMapType reference="290"/>
              <creator/>
              <dateCreated id="301">2022-07-01 07:47:27</dateCreated>
              <conceptMapId>173799</conceptMapId>
              <concept reference="238"/>
              <conceptReferenceTerm id="302" resolves-to="org.openmrs.ConceptReferenceTerm" uuid="d44f1c68-79bd-4ba7-8d77-5e67451de35b">
                <creator/>
                <dateCreated id="303">2022-07-01 07:47:27</dateCreated>
                <retired>false</retired>
                <conceptReferenceTermId>155048</conceptReferenceTermId>
                <conceptSource id="304" resolves-to="org.openmrs.ConceptSource" uuid="7ffb76d5-ff2b-527d-a585-cf2106882c3b">
                  <name>org.openmrs.module.mdrtb</name>
                  <description>Imported from /orgs/CIEL/sources/CIEL/mappings/317335/</description>
                  <creator/>
                  <dateCreated id="305">2022-07-01 07:36:35</dateCreated>
                  <retired>false</retired>
                  <conceptSourceId>36</conceptSourceId>
                </conceptSource>
                <code>OTHER</code>
                <conceptReferenceTermMaps id="306"/>
              </conceptReferenceTerm>
            </org.openmrs.ConceptMap>
            <org.openmrs.ConceptMap id="307" uuid="77ae1072-f97e-3c41-ad82-8746ad6f9c26">
              <conceptMapType reference="290"/>
              <creator/>
              <dateCreated id="308">2022-07-01 07:47:27</dateCreated>
              <conceptMapId>173846</conceptMapId>
              <concept reference="238"/>
              <conceptReferenceTerm id="309" resolves-to="org.openmrs.ConceptReferenceTerm" uuid="cbbfecc1-bb90-4d27-83b2-e39db9ab5a03">
                <creator/>
                <dateCreated id="310">2022-07-01 07:47:27</dateCreated>
                <retired>false</retired>
                <conceptReferenceTermId>155089</conceptReferenceTermId>
                <conceptSource id="311" resolves-to="org.openmrs.ConceptSource" uuid="de7432c3-52d7-5f84-aff4-dbaaf9cfc49d">
                  <name>CIEL</name>
                  <description>Columbia International eHealth Laboratory concept ID</description>
                  <creator/>
                  <dateCreated id="312">2013-07-03 15:55:03</dateCreated>
                  <changedBy/>
                  <dateChanged id="313">2022-07-06 08:17:20</dateChanged>
                  <retired>false</retired>
                  <conceptSourceId>2</conceptSourceId>
                </conceptSource>
                <code>5622</code>
                <conceptReferenceTermMaps id="314"/>
              </conceptReferenceTerm>
            </org.openmrs.ConceptMap>
            <org.openmrs.ConceptMap id="315" uuid="141670ABBBBBBBBBBBBBBBBBBBBBBBBBBBBB">
              <conceptMapType reference="290"/>
              <creator/>
              <dateCreated id="316">2022-07-01 07:47:27</dateCreated>
              <conceptMapId>173868</conceptMapId>
              <concept reference="238"/>
              <conceptReferenceTerm id="317" resolves-to="org.openmrs.ConceptReferenceTerm" uuid="97225d37-37d8-43b8-a49e-902d66d097a7">
                <creator/>
                <dateCreated id="318">2022-07-01 07:47:27</dateCreated>
                <retired>false</retired>
                <conceptReferenceTermId>155107</conceptReferenceTermId>
                <conceptSource id="319" resolves-to="org.openmrs.ConceptSource" uuid="7f4822bf-567e-51fa-86e4-9345d522c923">
                  <name>SNOMED-MVP</name>
                  <description>Imported from /orgs/CIEL/sources/CIEL/mappings/307490/</description>
                  <creator/>
                  <dateCreated id="320">2022-07-01 07:36:37</dateCreated>
                  <retired>false</retired>
                  <conceptSourceId>37</conceptSourceId>
                </conceptSource>
                <code>56221000105001</code>
                <conceptReferenceTermMaps id="321"/>
              </conceptReferenceTerm>
            </org.openmrs.ConceptMap>
            <org.openmrs.ConceptMap id="322" uuid="143666ABBBBBBBBBBBBBBBBBBBBBBBBBBBBB">
              <conceptMapType reference="290"/>
              <creator/>
              <dateCreated id="323">2022-07-01 07:47:27</dateCreated>
              <conceptMapId>173770</conceptMapId>
              <concept reference="238"/>
              <conceptReferenceTerm id="324" resolves-to="org.openmrs.ConceptReferenceTerm" uuid="894972dc-7c80-48d6-b86c-ef53e93d9eff">
                <creator/>
                <dateCreated id="325">2022-07-01 07:47:22</dateCreated>
                <retired>false</retired>
                <conceptReferenceTermId>154027</conceptReferenceTermId>
                <conceptSource id="326" resolves-to="org.openmrs.ConceptSource" uuid="71713b98-4ee1-5e46-ae0b-45bc4b3875ea">
                  <name>PIH</name>
                  <description>Imported from /orgs/CIEL/sources/CIEL/mappings/630775/</description>
                  <creator/>
                  <dateCreated id="327">2022-07-01 07:35:28</dateCreated>
                  <retired>false</retired>
                  <conceptSourceId>15</conceptSourceId>
                </conceptSource>
                <code>5622</code>
                <conceptReferenceTermMaps id="328"/>
              </conceptReferenceTerm>
            </org.openmrs.ConceptMap>
            <org.openmrs.ConceptMap id="329" uuid="135771ABBBBBBBBBBBBBBBBBBBBBBBBBBBBB">
              <conceptMapType reference="290"/>
              <creator/>
              <dateCreated id="330">2022-07-01 07:47:27</dateCreated>
              <conceptMapId>173836</conceptMapId>
              <concept reference="238"/>
              <conceptReferenceTerm id="331" resolves-to="org.openmrs.ConceptReferenceTerm" uuid="ee5873f8-5dc6-4b70-9024-d4a04c1985a1">
                <creator/>
                <dateCreated id="332">2022-07-01 07:47:27</dateCreated>
                <retired>false</retired>
                <conceptReferenceTermId>155081</conceptReferenceTermId>
                <conceptSource id="333" resolves-to="org.openmrs.ConceptSource" uuid="7ea90041-b784-5b8a-b26a-152ea4a3af8f">
                  <name>AMPATH</name>
                  <description>Imported from /orgs/CIEL/sources/CIEL/mappings/325652/</description>
                  <creator/>
                  <dateCreated id="334">2022-07-01 07:36:14</dateCreated>
                  <retired>false</retired>
                  <conceptSourceId>31</conceptSourceId>
                </conceptSource>
                <code>5622</code>
                <conceptReferenceTermMaps id="335"/>
              </conceptReferenceTerm>
            </org.openmrs.ConceptMap>
            <org.openmrs.ConceptMap id="336" uuid="137766ABBBBBBBBBBBBBBBBBBBBBBBBBBBBB">
              <conceptMapType id="337" resolves-to="org.openmrs.ConceptMapType" uuid="43ac5109-7d8c-11e1-909d-c80aa9edcf4e">
                <name>NARROWER-THAN</name>
                <creator/>
                <dateCreated id="338">2018-10-12 00:00:00</dateCreated>
                <changedBy/>
                <dateChanged id="339">2022-07-06 08:17:20</dateChanged>
                <retired>false</retired>
                <conceptMapTypeId>2</conceptMapTypeId>
                <isHidden>false</isHidden>
              </conceptMapType>
              <creator/>
              <dateCreated id="340">2022-07-01 07:47:27</dateCreated>
              <conceptMapId>173900</conceptMapId>
              <concept reference="238"/>
              <conceptReferenceTerm id="341" resolves-to="org.openmrs.ConceptReferenceTerm" uuid="e9612ed2-8d0d-4e69-bd79-cd2c71d6cd82">
                <creator/>
                <dateCreated id="342">2022-07-01 07:47:27</dateCreated>
                <retired>false</retired>
                <conceptReferenceTermId>155136</conceptReferenceTermId>
                <conceptSource id="343" resolves-to="org.openmrs.ConceptSource" uuid="171a5df4-acac-5e9b-b59b-50ecc9460a4a">
                  <name>SNOMED-CT</name>
                  <description>Imported from https://api.openconceptlab.org/orgs/CIEL/sources/CIEL/mappings/1000667/</description>
                  <creator/>
                  <dateCreated id="344">2022-01-03 16:36:31</dateCreated>
                  <changedBy/>
                  <dateChanged id="345">2022-07-06 08:17:20</dateChanged>
                  <retired>false</retired>
                  <conceptSourceId>4</conceptSourceId>
                </conceptSource>
                <code>74964007</code>
                <conceptReferenceTermMaps id="346"/>
              </conceptReferenceTerm>
            </org.openmrs.ConceptMap>
          </conceptMappings>
          <attributes id="347"/>
        </answerConcept>
        <creator/>
        <dateCreated id="348">2022-07-06 09:39:40</dateCreated>
        <sortWeight>3.0</sortWeight>
      </org.openmrs.ConceptAnswer>
      <org.openmrs.ConceptAnswer id="349" uuid="03baa1ae-21a6-4e2a-a16a-128a48b0440b">
        <conceptAnswerId>7026</conceptAnswerId>
        <concept reference="224"/>
        <answerConcept id="350" resolves-to="org.openmrs.Concept" uuid="f194ee80-35e3-4daf-afbc-0c6465ef2434">
          <conceptId>55112</conceptId>
          <retired>false</retired>
          <datatype reference="3"/>
          <conceptClass reference="17"/>
          <set>false</set>
          <creator/>
          <dateCreated id="351">2022-07-06 09:12:40</dateCreated>
          <changedBy/>
          <dateChanged id="352">2022-07-06 09:12:40</dateChanged>
          <names class="set" id="353">
            <org.openmrs.ConceptName id="354" uuid="32f5e37c-f1c2-436b-b0a9-2498860de1a9">
              <conceptNameId>132733</conceptNameId>
              <concept reference="350"/>
              <name>Incorrect contact number</name>
              <locale id="355">en</locale>
              <creator/>
              <dateCreated id="356">2022-07-06 09:12:40</dateCreated>
              <voided>false</voided>
              <tags class="set" id="357"/>
              <conceptNameType>FULLY_SPECIFIED</conceptNameType>
              <localePreferred>true</localePreferred>
            </org.openmrs.ConceptName>
          </names>
          <answers class="set" id="358"/>
          <conceptSets class="set" id="359"/>
          <descriptions class="set" id="360">
            <org.openmrs.ConceptDescription id="361" uuid="9868d569-11c8-4861-902c-39b507e28b2a">
              <conceptDescriptionId>16477</conceptDescriptionId>
              <concept reference="350"/>
              <description>Incorrect contact number</description>
              <locale id="362">en</locale>
              <creator/>
              <dateCreated id="363">2022-07-06 09:12:40</dateCreated>
            </org.openmrs.ConceptDescription>
          </descriptions>
          <conceptMappings class="set" id="364"/>
          <attributes id="365"/>
        </answerConcept>
        <creator/>
        <dateCreated id="366">2022-07-06 09:39:40</dateCreated>
        <sortWeight>1.0</sortWeight>
      </org.openmrs.ConceptAnswer>
      <org.openmrs.ConceptAnswer id="367" uuid="fcc2b9a3-d899-4a60-a847-4a0f10dbc913">
        <conceptAnswerId>7027</conceptAnswerId>
        <concept reference="224"/>
        <answerConcept id="368" resolves-to="org.openmrs.Concept" uuid="b91a5c1e-874c-433b-86ce-3cdb580977ec">
          <conceptId>55111</conceptId>
          <retired>false</retired>
          <datatype reference="3"/>
          <conceptClass reference="17"/>
          <set>false</set>
          <creator/>
          <dateCreated id="369">2022-07-06 09:12:19</dateCreated>
          <changedBy/>
          <dateChanged id="370">2022-07-06 09:12:19</dateChanged>
          <names class="set" id="371">
            <org.openmrs.ConceptName id="372" uuid="0d45a370-574d-419a-8012-b217b2f68e91">
              <conceptNameId>132732</conceptNameId>
              <concept reference="368"/>
              <name>Patient&apos;s number not reachable/switched off</name>
              <locale id="373">en</locale>
              <creator/>
              <dateCreated id="374">2022-07-06 09:12:19</dateCreated>
              <voided>false</voided>
              <tags class="set" id="375"/>
              <conceptNameType>FULLY_SPECIFIED</conceptNameType>
              <localePreferred>true</localePreferred>
            </org.openmrs.ConceptName>
          </names>
          <answers class="set" id="376"/>
          <conceptSets class="set" id="377"/>
          <descriptions class="set" id="378">
            <org.openmrs.ConceptDescription id="379" uuid="d32721a6-0229-483c-9c21-e8da138c6c25">
              <conceptDescriptionId>16476</conceptDescriptionId>
              <concept reference="368"/>
              <description>Patient&apos;s number not reachable/switched off</description>
              <locale id="380">en</locale>
              <creator/>
              <dateCreated id="381">2022-07-06 09:12:19</dateCreated>
            </org.openmrs.ConceptDescription>
          </descriptions>
          <conceptMappings class="set" id="382"/>
          <attributes id="383"/>
        </answerConcept>
        <creator/>
        <dateCreated id="384">2022-07-06 09:39:40</dateCreated>
        <sortWeight>2.0</sortWeight>
      </org.openmrs.ConceptAnswer>
    </answers>
    <conceptSets class="set" id="385"/>
    <descriptions class="set" id="386">
      <org.openmrs.ConceptDescription id="387" uuid="47ae5e28-7271-49de-bd86-990ec8e87df5">
        <conceptDescriptionId>16478</conceptDescriptionId>
        <concept reference="224"/>
        <description>Visit Other</description>
        <locale id="388">en</locale>
        <creator/>
        <dateCreated id="389">2022-07-06 09:39:40</dateCreated>
      </org.openmrs.ConceptDescription>
    </descriptions>
    <conceptMappings class="set" id="390"/>
    <attributes id="391"/>
  </org.openmrs.Concept>
  <org.openmrs.Concept id="392" uuid="ac76a287-04d3-49be-ab26-272f49bba6d3">
    <conceptId>55114</conceptId>
    <retired>false</retired>
    <datatype reference="3"/>
    <conceptClass reference="17"/>
    <set>false</set>
    <creator/>
    <dateCreated id="393">2022-07-06 09:43:26</dateCreated>
    <changedBy/>
    <dateChanged id="394">2022-07-06 09:43:26</dateChanged>
    <names class="set" id="395">
      <org.openmrs.ConceptName id="396" uuid="b4911108-276f-4c54-a947-6bb1639dd64a">
        <conceptNameId>132736</conceptNameId>
        <concept reference="392"/>
        <name>Scheduled call in the coming weeks</name>
        <locale id="397">en</locale>
        <creator/>
        <dateCreated id="398">2022-07-06 09:43:26</dateCreated>
        <voided>false</voided>
        <tags class="set" id="399"/>
        <conceptNameType>FULLY_SPECIFIED</conceptNameType>
        <localePreferred>true</localePreferred>
      </org.openmrs.ConceptName>
    </names>
    <answers class="set" id="400"/>
    <conceptSets class="set" id="401"/>
    <descriptions class="set" id="402">
      <org.openmrs.ConceptDescription id="403" uuid="9b068dc1-af33-4642-94fa-cfb456cda638">
        <conceptDescriptionId>16479</conceptDescriptionId>
        <concept reference="392"/>
        <description>Scheduled call in the coming weeks</description>
        <locale id="404">en</locale>
        <creator/>
        <dateCreated id="405">2022-07-06 09:43:26</dateCreated>
      </org.openmrs.ConceptDescription>
    </descriptions>
    <conceptMappings class="set" id="406"/>
    <attributes id="407"/>
  </org.openmrs.Concept>
  <org.openmrs.Concept reference="54"/>
  <org.openmrs.Concept reference="90"/>
  <org.openmrs.Concept reference="16"/>
  <org.openmrs.Concept reference="72"/>
  <org.openmrs.Concept reference="124"/>
  <org.openmrs.Concept reference="368"/>
  <org.openmrs.Concept id="408" uuid="06d5d483-ed76-4238-8784-783c1860a613">
    <conceptId>55118</conceptId>
    <retired>false</retired>
    <datatype reference="3"/>
    <conceptClass reference="5"/>
    <set>false</set>
    <creator/>
    <dateCreated id="409">2022-07-06 09:48:13</dateCreated>
    <changedBy/>
    <dateChanged id="410">2022-07-06 09:48:13</dateChanged>
    <names class="set" id="411">
      <org.openmrs.ConceptName id="412" uuid="968884af-352a-4688-886f-ba47e7c0f2b0">
        <conceptNameId>132740</conceptNameId>
        <concept reference="408"/>
        <name>Next Steps</name>
        <locale id="413">en</locale>
        <creator/>
        <dateCreated id="414">2022-07-06 09:48:13</dateCreated>
        <voided>false</voided>
        <tags class="set" id="415"/>
        <conceptNameType>FULLY_SPECIFIED</conceptNameType>
        <localePreferred>true</localePreferred>
      </org.openmrs.ConceptName>
    </names>
    <answers class="set" id="416">
      <org.openmrs.ConceptAnswer id="417" uuid="b7356886-93c8-41e7-8fc3-c90c5a97e7cf">
        <conceptAnswerId>7028</conceptAnswerId>
        <concept reference="408"/>
        <answerConcept id="418" resolves-to="org.openmrs.Concept" uuid="bc3c1970-38f0-4dc3-8dba-36a1640016e5">
          <conceptId>55117</conceptId>
          <retired>false</retired>
          <datatype reference="3"/>
          <conceptClass reference="17"/>
          <set>false</set>
          <creator/>
          <dateCreated id="419">2022-07-06 09:47:23</dateCreated>
          <changedBy/>
          <dateChanged id="420">2022-07-06 09:47:23</dateChanged>
          <names class="set" id="421">
            <org.openmrs.ConceptName id="422" uuid="c073ac40-27f1-451d-8202-0dbc16e79185">
              <conceptNameId>132739</conceptNameId>
              <concept reference="418"/>
              <name>Additional calls/home visits are required</name>
              <locale id="423">en</locale>
              <creator/>
              <dateCreated id="424">2022-07-06 09:47:23</dateCreated>
              <voided>false</voided>
              <tags class="set" id="425"/>
              <conceptNameType>FULLY_SPECIFIED</conceptNameType>
              <localePreferred>true</localePreferred>
            </org.openmrs.ConceptName>
          </names>
          <answers class="set" id="426"/>
          <conceptSets class="set" id="427"/>
          <descriptions class="set" id="428">
            <org.openmrs.ConceptDescription id="429" uuid="f2ba8b5a-c3cc-4981-84ea-bd2917786651">
              <conceptDescriptionId>16482</conceptDescriptionId>
              <concept reference="418"/>
              <description>Additional calls/home visits are required</description>
              <locale id="430">en</locale>
              <creator/>
              <dateCreated id="431">2022-07-06 09:47:23</dateCreated>
            </org.openmrs.ConceptDescription>
          </descriptions>
          <conceptMappings class="set" id="432"/>
          <attributes id="433"/>
        </answerConcept>
        <creator/>
        <dateCreated id="434">2022-07-06 09:48:13</dateCreated>
        <sortWeight>3.0</sortWeight>
      </org.openmrs.ConceptAnswer>
      <org.openmrs.ConceptAnswer id="435" uuid="d6f693af-b0cc-4987-ac47-d452373d18f4">
        <conceptAnswerId>7029</conceptAnswerId>
        <concept reference="408"/>
        <answerConcept id="436" resolves-to="org.openmrs.Concept" uuid="171c838b-7cc4-40ab-a7d9-b89af9bcef80">
          <conceptId>55115</conceptId>
          <retired>false</retired>
          <datatype reference="3"/>
          <conceptClass reference="17"/>
          <set>false</set>
          <creator/>
          <dateCreated id="437">2022-07-06 09:43:37</dateCreated>
          <changedBy/>
          <dateChanged id="438">2022-07-06 09:43:37</dateChanged>
          <names class="set" id="439">
            <org.openmrs.ConceptName id="440" uuid="2746a6c5-7ffe-4665-a20e-eab99f348914">
              <conceptNameId>132737</conceptNameId>
              <concept reference="436"/>
              <name>Scheduled home visit in the coming weeks</name>
              <locale id="441">en</locale>
              <creator/>
              <dateCreated id="442">2022-07-06 09:43:37</dateCreated>
              <voided>false</voided>
              <tags class="set" id="443"/>
              <conceptNameType>FULLY_SPECIFIED</conceptNameType>
              <localePreferred>true</localePreferred>
            </org.openmrs.ConceptName>
          </names>
          <answers class="set" id="444"/>
          <conceptSets class="set" id="445"/>
          <descriptions class="set" id="446">
            <org.openmrs.ConceptDescription id="447" uuid="f9753ae8-25e0-4d91-a16c-3269b848e563">
              <conceptDescriptionId>16480</conceptDescriptionId>
              <concept reference="436"/>
              <description>Scheduled home visit in the coming weeks</description>
              <locale id="448">en</locale>
              <creator/>
              <dateCreated id="449">2022-07-06 09:43:37</dateCreated>
            </org.openmrs.ConceptDescription>
          </descriptions>
          <conceptMappings class="set" id="450"/>
          <attributes id="451"/>
        </answerConcept>
        <creator/>
        <dateCreated id="452">2022-07-06 09:48:13</dateCreated>
        <sortWeight>1.0</sortWeight>
      </org.openmrs.ConceptAnswer>
      <org.openmrs.ConceptAnswer id="453" uuid="078a10bb-2cb4-462e-ab9e-e9250733a0d4">
        <conceptAnswerId>7030</conceptAnswerId>
        <concept reference="408"/>
        <answerConcept id="454" resolves-to="org.openmrs.Concept" uuid="4e93fcc8-c18f-48c2-8c58-b4b9de9d0d4d">
          <conceptId>55116</conceptId>
          <retired>false</retired>
          <datatype reference="239"/>
          <conceptClass reference="17"/>
          <set>false</set>
          <creator/>
          <dateCreated id="455">2022-07-06 09:47:07</dateCreated>
          <changedBy/>
          <dateChanged id="456">2022-07-06 09:47:07</dateChanged>
          <names class="set" id="457">
            <org.openmrs.ConceptName id="458" uuid="c129142c-ef7b-45be-b592-cb42c6955aa5">
              <conceptNameId>132738</conceptNameId>
              <concept reference="454"/>
              <name>Other remarks</name>
              <locale id="459">en</locale>
              <creator/>
              <dateCreated id="460">2022-07-06 09:47:07</dateCreated>
              <voided>false</voided>
              <tags class="set" id="461"/>
              <conceptNameType>FULLY_SPECIFIED</conceptNameType>
              <localePreferred>true</localePreferred>
            </org.openmrs.ConceptName>
          </names>
          <answers class="set" id="462"/>
          <conceptSets class="set" id="463"/>
          <descriptions class="set" id="464">
            <org.openmrs.ConceptDescription id="465" uuid="858d81cc-226a-4581-90ff-d14ab1ec7349">
              <conceptDescriptionId>16481</conceptDescriptionId>
              <concept reference="454"/>
              <description>A generic, descriptive answer which is a handwritten, non-coded remarks.</description>
              <locale id="466">en</locale>
              <creator/>
              <dateCreated id="467">2022-07-06 09:47:07</dateCreated>
            </org.openmrs.ConceptDescription>
          </descriptions>
          <conceptMappings class="set" id="468"/>
          <attributes id="469"/>
        </answerConcept>
        <creator/>
        <dateCreated id="470">2022-07-06 09:48:13</dateCreated>
        <sortWeight>4.0</sortWeight>
      </org.openmrs.ConceptAnswer>
      <org.openmrs.ConceptAnswer id="471" uuid="4588962e-ed46-4804-ade8-ebfd6bc27fa6">
        <conceptAnswerId>7031</conceptAnswerId>
        <concept reference="408"/>
        <answerConcept reference="392"/>
        <creator/>
        <dateCreated id="472">2022-07-06 09:48:13</dateCreated>
        <sortWeight>2.0</sortWeight>
      </org.openmrs.ConceptAnswer>
    </answers>
    <conceptSets class="set" id="473"/>
    <descriptions class="set" id="474">
      <org.openmrs.ConceptDescription id="475" uuid="8070d4a1-e481-484a-9f58-090dceaef49e">
        <conceptDescriptionId>16483</conceptDescriptionId>
        <concept reference="408"/>
        <description>Next Steps</description>
        <locale id="476">en</locale>
        <creator/>
        <dateCreated id="477">2022-07-06 09:48:13</dateCreated>
      </org.openmrs.ConceptDescription>
    </descriptions>
    <conceptMappings class="set" id="478"/>
    <attributes id="479"/>
  </org.openmrs.Concept>
  <org.openmrs.Concept reference="36"/>
  <org.openmrs.Concept reference="196"/>
  <org.openmrs.Concept reference="418"/>
  <org.openmrs.Concept reference="160"/>
  <org.openmrs.Concept reference="178"/>
  <org.openmrs.Concept reference="454"/>
  <org.openmrs.Concept reference="436"/>
  <org.openmrs.Concept reference="142"/>
  <org.openmrs.Concept reference="350"/>
  <org.openmrs.ConceptClass reference="17"/>
  <org.openmrs.ConceptClass reference="5"/>
</list>
