<?xml version="1.0" encoding="UTF-8"?>
<list id="1">
  <org.openmrs.module.visits.api.entity.VisitTime id="2" uuid="786f874f-15be-11ee-91ba-0242ac130002">
    <name>Afternoon</name>
    <creator/>
    <dateCreated id="3">2023-06-28 14:17:10</dateCreated>
    <retired>false</retired>
    <visitTimeId>2</visitTimeId>
  </org.openmrs.module.visits.api.entity.VisitTime>
  <org.openmrs.module.visits.api.entity.VisitTime id="4" uuid="786f85d8-15be-11ee-91ba-0242ac130002">
    <name>Morning</name>
    <creator/>
    <dateCreated id="5">2023-06-28 14:17:10</dateCreated>
    <retired>false</retired>
    <visitTimeId>1</visitTimeId>
  </org.openmrs.module.visits.api.entity.VisitTime>
  <org.openmrs.module.visits.api.entity.VisitTime id="6" uuid="786f87d2-15be-11ee-91ba-0242ac130002">
    <name>Evening</name>
    <creator/>
    <dateCreated id="7">2023-06-28 14:17:10</dateCreated>
    <retired>false</retired>
    <visitTimeId>3</visitTimeId>
  </org.openmrs.module.visits.api.entity.VisitTime>
</list>
