<?xml version="1.0" encoding="UTF-8"?>
<package id="1" uuid="b1b6ac42-5e02-484d-81ae-c061ad01e101">
  <dateCreated id="2">2022-07-06 19:30:12</dateCreated>
  <name>CfL_Forms_Concepts</name>
  <description>Concepts for CfL HIV forms</description>
  <openmrsVersion>2.3.6 SNAPSHOT Build b132fa</openmrsVersion>
  <version>1</version>
  <groupUuid>62616e50-a244-44ac-a13f-b3f9796e20f3</groupUuid>
  <modules id="3">
    <entry>
      <string>openconceptlab</string>
      <string>2.0.0-SNAPSHOT</string>
    </entry>
    <entry>
      <string>calculation</string>
      <string>1.2</string>
    </entry>
    <entry>
      <string>legacyui</string>
      <string>1.6.0</string>
    </entry>
    <entry>
      <string>appointmentscheduling</string>
      <string>1.12.0</string>
    </entry>
    <entry>
      <string>cfldefault</string>
      <string>1.0.0-SNAPSHOT</string>
    </entry>
    <entry>
      <string>appointmentschedulingui</string>
      <string>1.9.0</string>
    </entry>
    <entry>
      <string>htmlwidgets</string>
      <string>1.10.0</string>
    </entry>
    <entry>
      <string>dataexchange</string>
      <string>1.3.4</string>
    </entry>
    <entry>
      <string>addresshierarchy</string>
      <string>2.11.0</string>
    </entry>
    <entry>
      <string>reportingui</string>
      <string>1.6.0</string>
    </entry>
    <entry>
      <string>uicommons</string>
      <string>2.14.0-SNAPSHOT</string>
    </entry>
    <entry>
      <string>patientflags</string>
      <string>3.0.3-SNAPSHOT</string>
    </entry>
    <entry>
      <string>emrapi</string>
      <string>1.29.0-SNAPSHOT</string>
    </entry>
    <entry>
      <string>registrationapp</string>
      <string>1.20.0-SNAPSHOT</string>
    </entry>
    <entry>
      <string>idgen</string>
      <string>4.5.0</string>
    </entry>
    <entry>
      <string>htmlformentry</string>
      <string>4.0.0</string>
    </entry>
    <entry>
      <string>etllite</string>
      <string>1.1.7</string>
    </entry>
    <entry>
      <string>reportingcompatibility</string>
      <string>2.0.6</string>
    </entry>
    <entry>
      <string>vxnaidlicensemanagement</string>
      <string>1.1.3</string>
    </entry>
    <entry>
      <string>uilibrary</string>
      <string>2.0.6</string>
    </entry>
    <entry>
      <string>locationbasedaccess</string>
      <string>0.3.0-SNAPSHOT</string>
    </entry>
    <entry>
      <string>adminui</string>
      <string>1.3.0</string>
    </entry>
    <entry>
      <string>vxnaidbiometric</string>
      <string>1.2.6</string>
    </entry>
    <entry>
      <string>messages</string>
      <string>1.5.7</string>
    </entry>
    <entry>
      <string>metadatamapping</string>
      <string>1.3.4</string>
    </entry>
    <entry>
      <string>coreapps</string>
      <string>1.29.0</string>
    </entry>
    <entry>
      <string>cflcore</string>
      <string>1.9.1</string>
    </entry>
    <entry>
      <string>serialization.xstream</string>
      <string>0.2.14</string>
    </entry>
    <entry>
      <string>attachments</string>
      <string>2.4.0</string>
    </entry>
    <entry>
      <string>metadatadeploy</string>
      <string>1.11.0</string>
    </entry>
    <entry>
      <string>fhir</string>
      <string>1.20.0</string>
    </entry>
    <entry>
      <string>metadatasharing</string>
      <string>1.6.0</string>
    </entry>
    <entry>
      <string>allergyui</string>
      <string>1.8.3-SNAPSHOT</string>
    </entry>
    <entry>
      <string>formentryapp</string>
      <string>1.4.2</string>
    </entry>
    <entry>
      <string>providermanagement</string>
      <string>2.10.0</string>
    </entry>
    <entry>
      <string>visits</string>
      <string>1.3.5</string>
    </entry>
    <entry>
      <string>sms</string>
      <string>1.2.5</string>
    </entry>
    <entry>
      <string>reportingrest</string>
      <string>1.11.0</string>
    </entry>
    <entry>
      <string>uiframework</string>
      <string>3.19.0</string>
    </entry>
    <entry>
      <string>event</string>
      <string>2.9.0-SNAPSHOT</string>
    </entry>
    <entry>
      <string>reporting</string>
      <string>1.21.0-SNAPSHOT</string>
    </entry>
    <entry>
      <string>callflows</string>
      <string>1.1.8</string>
    </entry>
    <entry>
      <string>htmlformentryui</string>
      <string>2.0.0-SNAPSHOT</string>
    </entry>
    <entry>
      <string>cfl</string>
      <string>1.3.1</string>
    </entry>
    <entry>
      <string>appframework</string>
      <string>2.15.0-SNAPSHOT</string>
    </entry>
    <entry>
      <string>webservices.rest</string>
      <string>2.29.1-SNAPSHOT.ccf336</string>
    </entry>
    <entry>
      <string>registrationcore</string>
      <string>1.9.0</string>
    </entry>
    <entry>
      <string>owa</string>
      <string>1.10.0</string>
    </entry>
    <entry>
      <string>vxnaid</string>
      <string>1.0.2</string>
    </entry>
    <entry>
      <string>appui</string>
      <string>1.13.0-SNAPSHOT</string>
    </entry>
  </modules>
  <items class="linked-hash-set" id="4">
    <org.openmrs.module.metadatasharing.Item id="5" uuid="1d39e66a-efdb-490b-b2e0-186e4bc92a02">
      <id>55171</id>
      <classname>org.openmrs.Concept</classname>
      <dateChanged id="6">2022-07-06 19:15:03</dateChanged>
      <retired>false</retired>
    </org.openmrs.module.metadatasharing.Item>
    <org.openmrs.module.metadatasharing.Item id="7" uuid="1e768f24-3171-480c-b8d8-80a43d879237">
      <id>55187</id>
      <classname>org.openmrs.Concept</classname>
      <dateChanged id="8">2022-07-06 19:22:32</dateChanged>
      <retired>false</retired>
    </org.openmrs.module.metadatasharing.Item>
    <org.openmrs.module.metadatasharing.Item id="9" uuid="434dc525-6cb9-41ff-85bf-68978169fdfd">
      <id>55184</id>
      <classname>org.openmrs.Concept</classname>
      <dateChanged id="10">2022-07-06 19:21:33</dateChanged>
      <retired>false</retired>
    </org.openmrs.module.metadatasharing.Item>
    <org.openmrs.module.metadatasharing.Item id="11" uuid="aac7ee6c-8a1a-4add-b80a-820e546e9974">
      <id>55181</id>
      <classname>org.openmrs.Concept</classname>
      <dateChanged id="12">2022-07-06 19:20:09</dateChanged>
      <retired>false</retired>
    </org.openmrs.module.metadatasharing.Item>
    <org.openmrs.module.metadatasharing.Item id="13" uuid="6f78571e-3654-47a5-b8b6-1339c44372d1">
      <id>55185</id>
      <classname>org.openmrs.Concept</classname>
      <dateChanged id="14">2022-07-06 19:21:55</dateChanged>
      <retired>false</retired>
    </org.openmrs.module.metadatasharing.Item>
    <org.openmrs.module.metadatasharing.Item id="15" uuid="b4cc66e6-5897-4396-8b45-407ff5540a32">
      <id>55175</id>
      <classname>org.openmrs.Concept</classname>
      <dateChanged id="16">2022-07-06 19:17:29</dateChanged>
      <retired>false</retired>
    </org.openmrs.module.metadatasharing.Item>
    <org.openmrs.module.metadatasharing.Item id="17" uuid="a76bc481-b23b-4dc6-b236-867114549511">
      <id>55190</id>
      <classname>org.openmrs.Concept</classname>
      <dateChanged id="18">2022-07-06 19:26:29</dateChanged>
      <retired>false</retired>
    </org.openmrs.module.metadatasharing.Item>
    <org.openmrs.module.metadatasharing.Item id="19" uuid="73e0048e-fa08-4fa1-9f6a-befde3d2fd02">
      <id>55182</id>
      <classname>org.openmrs.Concept</classname>
      <dateChanged id="20">2022-07-06 19:20:38</dateChanged>
      <retired>false</retired>
    </org.openmrs.module.metadatasharing.Item>
    <org.openmrs.module.metadatasharing.Item id="21" uuid="659e4512-f5d0-411c-8439-8b7f795ee3cd">
      <id>55191</id>
      <classname>org.openmrs.Concept</classname>
      <dateChanged id="22">2022-07-06 19:28:35</dateChanged>
      <retired>false</retired>
    </org.openmrs.module.metadatasharing.Item>
    <org.openmrs.module.metadatasharing.Item id="23" uuid="edee74fb-ebfc-4d32-9987-887a22de5ddd">
      <id>55180</id>
      <classname>org.openmrs.Concept</classname>
      <dateChanged id="24">2022-07-06 19:19:45</dateChanged>
      <retired>false</retired>
    </org.openmrs.module.metadatasharing.Item>
    <org.openmrs.module.metadatasharing.Item id="25" uuid="cd4d5f32-f488-43e0-a6cd-55fff5fd6315">
      <id>55172</id>
      <classname>org.openmrs.Concept</classname>
      <dateChanged id="26">2022-07-06 19:15:30</dateChanged>
      <retired>false</retired>
    </org.openmrs.module.metadatasharing.Item>
    <org.openmrs.module.metadatasharing.Item id="27" uuid="160578AAAAAAAAAAAAAAAAAAAAAAAAAAAAAA">
      <id>6418</id>
      <classname>org.openmrs.Concept</classname>
      <dateChanged id="28">2022-07-01 07:33:59</dateChanged>
      <retired>false</retired>
    </org.openmrs.module.metadatasharing.Item>
    <org.openmrs.module.metadatasharing.Item id="29" uuid="dceffe8e-f1bb-486e-8619-26a243778648">
      <id>55186</id>
      <classname>org.openmrs.Concept</classname>
      <dateChanged id="30">2022-07-06 19:22:12</dateChanged>
      <retired>false</retired>
    </org.openmrs.module.metadatasharing.Item>
    <org.openmrs.module.metadatasharing.Item id="31" uuid="82d12932-f938-4001-aecd-286ef7ac6a95">
      <id>55173</id>
      <classname>org.openmrs.Concept</classname>
      <dateChanged id="32">2022-07-06 19:16:21</dateChanged>
      <retired>false</retired>
    </org.openmrs.module.metadatasharing.Item>
    <org.openmrs.module.metadatasharing.Item id="33" uuid="da0e91e4-4a16-4d4d-809d-aa1df4fabd75">
      <id>55179</id>
      <classname>org.openmrs.Concept</classname>
      <dateChanged id="34">2022-07-06 19:19:26</dateChanged>
      <retired>false</retired>
    </org.openmrs.module.metadatasharing.Item>
    <org.openmrs.module.metadatasharing.Item id="35" uuid="1063AAAAAAAAAAAAAAAAAAAAAAAAAAAAAAAA">
      <id>53993</id>
      <classname>org.openmrs.Concept</classname>
      <dateChanged id="36">2022-07-01 07:35:23</dateChanged>
      <retired>false</retired>
    </org.openmrs.module.metadatasharing.Item>
    <org.openmrs.module.metadatasharing.Item id="37" uuid="bd9fc57c-2cc1-4d86-be10-ac1d568ab22b">
      <id>55183</id>
      <classname>org.openmrs.Concept</classname>
      <dateChanged id="38">2022-07-06 19:20:57</dateChanged>
      <retired>false</retired>
    </org.openmrs.module.metadatasharing.Item>
    <org.openmrs.module.metadatasharing.Item id="39" uuid="22ac9031-dcfe-4f6b-9273-c45d9554b712">
      <id>55174</id>
      <classname>org.openmrs.Concept</classname>
      <dateChanged id="40">2022-07-06 19:16:53</dateChanged>
      <retired>false</retired>
    </org.openmrs.module.metadatasharing.Item>
    <org.openmrs.module.metadatasharing.Item id="41" uuid="5760e873-aef3-4ed3-a246-7bcd1bd37ec0">
      <id>55176</id>
      <classname>org.openmrs.Concept</classname>
      <dateChanged id="42">2022-07-06 19:17:52</dateChanged>
      <retired>false</retired>
    </org.openmrs.module.metadatasharing.Item>
    <org.openmrs.module.metadatasharing.Item id="43" uuid="400ef476-be81-43cd-bf28-9828a9ee1019">
      <id>55177</id>
      <classname>org.openmrs.Concept</classname>
      <dateChanged id="44">2022-07-06 19:18:31</dateChanged>
      <retired>false</retired>
    </org.openmrs.module.metadatasharing.Item>
    <org.openmrs.module.metadatasharing.Item id="45" uuid="7725c51e-ad94-4a17-b145-c833815aae3b">
      <id>55188</id>
      <classname>org.openmrs.Concept</classname>
      <dateChanged id="46">2022-07-06 19:23:39</dateChanged>
      <retired>false</retired>
    </org.openmrs.module.metadatasharing.Item>
    <org.openmrs.module.metadatasharing.Item id="47" uuid="fa9e56ed-0978-46c1-9c28-aed7059cbea3">
      <id>55178</id>
      <classname>org.openmrs.Concept</classname>
      <dateChanged id="48">2022-07-06 19:19:01</dateChanged>
      <retired>false</retired>
    </org.openmrs.module.metadatasharing.Item>
    <org.openmrs.module.metadatasharing.Item id="49" uuid="77136a34-03b4-4838-9962-57b9c6066b7a">
      <id>55189</id>
      <classname>org.openmrs.Concept</classname>
      <dateChanged id="50">2022-07-06 19:24:22</dateChanged>
      <retired>false</retired>
    </org.openmrs.module.metadatasharing.Item>
  </items>
  <relatedItems class="linked-hash-set" id="51">
    <org.openmrs.module.metadatasharing.Item id="52" uuid="8d4a48b6-c2cc-11de-8d13-0010c6dffd0f">
      <id>2</id>
      <classname>org.openmrs.ConceptDatatype</classname>
      <dateChanged id="53">2004-02-02 00:00:00</dateChanged>
      <retired>false</retired>
    </org.openmrs.module.metadatasharing.Item>
    <org.openmrs.module.metadatasharing.Item id="54" uuid="8d4918b0-c2cc-11de-8d13-0010c6dffd0f">
      <id>4</id>
      <classname>org.openmrs.ConceptClass</classname>
      <dateChanged id="55">2022-07-06 17:52:20</dateChanged>
      <retired>false</retired>
    </org.openmrs.module.metadatasharing.Item>
    <org.openmrs.module.metadatasharing.Item id="56" uuid="4e737ee3-950d-4159-a7af-512903484220">
      <id>132848</id>
      <classname>org.openmrs.ConceptName</classname>
      <dateChanged id="57">2022-07-06 19:15:03</dateChanged>
    </org.openmrs.module.metadatasharing.Item>
    <org.openmrs.module.metadatasharing.Item id="58" uuid="fa07b19f-a6b7-46c0-b35d-fd42e88a9a8a">
      <id>16526</id>
      <classname>org.openmrs.ConceptDescription</classname>
      <dateChanged id="59">2022-07-06 19:15:03</dateChanged>
    </org.openmrs.module.metadatasharing.Item>
    <org.openmrs.module.metadatasharing.Item id="60" uuid="889f36d4-9eaf-4f29-aed9-8007442cfe92">
      <id>132864</id>
      <classname>org.openmrs.ConceptName</classname>
      <dateChanged id="61">2022-07-06 19:22:32</dateChanged>
    </org.openmrs.module.metadatasharing.Item>
    <org.openmrs.module.metadatasharing.Item id="62" uuid="a743e167-82dd-49c0-b228-cdcf7433eff4">
      <id>16542</id>
      <classname>org.openmrs.ConceptDescription</classname>
      <dateChanged id="63">2022-07-06 19:22:32</dateChanged>
    </org.openmrs.module.metadatasharing.Item>
    <org.openmrs.module.metadatasharing.Item id="64" uuid="ea80b776-e9c2-4cdb-a658-8f981041feb2">
      <id>132861</id>
      <classname>org.openmrs.ConceptName</classname>
      <dateChanged id="65">2022-07-06 19:21:33</dateChanged>
    </org.openmrs.module.metadatasharing.Item>
    <org.openmrs.module.metadatasharing.Item id="66" uuid="2a561cb1-4559-48ba-8872-6ebc34ac106f">
      <id>16539</id>
      <classname>org.openmrs.ConceptDescription</classname>
      <dateChanged id="67">2022-07-06 19:21:33</dateChanged>
    </org.openmrs.module.metadatasharing.Item>
    <org.openmrs.module.metadatasharing.Item id="68" uuid="63ec9244-db67-477a-908f-4f3ed168b8f8">
      <id>132858</id>
      <classname>org.openmrs.ConceptName</classname>
      <dateChanged id="69">2022-07-06 19:20:09</dateChanged>
    </org.openmrs.module.metadatasharing.Item>
    <org.openmrs.module.metadatasharing.Item id="70" uuid="3dc8d1e3-16c5-4736-8548-5c3426c1db18">
      <id>16536</id>
      <classname>org.openmrs.ConceptDescription</classname>
      <dateChanged id="71">2022-07-06 19:20:09</dateChanged>
    </org.openmrs.module.metadatasharing.Item>
    <org.openmrs.module.metadatasharing.Item id="72" uuid="a77cfb8e-5086-4058-ad9f-a0d3d89734f6">
      <id>132862</id>
      <classname>org.openmrs.ConceptName</classname>
      <dateChanged id="73">2022-07-06 19:21:55</dateChanged>
    </org.openmrs.module.metadatasharing.Item>
    <org.openmrs.module.metadatasharing.Item id="74" uuid="10e814af-959a-4208-9be8-b552f15e31b5">
      <id>16540</id>
      <classname>org.openmrs.ConceptDescription</classname>
      <dateChanged id="75">2022-07-06 19:21:55</dateChanged>
    </org.openmrs.module.metadatasharing.Item>
    <org.openmrs.module.metadatasharing.Item id="76" uuid="abb9c1ac-0439-4785-a9b5-aa8c6100f7af">
      <id>132852</id>
      <classname>org.openmrs.ConceptName</classname>
      <dateChanged id="77">2022-07-06 19:17:29</dateChanged>
    </org.openmrs.module.metadatasharing.Item>
    <org.openmrs.module.metadatasharing.Item id="78" uuid="a20384c3-d554-4141-87f1-9f5c861c531c">
      <id>16530</id>
      <classname>org.openmrs.ConceptDescription</classname>
      <dateChanged id="79">2022-07-06 19:17:29</dateChanged>
    </org.openmrs.module.metadatasharing.Item>
    <org.openmrs.module.metadatasharing.Item id="80" uuid="8d491e50-c2cc-11de-8d13-0010c6dffd0f">
      <id>7</id>
      <classname>org.openmrs.ConceptClass</classname>
      <dateChanged id="81">2022-07-06 17:52:20</dateChanged>
      <retired>false</retired>
    </org.openmrs.module.metadatasharing.Item>
    <org.openmrs.module.metadatasharing.Item id="82" uuid="dda33f73-9762-4f7c-a776-bc740cd230ed">
      <id>132867</id>
      <classname>org.openmrs.ConceptName</classname>
      <dateChanged id="83">2022-07-06 19:26:29</dateChanged>
    </org.openmrs.module.metadatasharing.Item>
    <org.openmrs.module.metadatasharing.Item id="84" uuid="ead560e6-844c-4098-9dee-934883919cf2">
      <id>7031</id>
      <classname>org.openmrs.ConceptAnswer</classname>
      <dateChanged id="85">2022-07-06 19:26:29</dateChanged>
    </org.openmrs.module.metadatasharing.Item>
    <org.openmrs.module.metadatasharing.Item id="86" uuid="0569febe-8e0a-4a8d-91fe-97e1675eea13">
      <id>7034</id>
      <classname>org.openmrs.ConceptAnswer</classname>
      <dateChanged id="87">2022-07-06 19:26:29</dateChanged>
    </org.openmrs.module.metadatasharing.Item>
    <org.openmrs.module.metadatasharing.Item id="88" uuid="5622AAAAAAAAAAAAAAAAAAAAAAAAAAAAAAAA">
      <id>53304</id>
      <classname>org.openmrs.Concept</classname>
      <dateChanged id="89">2022-07-06 17:52:16</dateChanged>
      <retired>false</retired>
    </org.openmrs.module.metadatasharing.Item>
    <org.openmrs.module.metadatasharing.Item id="90" uuid="8d4a4c94-c2cc-11de-8d13-0010c6dffd0f">
      <id>4</id>
      <classname>org.openmrs.ConceptDatatype</classname>
      <dateChanged id="91">2004-02-02 00:00:00</dateChanged>
      <retired>false</retired>
    </org.openmrs.module.metadatasharing.Item>
    <org.openmrs.module.metadatasharing.Item id="92" uuid="8d492774-c2cc-11de-8d13-0010c6dffd0f">
      <id>11</id>
      <classname>org.openmrs.ConceptClass</classname>
      <dateChanged id="93">2022-07-06 17:52:18</dateChanged>
      <retired>false</retired>
    </org.openmrs.module.metadatasharing.Item>
    <org.openmrs.module.metadatasharing.Item id="94" uuid="135577BBBBBBBBBBBBBBBBBBBBBBBBBBBBBB">
      <id>128122</id>
      <classname>org.openmrs.ConceptName</classname>
      <dateChanged id="95">2022-07-06 17:52:16</dateChanged>
    </org.openmrs.module.metadatasharing.Item>
    <org.openmrs.module.metadatasharing.Item id="96" uuid="142798BBBBBBBBBBBBBBBBBBBBBBBBBBBBBB">
      <id>128124</id>
      <classname>org.openmrs.ConceptName</classname>
      <dateChanged id="97">2022-07-06 17:52:16</dateChanged>
    </org.openmrs.module.metadatasharing.Item>
    <org.openmrs.module.metadatasharing.Item id="98" uuid="126207BBBBBBBBBBBBBBBBBBBBBBBBBBBBBB">
      <id>128125</id>
      <classname>org.openmrs.ConceptName</classname>
      <dateChanged id="99">2022-07-06 17:52:16</dateChanged>
    </org.openmrs.module.metadatasharing.Item>
    <org.openmrs.module.metadatasharing.Item id="100" uuid="105802BBBBBBBBBBBBBBBBBBBBBBBBBBBBBB">
      <id>128126</id>
      <classname>org.openmrs.ConceptName</classname>
      <dateChanged id="101">2022-07-06 17:52:16</dateChanged>
    </org.openmrs.module.metadatasharing.Item>
    <org.openmrs.module.metadatasharing.Item id="102" uuid="134542BBBBBBBBBBBBBBBBBBBBBBBBBBBBBB">
      <id>128127</id>
      <classname>org.openmrs.ConceptName</classname>
      <dateChanged id="103">2022-07-06 17:52:16</dateChanged>
    </org.openmrs.module.metadatasharing.Item>
    <org.openmrs.module.metadatasharing.Item id="104" uuid="2761BBBBBBBBBBBBBBBBBBBBBBBBBBBBBBBB">
      <id>128128</id>
      <classname>org.openmrs.ConceptName</classname>
      <dateChanged id="105">2022-07-06 17:52:16</dateChanged>
    </org.openmrs.module.metadatasharing.Item>
    <org.openmrs.module.metadatasharing.Item id="106" uuid="110113BBBBBBBBBBBBBBBBBBBBBBBBBBBBBB">
      <id>128129</id>
      <classname>org.openmrs.ConceptName</classname>
      <dateChanged id="107">2022-07-06 17:52:16</dateChanged>
    </org.openmrs.module.metadatasharing.Item>
    <org.openmrs.module.metadatasharing.Item id="108" uuid="134541BBBBBBBBBBBBBBBBBBBBBBBBBBBBBB">
      <id>128130</id>
      <classname>org.openmrs.ConceptName</classname>
      <dateChanged id="109">2022-07-06 17:52:16</dateChanged>
    </org.openmrs.module.metadatasharing.Item>
    <org.openmrs.module.metadatasharing.Item id="110" uuid="110860BBBBBBBBBBBBBBBBBBBBBBBBBBBBBB">
      <id>128131</id>
      <classname>org.openmrs.ConceptName</classname>
      <dateChanged id="111">2022-07-06 17:52:16</dateChanged>
    </org.openmrs.module.metadatasharing.Item>
    <org.openmrs.module.metadatasharing.Item id="112" uuid="2253FFFFFFFFFFFFFFFFFFFFFFFFFFFFFFFF">
      <id>14771</id>
      <classname>org.openmrs.ConceptDescription</classname>
      <dateChanged id="113">2022-07-06 17:52:16</dateChanged>
    </org.openmrs.module.metadatasharing.Item>
    <org.openmrs.module.metadatasharing.Item id="114" uuid="144395ABBBBBBBBBBBBBBBBBBBBBBBBBBBBB">
      <id>212674</id>
      <classname>org.openmrs.ConceptMap</classname>
      <dateChanged id="115">2022-07-06 17:52:16</dateChanged>
    </org.openmrs.module.metadatasharing.Item>
    <org.openmrs.module.metadatasharing.Item id="116" uuid="35543629-7d8c-11e1-909d-c80aa9edcf4e">
      <id>1</id>
      <classname>org.openmrs.ConceptMapType</classname>
      <dateChanged id="117">2022-07-06 17:52:20</dateChanged>
      <retired>false</retired>
    </org.openmrs.module.metadatasharing.Item>
    <org.openmrs.module.metadatasharing.Item id="118" uuid="c3a51e29-438c-48b4-9d2d-025d69423d03">
      <id>164956</id>
      <classname>org.openmrs.ConceptReferenceTerm</classname>
      <dateChanged id="119">2022-07-06 17:52:16</dateChanged>
      <retired>true</retired>
    </org.openmrs.module.metadatasharing.Item>
    <org.openmrs.module.metadatasharing.Item id="120" uuid="e36d4d0c-3e8a-5540-b662-b8784d4098f7">
      <id>34</id>
      <classname>org.openmrs.ConceptSource</classname>
      <dateChanged id="121">2022-07-06 17:52:18</dateChanged>
      <retired>false</retired>
    </org.openmrs.module.metadatasharing.Item>
    <org.openmrs.module.metadatasharing.Item id="122" uuid="137878ABBBBBBBBBBBBBBBBBBBBBBBBBBBBB">
      <id>173799</id>
      <classname>org.openmrs.ConceptMap</classname>
      <dateChanged id="123">2022-07-06 17:52:16</dateChanged>
    </org.openmrs.module.metadatasharing.Item>
    <org.openmrs.module.metadatasharing.Item id="124" uuid="d44f1c68-79bd-4ba7-8d77-5e67451de35b">
      <id>155048</id>
      <classname>org.openmrs.ConceptReferenceTerm</classname>
      <dateChanged id="125">2022-07-06 17:52:16</dateChanged>
      <retired>false</retired>
    </org.openmrs.module.metadatasharing.Item>
    <org.openmrs.module.metadatasharing.Item id="126" uuid="7ffb76d5-ff2b-527d-a585-cf2106882c3b">
      <id>36</id>
      <classname>org.openmrs.ConceptSource</classname>
      <dateChanged id="127">2022-07-06 17:52:18</dateChanged>
      <retired>false</retired>
    </org.openmrs.module.metadatasharing.Item>
    <org.openmrs.module.metadatasharing.Item id="128" uuid="77ae1072-f97e-3c41-ad82-8746ad6f9c26">
      <id>173846</id>
      <classname>org.openmrs.ConceptMap</classname>
      <dateChanged id="129">2022-07-06 17:52:16</dateChanged>
    </org.openmrs.module.metadatasharing.Item>
    <org.openmrs.module.metadatasharing.Item id="130" uuid="cbbfecc1-bb90-4d27-83b2-e39db9ab5a03">
      <id>155089</id>
      <classname>org.openmrs.ConceptReferenceTerm</classname>
      <dateChanged id="131">2022-07-06 17:52:16</dateChanged>
      <retired>false</retired>
    </org.openmrs.module.metadatasharing.Item>
    <org.openmrs.module.metadatasharing.Item id="132" uuid="de7432c3-52d7-5f84-aff4-dbaaf9cfc49d">
      <id>2</id>
      <classname>org.openmrs.ConceptSource</classname>
      <dateChanged id="133">2022-07-06 17:52:20</dateChanged>
      <retired>false</retired>
    </org.openmrs.module.metadatasharing.Item>
    <org.openmrs.module.metadatasharing.Item id="134" uuid="141670ABBBBBBBBBBBBBBBBBBBBBBBBBBBBB">
      <id>173868</id>
      <classname>org.openmrs.ConceptMap</classname>
      <dateChanged id="135">2022-07-06 17:52:16</dateChanged>
    </org.openmrs.module.metadatasharing.Item>
    <org.openmrs.module.metadatasharing.Item id="136" uuid="97225d37-37d8-43b8-a49e-902d66d097a7">
      <id>155107</id>
      <classname>org.openmrs.ConceptReferenceTerm</classname>
      <dateChanged id="137">2022-07-06 17:52:16</dateChanged>
      <retired>false</retired>
    </org.openmrs.module.metadatasharing.Item>
    <org.openmrs.module.metadatasharing.Item id="138" uuid="7f4822bf-567e-51fa-86e4-9345d522c923">
      <id>37</id>
      <classname>org.openmrs.ConceptSource</classname>
      <dateChanged id="139">2022-07-06 17:52:16</dateChanged>
      <retired>false</retired>
    </org.openmrs.module.metadatasharing.Item>
    <org.openmrs.module.metadatasharing.Item id="140" uuid="143666ABBBBBBBBBBBBBBBBBBBBBBBBBBBBB">
      <id>173770</id>
      <classname>org.openmrs.ConceptMap</classname>
      <dateChanged id="141">2022-07-06 17:52:16</dateChanged>
    </org.openmrs.module.metadatasharing.Item>
    <org.openmrs.module.metadatasharing.Item id="142" uuid="894972dc-7c80-48d6-b86c-ef53e93d9eff">
      <id>154027</id>
      <classname>org.openmrs.ConceptReferenceTerm</classname>
      <dateChanged id="143">2022-07-06 17:52:16</dateChanged>
      <retired>false</retired>
    </org.openmrs.module.metadatasharing.Item>
    <org.openmrs.module.metadatasharing.Item id="144" uuid="71713b98-4ee1-5e46-ae0b-45bc4b3875ea">
      <id>15</id>
      <classname>org.openmrs.ConceptSource</classname>
      <dateChanged id="145">2022-07-06 17:52:18</dateChanged>
      <retired>false</retired>
    </org.openmrs.module.metadatasharing.Item>
    <org.openmrs.module.metadatasharing.Item id="146" uuid="135771ABBBBBBBBBBBBBBBBBBBBBBBBBBBBB">
      <id>173836</id>
      <classname>org.openmrs.ConceptMap</classname>
      <dateChanged id="147">2022-07-06 17:52:16</dateChanged>
    </org.openmrs.module.metadatasharing.Item>
    <org.openmrs.module.metadatasharing.Item id="148" uuid="ee5873f8-5dc6-4b70-9024-d4a04c1985a1">
      <id>155081</id>
      <classname>org.openmrs.ConceptReferenceTerm</classname>
      <dateChanged id="149">2022-07-06 17:52:16</dateChanged>
      <retired>false</retired>
    </org.openmrs.module.metadatasharing.Item>
    <org.openmrs.module.metadatasharing.Item id="150" uuid="7ea90041-b784-5b8a-b26a-152ea4a3af8f">
      <id>31</id>
      <classname>org.openmrs.ConceptSource</classname>
      <dateChanged id="151">2022-07-06 17:52:18</dateChanged>
      <retired>false</retired>
    </org.openmrs.module.metadatasharing.Item>
    <org.openmrs.module.metadatasharing.Item id="152" uuid="137766ABBBBBBBBBBBBBBBBBBBBBBBBBBBBB">
      <id>173900</id>
      <classname>org.openmrs.ConceptMap</classname>
      <dateChanged id="153">2022-07-06 17:52:16</dateChanged>
    </org.openmrs.module.metadatasharing.Item>
    <org.openmrs.module.metadatasharing.Item id="154" uuid="43ac5109-7d8c-11e1-909d-c80aa9edcf4e">
      <id>2</id>
      <classname>org.openmrs.ConceptMapType</classname>
      <dateChanged id="155">2022-07-06 17:52:20</dateChanged>
      <retired>false</retired>
    </org.openmrs.module.metadatasharing.Item>
    <org.openmrs.module.metadatasharing.Item id="156" uuid="e9612ed2-8d0d-4e69-bd79-cd2c71d6cd82">
      <id>155136</id>
      <classname>org.openmrs.ConceptReferenceTerm</classname>
      <dateChanged id="157">2022-07-06 17:52:16</dateChanged>
      <retired>false</retired>
    </org.openmrs.module.metadatasharing.Item>
    <org.openmrs.module.metadatasharing.Item id="158" uuid="171a5df4-acac-5e9b-b59b-50ecc9460a4a">
      <id>4</id>
      <classname>org.openmrs.ConceptSource</classname>
      <dateChanged id="159">2022-07-06 17:52:20</dateChanged>
      <retired>false</retired>
    </org.openmrs.module.metadatasharing.Item>
    <org.openmrs.module.metadatasharing.Item id="160" uuid="c2504ab5-8135-45fa-88a7-6f420d745fa0">
      <id>7032</id>
      <classname>org.openmrs.ConceptAnswer</classname>
      <dateChanged id="161">2022-07-06 19:26:29</dateChanged>
    </org.openmrs.module.metadatasharing.Item>
    <org.openmrs.module.metadatasharing.Item id="162" uuid="78ed30e0-d5ef-4d0f-8171-fa068326a140">
      <id>7035</id>
      <classname>org.openmrs.ConceptAnswer</classname>
      <dateChanged id="163">2022-07-06 19:26:29</dateChanged>
    </org.openmrs.module.metadatasharing.Item>
    <org.openmrs.module.metadatasharing.Item id="164" uuid="7f2e4aaa-fdc2-4683-820e-e8ae23e51706">
      <id>132849</id>
      <classname>org.openmrs.ConceptName</classname>
      <dateChanged id="165">2022-07-06 19:15:30</dateChanged>
    </org.openmrs.module.metadatasharing.Item>
    <org.openmrs.module.metadatasharing.Item id="166" uuid="1fcb14f1-8de6-40d2-8b07-b37ee7653186">
      <id>16527</id>
      <classname>org.openmrs.ConceptDescription</classname>
      <dateChanged id="167">2022-07-06 19:15:30</dateChanged>
    </org.openmrs.module.metadatasharing.Item>
    <org.openmrs.module.metadatasharing.Item id="168" uuid="54f76db9-e9f3-48c9-9470-d16fe6392852">
      <id>7033</id>
      <classname>org.openmrs.ConceptAnswer</classname>
      <dateChanged id="169">2022-07-06 19:26:29</dateChanged>
    </org.openmrs.module.metadatasharing.Item>
    <org.openmrs.module.metadatasharing.Item id="170" uuid="161a5010-267c-49b0-92a2-298672e2524d">
      <id>132851</id>
      <classname>org.openmrs.ConceptName</classname>
      <dateChanged id="171">2022-07-06 19:16:53</dateChanged>
    </org.openmrs.module.metadatasharing.Item>
    <org.openmrs.module.metadatasharing.Item id="172" uuid="708d85b0-b323-467e-95f0-0cf10645195b">
      <id>16529</id>
      <classname>org.openmrs.ConceptDescription</classname>
      <dateChanged id="173">2022-07-06 19:16:53</dateChanged>
    </org.openmrs.module.metadatasharing.Item>
    <org.openmrs.module.metadatasharing.Item id="174" uuid="0514dfdd-b7c8-4c29-9fe9-7324b9dc99d4">
      <id>7036</id>
      <classname>org.openmrs.ConceptAnswer</classname>
      <dateChanged id="175">2022-07-06 19:26:29</dateChanged>
    </org.openmrs.module.metadatasharing.Item>
    <org.openmrs.module.metadatasharing.Item id="176" uuid="3c8cfe04-e996-48d5-b438-dc1f4d850af7">
      <id>132856</id>
      <classname>org.openmrs.ConceptName</classname>
      <dateChanged id="177">2022-07-06 19:19:26</dateChanged>
    </org.openmrs.module.metadatasharing.Item>
    <org.openmrs.module.metadatasharing.Item id="178" uuid="163f1446-9ad0-4e51-88c5-05d982326809">
      <id>16534</id>
      <classname>org.openmrs.ConceptDescription</classname>
      <dateChanged id="179">2022-07-06 19:19:26</dateChanged>
    </org.openmrs.module.metadatasharing.Item>
    <org.openmrs.module.metadatasharing.Item id="180" uuid="783e5553-3fba-4b5f-81e4-5c5a44d2222e">
      <id>16545</id>
      <classname>org.openmrs.ConceptDescription</classname>
      <dateChanged id="181">2022-07-06 19:26:29</dateChanged>
    </org.openmrs.module.metadatasharing.Item>
    <org.openmrs.module.metadatasharing.Item id="182" uuid="3dfd80f9-ab0f-4bb4-92ad-9039ac3213e5">
      <id>132859</id>
      <classname>org.openmrs.ConceptName</classname>
      <dateChanged id="183">2022-07-06 19:20:38</dateChanged>
    </org.openmrs.module.metadatasharing.Item>
    <org.openmrs.module.metadatasharing.Item id="184" uuid="fff74382-65bb-4f57-9e7f-596c790432b7">
      <id>16537</id>
      <classname>org.openmrs.ConceptDescription</classname>
      <dateChanged id="185">2022-07-06 19:20:38</dateChanged>
    </org.openmrs.module.metadatasharing.Item>
    <org.openmrs.module.metadatasharing.Item id="186" uuid="361b13fe-2b58-4e3c-8d3d-a9b6a6dc1bf6">
      <id>132868</id>
      <classname>org.openmrs.ConceptName</classname>
      <dateChanged id="187">2022-07-06 19:28:35</dateChanged>
    </org.openmrs.module.metadatasharing.Item>
    <org.openmrs.module.metadatasharing.Item id="188" uuid="0ef0199c-b50c-44be-ba72-2deddac47acb">
      <id>7041</id>
      <classname>org.openmrs.ConceptAnswer</classname>
      <dateChanged id="189">2022-07-06 19:28:35</dateChanged>
    </org.openmrs.module.metadatasharing.Item>
    <org.openmrs.module.metadatasharing.Item id="190" uuid="1c7ee145-3561-4b53-bb84-002865132e84">
      <id>132857</id>
      <classname>org.openmrs.ConceptName</classname>
      <dateChanged id="191">2022-07-06 19:19:45</dateChanged>
    </org.openmrs.module.metadatasharing.Item>
    <org.openmrs.module.metadatasharing.Item id="192" uuid="7e817736-dac9-4634-a97c-584ed03017a6">
      <id>16535</id>
      <classname>org.openmrs.ConceptDescription</classname>
      <dateChanged id="193">2022-07-06 19:19:45</dateChanged>
    </org.openmrs.module.metadatasharing.Item>
    <org.openmrs.module.metadatasharing.Item id="194" uuid="b2c19127-e093-43b0-af30-f9951f18111f">
      <id>7039</id>
      <classname>org.openmrs.ConceptAnswer</classname>
      <dateChanged id="195">2022-07-06 19:28:35</dateChanged>
    </org.openmrs.module.metadatasharing.Item>
    <org.openmrs.module.metadatasharing.Item id="196" uuid="8d491a9a-c2cc-11de-8d13-0010c6dffd0f">
      <id>5</id>
      <classname>org.openmrs.ConceptClass</classname>
      <dateChanged id="197">2022-07-06 17:52:18</dateChanged>
      <retired>false</retired>
    </org.openmrs.module.metadatasharing.Item>
    <org.openmrs.module.metadatasharing.Item id="198" uuid="108989BBBBBBBBBBBBBBBBBBBBBBBBBBBBBB">
      <id>14143</id>
      <classname>org.openmrs.ConceptName</classname>
      <dateChanged id="199">2022-07-01 07:33:59</dateChanged>
    </org.openmrs.module.metadatasharing.Item>
    <org.openmrs.module.metadatasharing.Item id="200" uuid="108990BBBBBBBBBBBBBBBBBBBBBBBBBBBBBB">
      <id>14145</id>
      <classname>org.openmrs.ConceptName</classname>
      <dateChanged id="201">2022-07-01 07:33:59</dateChanged>
    </org.openmrs.module.metadatasharing.Item>
    <org.openmrs.module.metadatasharing.Item id="202" uuid="16766FFFFFFFFFFFFFFFFFFFFFFFFFFFFFFF">
      <id>1891</id>
      <classname>org.openmrs.ConceptDescription</classname>
      <dateChanged id="203">2022-07-01 07:33:59</dateChanged>
    </org.openmrs.module.metadatasharing.Item>
    <org.openmrs.module.metadatasharing.Item id="204" uuid="144687ABBBBBBBBBBBBBBBBBBBBBBBBBBBBB">
      <id>14751</id>
      <classname>org.openmrs.ConceptMap</classname>
      <dateChanged id="205">2022-07-01 07:36:30</dateChanged>
    </org.openmrs.module.metadatasharing.Item>
    <org.openmrs.module.metadatasharing.Item id="206" uuid="9095699a-3ea6-401c-a275-473695cdb7f2">
      <id>3735</id>
      <classname>org.openmrs.ConceptReferenceTerm</classname>
      <dateChanged id="207">2022-07-01 07:35:46</dateChanged>
      <retired>false</retired>
    </org.openmrs.module.metadatasharing.Item>
    <org.openmrs.module.metadatasharing.Item id="208" uuid="8c0bfbba-60e9-3c86-8531-14a91a7199e9">
      <id>14813</id>
      <classname>org.openmrs.ConceptMap</classname>
      <dateChanged id="209">2022-07-01 07:36:31</dateChanged>
    </org.openmrs.module.metadatasharing.Item>
    <org.openmrs.module.metadatasharing.Item id="210" uuid="1e3bdc6e-493c-498f-99e3-01939fcd26c9">
      <id>13167</id>
      <classname>org.openmrs.ConceptReferenceTerm</classname>
      <dateChanged id="211">2022-07-01 07:36:31</dateChanged>
      <retired>false</retired>
    </org.openmrs.module.metadatasharing.Item>
    <org.openmrs.module.metadatasharing.Item id="212" uuid="edbd914f-81ff-4bc3-a8d9-678c01daf4f5">
      <id>7037</id>
      <classname>org.openmrs.ConceptAnswer</classname>
      <dateChanged id="213">2022-07-06 19:28:35</dateChanged>
    </org.openmrs.module.metadatasharing.Item>
    <org.openmrs.module.metadatasharing.Item id="214" uuid="f5229585-c450-434b-9a89-2bc09426955d">
      <id>7043</id>
      <classname>org.openmrs.ConceptAnswer</classname>
      <dateChanged id="215">2022-07-06 19:28:35</dateChanged>
    </org.openmrs.module.metadatasharing.Item>
    <org.openmrs.module.metadatasharing.Item id="216" uuid="1067AAAAAAAAAAAAAAAAAAAAAAAAAAAAAAAA">
      <id>53933</id>
      <classname>org.openmrs.Concept</classname>
      <dateChanged id="217">2022-07-06 17:52:18</dateChanged>
      <retired>false</retired>
    </org.openmrs.module.metadatasharing.Item>
    <org.openmrs.module.metadatasharing.Item id="218" uuid="139801BBBBBBBBBBBBBBBBBBBBBBBBBBBBBB">
      <id>129561</id>
      <classname>org.openmrs.ConceptName</classname>
      <dateChanged id="219">2022-07-06 17:52:18</dateChanged>
    </org.openmrs.module.metadatasharing.Item>
    <org.openmrs.module.metadatasharing.Item id="220" uuid="127334BBBBBBBBBBBBBBBBBBBBBBBBBBBBBB">
      <id>129562</id>
      <classname>org.openmrs.ConceptName</classname>
      <dateChanged id="221">2022-07-06 17:52:18</dateChanged>
    </org.openmrs.module.metadatasharing.Item>
    <org.openmrs.module.metadatasharing.Item id="222" uuid="1140BBBBBBBBBBBBBBBBBBBBBBBBBBBBBBBB">
      <id>129563</id>
      <classname>org.openmrs.ConceptName</classname>
      <dateChanged id="223">2022-07-06 17:52:18</dateChanged>
    </org.openmrs.module.metadatasharing.Item>
    <org.openmrs.module.metadatasharing.Item id="224" uuid="108336BBBBBBBBBBBBBBBBBBBBBBBBBBBBBB">
      <id>129564</id>
      <classname>org.openmrs.ConceptName</classname>
      <dateChanged id="225">2022-07-06 17:52:18</dateChanged>
    </org.openmrs.module.metadatasharing.Item>
    <org.openmrs.module.metadatasharing.Item id="226" uuid="135594BBBBBBBBBBBBBBBBBBBBBBBBBBBBBB">
      <id>129565</id>
      <classname>org.openmrs.ConceptName</classname>
      <dateChanged id="227">2022-07-06 17:52:18</dateChanged>
    </org.openmrs.module.metadatasharing.Item>
    <org.openmrs.module.metadatasharing.Item id="228" uuid="111191BBBBBBBBBBBBBBBBBBBBBBBBBBBBBB">
      <id>129566</id>
      <classname>org.openmrs.ConceptName</classname>
      <dateChanged id="229">2022-07-06 17:52:18</dateChanged>
    </org.openmrs.module.metadatasharing.Item>
    <org.openmrs.module.metadatasharing.Item id="230" uuid="108335BBBBBBBBBBBBBBBBBBBBBBBBBBBBBB">
      <id>129567</id>
      <classname>org.openmrs.ConceptName</classname>
      <dateChanged id="231">2022-07-06 17:52:18</dateChanged>
    </org.openmrs.module.metadatasharing.Item>
    <org.openmrs.module.metadatasharing.Item id="232" uuid="1141BBBBBBBBBBBBBBBBBBBBBBBBBBBBBBBB">
      <id>129568</id>
      <classname>org.openmrs.ConceptName</classname>
      <dateChanged id="233">2022-07-06 17:52:18</dateChanged>
    </org.openmrs.module.metadatasharing.Item>
    <org.openmrs.module.metadatasharing.Item id="234" uuid="110114BBBBBBBBBBBBBBBBBBBBBBBBBBBBBB">
      <id>129569</id>
      <classname>org.openmrs.ConceptName</classname>
      <dateChanged id="235">2022-07-06 17:52:18</dateChanged>
    </org.openmrs.module.metadatasharing.Item>
    <org.openmrs.module.metadatasharing.Item id="236" uuid="106309BBBBBBBBBBBBBBBBBBBBBBBBBBBBBB">
      <id>129570</id>
      <classname>org.openmrs.ConceptName</classname>
      <dateChanged id="237">2022-07-06 17:52:18</dateChanged>
    </org.openmrs.module.metadatasharing.Item>
    <org.openmrs.module.metadatasharing.Item id="238" uuid="105793BBBBBBBBBBBBBBBBBBBBBBBBBBBBBB">
      <id>129571</id>
      <classname>org.openmrs.ConceptName</classname>
      <dateChanged id="239">2022-07-06 17:52:18</dateChanged>
    </org.openmrs.module.metadatasharing.Item>
    <org.openmrs.module.metadatasharing.Item id="240" uuid="18157FFFFFFFFFFFFFFFFFFFFFFFFFFFFFFF">
      <id>15357</id>
      <classname>org.openmrs.ConceptDescription</classname>
      <dateChanged id="241">2022-07-06 17:52:18</dateChanged>
    </org.openmrs.module.metadatasharing.Item>
    <org.openmrs.module.metadatasharing.Item id="242" uuid="1070FFFFFFFFFFFFFFFFFFFFFFFFFFFFFFFF">
      <id>15358</id>
      <classname>org.openmrs.ConceptDescription</classname>
      <dateChanged id="243">2022-07-06 17:52:18</dateChanged>
    </org.openmrs.module.metadatasharing.Item>
    <org.openmrs.module.metadatasharing.Item id="244" uuid="133842ABBBBBBBBBBBBBBBBBBBBBBBBBBBBB">
      <id>175983</id>
      <classname>org.openmrs.ConceptMap</classname>
      <dateChanged id="245">2022-07-06 17:52:18</dateChanged>
    </org.openmrs.module.metadatasharing.Item>
    <org.openmrs.module.metadatasharing.Item id="246" uuid="2fbbbd11-7563-467f-baaa-ccc8c07e2569">
      <id>156894</id>
      <classname>org.openmrs.ConceptReferenceTerm</classname>
      <dateChanged id="247">2022-07-06 17:52:18</dateChanged>
      <retired>false</retired>
    </org.openmrs.module.metadatasharing.Item>
    <org.openmrs.module.metadatasharing.Item id="248" uuid="143603ABBBBBBBBBBBBBBBBBBBBBBBBBBBBB">
      <id>175934</id>
      <classname>org.openmrs.ConceptMap</classname>
      <dateChanged id="249">2022-07-06 17:52:18</dateChanged>
    </org.openmrs.module.metadatasharing.Item>
    <org.openmrs.module.metadatasharing.Item id="250" uuid="4e71c959-1219-43f3-a05c-2870f9762b04">
      <id>156850</id>
      <classname>org.openmrs.ConceptReferenceTerm</classname>
      <dateChanged id="251">2022-07-06 17:52:18</dateChanged>
      <retired>false</retired>
    </org.openmrs.module.metadatasharing.Item>
    <org.openmrs.module.metadatasharing.Item id="252" uuid="137877ABBBBBBBBBBBBBBBBBBBBBBBBBBBBB">
      <id>175947</id>
      <classname>org.openmrs.ConceptMap</classname>
      <dateChanged id="253">2022-07-06 17:52:18</dateChanged>
    </org.openmrs.module.metadatasharing.Item>
    <org.openmrs.module.metadatasharing.Item id="254" uuid="875726fc-4932-4f58-8d36-08b9da492f6b">
      <id>156863</id>
      <classname>org.openmrs.ConceptReferenceTerm</classname>
      <dateChanged id="255">2022-07-06 17:52:18</dateChanged>
      <retired>false</retired>
    </org.openmrs.module.metadatasharing.Item>
    <org.openmrs.module.metadatasharing.Item id="256" uuid="134739ABBBBBBBBBBBBBBBBBBBBBBBBBBBBB">
      <id>175963</id>
      <classname>org.openmrs.ConceptMap</classname>
      <dateChanged id="257">2022-07-06 17:52:18</dateChanged>
    </org.openmrs.module.metadatasharing.Item>
    <org.openmrs.module.metadatasharing.Item id="258" uuid="6451c883-53b6-44b3-9e5d-e96ef83d87d7">
      <id>156878</id>
      <classname>org.openmrs.ConceptReferenceTerm</classname>
      <dateChanged id="259">2022-07-06 17:52:18</dateChanged>
      <retired>false</retired>
    </org.openmrs.module.metadatasharing.Item>
    <org.openmrs.module.metadatasharing.Item id="260" uuid="dd4b8153-b34a-38ed-9f19-3bfbd873e852">
      <id>175917</id>
      <classname>org.openmrs.ConceptMap</classname>
      <dateChanged id="261">2022-07-06 17:52:18</dateChanged>
    </org.openmrs.module.metadatasharing.Item>
    <org.openmrs.module.metadatasharing.Item id="262" uuid="993d9141-7134-429a-a14b-a4d80f555a0d">
      <id>156835</id>
      <classname>org.openmrs.ConceptReferenceTerm</classname>
      <dateChanged id="263">2022-07-06 17:52:18</dateChanged>
      <retired>false</retired>
    </org.openmrs.module.metadatasharing.Item>
    <org.openmrs.module.metadatasharing.Item id="264" uuid="1a55767f-a0b1-4dfd-a7cf-267cb75e1bfa">
      <id>7040</id>
      <classname>org.openmrs.ConceptAnswer</classname>
      <dateChanged id="265">2022-07-06 19:28:35</dateChanged>
    </org.openmrs.module.metadatasharing.Item>
    <org.openmrs.module.metadatasharing.Item id="266" uuid="4b1cf321-226b-4d66-bfe3-5c6085f59cc3">
      <id>7046</id>
      <classname>org.openmrs.ConceptAnswer</classname>
      <dateChanged id="267">2022-07-06 19:28:35</dateChanged>
    </org.openmrs.module.metadatasharing.Item>
    <org.openmrs.module.metadatasharing.Item id="268" uuid="8d4a5cca-c2cc-11de-8d13-0010c6dffd0f">
      <id>10</id>
      <classname>org.openmrs.ConceptDatatype</classname>
      <dateChanged id="269">2004-08-26 00:00:00</dateChanged>
      <retired>false</retired>
    </org.openmrs.module.metadatasharing.Item>
    <org.openmrs.module.metadatasharing.Item id="270" uuid="8d490bf4-c2cc-11de-8d13-0010c6dffd0f">
      <id>2</id>
      <classname>org.openmrs.ConceptClass</classname>
      <dateChanged id="271">2022-07-06 17:52:20</dateChanged>
      <retired>false</retired>
    </org.openmrs.module.metadatasharing.Item>
    <org.openmrs.module.metadatasharing.Item id="272" uuid="135599BBBBBBBBBBBBBBBBBBBBBBBBBBBBBB">
      <id>129735</id>
      <classname>org.openmrs.ConceptName</classname>
      <dateChanged id="273">2022-07-01 07:35:23</dateChanged>
    </org.openmrs.module.metadatasharing.Item>
    <org.openmrs.module.metadatasharing.Item id="274" uuid="1134BBBBBBBBBBBBBBBBBBBBBBBBBBBBBBBB">
      <id>129736</id>
      <classname>org.openmrs.ConceptName</classname>
      <dateChanged id="275">2022-07-01 07:35:23</dateChanged>
    </org.openmrs.module.metadatasharing.Item>
    <org.openmrs.module.metadatasharing.Item id="276" uuid="124448BBBBBBBBBBBBBBBBBBBBBBBBBBBBBB">
      <id>129737</id>
      <classname>org.openmrs.ConceptName</classname>
      <dateChanged id="277">2022-07-01 07:35:23</dateChanged>
    </org.openmrs.module.metadatasharing.Item>
    <org.openmrs.module.metadatasharing.Item id="278" uuid="1066FFFFFFFFFFFFFFFFFFFFFFFFFFFFFFFF">
      <id>15410</id>
      <classname>org.openmrs.ConceptDescription</classname>
      <dateChanged id="279">2022-07-01 07:35:23</dateChanged>
    </org.openmrs.module.metadatasharing.Item>
    <org.openmrs.module.metadatasharing.Item id="280" uuid="133839ABBBBBBBBBBBBBBBBBBBBBBBBBBBBB">
      <id>176217</id>
      <classname>org.openmrs.ConceptMap</classname>
      <dateChanged id="281">2022-07-01 07:47:37</dateChanged>
    </org.openmrs.module.metadatasharing.Item>
    <org.openmrs.module.metadatasharing.Item id="282" uuid="4f28561a-25f2-47e8-a0db-6e4ddd939ac7">
      <id>157087</id>
      <classname>org.openmrs.ConceptReferenceTerm</classname>
      <dateChanged id="283">2022-07-01 07:47:37</dateChanged>
      <retired>false</retired>
    </org.openmrs.module.metadatasharing.Item>
    <org.openmrs.module.metadatasharing.Item id="284" uuid="4786437a-fde3-332c-8a4f-672c80d9f281">
      <id>176182</id>
      <classname>org.openmrs.ConceptMap</classname>
      <dateChanged id="285">2022-07-01 07:47:37</dateChanged>
    </org.openmrs.module.metadatasharing.Item>
    <org.openmrs.module.metadatasharing.Item id="286" uuid="f2b56614-256c-4fb0-9fab-dc698d2ad9bc">
      <id>157059</id>
      <classname>org.openmrs.ConceptReferenceTerm</classname>
      <dateChanged id="287">2022-07-01 07:47:37</dateChanged>
      <retired>false</retired>
    </org.openmrs.module.metadatasharing.Item>
    <org.openmrs.module.metadatasharing.Item id="288" uuid="134735ABBBBBBBBBBBBBBBBBBBBBBBBBBBBB">
      <id>176229</id>
      <classname>org.openmrs.ConceptMap</classname>
      <dateChanged id="289">2022-07-01 07:47:37</dateChanged>
    </org.openmrs.module.metadatasharing.Item>
    <org.openmrs.module.metadatasharing.Item id="290" uuid="9634285d-8e57-42b9-8258-27f4c15f50e5">
      <id>157098</id>
      <classname>org.openmrs.ConceptReferenceTerm</classname>
      <dateChanged id="291">2022-07-01 07:47:37</dateChanged>
      <retired>false</retired>
    </org.openmrs.module.metadatasharing.Item>
    <org.openmrs.module.metadatasharing.Item id="292" uuid="236598ABBBBBBBBBBBBBBBBBBBBBBBBBBBBB">
      <id>176201</id>
      <classname>org.openmrs.ConceptMap</classname>
      <dateChanged id="293">2022-07-01 07:47:37</dateChanged>
    </org.openmrs.module.metadatasharing.Item>
    <org.openmrs.module.metadatasharing.Item id="294" uuid="a835c2e2-ef33-4d46-bacf-c81a559cb296">
      <id>157073</id>
      <classname>org.openmrs.ConceptReferenceTerm</classname>
      <dateChanged id="295">2022-07-01 07:47:37</dateChanged>
      <retired>false</retired>
    </org.openmrs.module.metadatasharing.Item>
    <org.openmrs.module.metadatasharing.Item id="296" uuid="c4eaac5d-b14d-42f5-b6f5-26fb1f8dd836">
      <id>7045</id>
      <classname>org.openmrs.ConceptAnswer</classname>
      <dateChanged id="297">2022-07-06 19:28:35</dateChanged>
    </org.openmrs.module.metadatasharing.Item>
    <org.openmrs.module.metadatasharing.Item id="298" uuid="d173e55e-c89b-49b6-b3de-1cf7e4c5a6da">
      <id>132860</id>
      <classname>org.openmrs.ConceptName</classname>
      <dateChanged id="299">2022-07-06 19:20:57</dateChanged>
    </org.openmrs.module.metadatasharing.Item>
    <org.openmrs.module.metadatasharing.Item id="300" uuid="406672e6-4369-48b2-8172-05a2b0b8f14d">
      <id>16538</id>
      <classname>org.openmrs.ConceptDescription</classname>
      <dateChanged id="301">2022-07-06 19:20:57</dateChanged>
    </org.openmrs.module.metadatasharing.Item>
    <org.openmrs.module.metadatasharing.Item id="302" uuid="2adeb623-0c78-4962-adbd-4dc387f5937f">
      <id>7042</id>
      <classname>org.openmrs.ConceptAnswer</classname>
      <dateChanged id="303">2022-07-06 19:28:35</dateChanged>
    </org.openmrs.module.metadatasharing.Item>
    <org.openmrs.module.metadatasharing.Item id="304" uuid="64877cd6-a107-4899-9f93-591677f2893e">
      <id>132855</id>
      <classname>org.openmrs.ConceptName</classname>
      <dateChanged id="305">2022-07-06 19:19:01</dateChanged>
    </org.openmrs.module.metadatasharing.Item>
    <org.openmrs.module.metadatasharing.Item id="306" uuid="457c3b9c-abf0-49fe-a5ee-f50f8596502f">
      <id>16533</id>
      <classname>org.openmrs.ConceptDescription</classname>
      <dateChanged id="307">2022-07-06 19:19:01</dateChanged>
    </org.openmrs.module.metadatasharing.Item>
    <org.openmrs.module.metadatasharing.Item id="308" uuid="327ca930-80ed-4b98-bef1-725078152d47">
      <id>7038</id>
      <classname>org.openmrs.ConceptAnswer</classname>
      <dateChanged id="309">2022-07-06 19:28:35</dateChanged>
    </org.openmrs.module.metadatasharing.Item>
    <org.openmrs.module.metadatasharing.Item id="310" uuid="a151a6d1-bb5d-44c9-b4f9-dd846af4d08a">
      <id>132853</id>
      <classname>org.openmrs.ConceptName</classname>
      <dateChanged id="311">2022-07-06 19:17:52</dateChanged>
    </org.openmrs.module.metadatasharing.Item>
    <org.openmrs.module.metadatasharing.Item id="312" uuid="063672f5-99e3-4e7d-8ad8-58a6a934e3e7">
      <id>16531</id>
      <classname>org.openmrs.ConceptDescription</classname>
      <dateChanged id="313">2022-07-06 19:17:52</dateChanged>
    </org.openmrs.module.metadatasharing.Item>
    <org.openmrs.module.metadatasharing.Item id="314" uuid="014ffe86-799f-4196-8ded-6bdad8e7759f">
      <id>7044</id>
      <classname>org.openmrs.ConceptAnswer</classname>
      <dateChanged id="315">2022-07-06 19:28:35</dateChanged>
    </org.openmrs.module.metadatasharing.Item>
    <org.openmrs.module.metadatasharing.Item id="316" uuid="b2624762-f1b2-42e9-b3f2-5d4e31bcc2fb">
      <id>132850</id>
      <classname>org.openmrs.ConceptName</classname>
      <dateChanged id="317">2022-07-06 19:16:21</dateChanged>
    </org.openmrs.module.metadatasharing.Item>
    <org.openmrs.module.metadatasharing.Item id="318" uuid="1c1e413d-dbd0-49c8-92d4-65909c4d316c">
      <id>16528</id>
      <classname>org.openmrs.ConceptDescription</classname>
      <dateChanged id="319">2022-07-06 19:16:21</dateChanged>
    </org.openmrs.module.metadatasharing.Item>
    <org.openmrs.module.metadatasharing.Item id="320" uuid="6436971f-ab93-4690-838a-e6538f54f8a8">
      <id>16546</id>
      <classname>org.openmrs.ConceptDescription</classname>
      <dateChanged id="321">2022-07-06 19:28:35</dateChanged>
    </org.openmrs.module.metadatasharing.Item>
    <org.openmrs.module.metadatasharing.Item id="322" uuid="ada5f680-87d7-45f8-8e02-6016441bbf84">
      <id>132863</id>
      <classname>org.openmrs.ConceptName</classname>
      <dateChanged id="323">2022-07-06 19:22:12</dateChanged>
    </org.openmrs.module.metadatasharing.Item>
    <org.openmrs.module.metadatasharing.Item id="324" uuid="803a8ede-399e-490c-bd99-63926b0933f2">
      <id>16541</id>
      <classname>org.openmrs.ConceptDescription</classname>
      <dateChanged id="325">2022-07-06 19:22:12</dateChanged>
    </org.openmrs.module.metadatasharing.Item>
    <org.openmrs.module.metadatasharing.Item id="326" uuid="4c170c78-ea26-4862-a73a-26254dc4eb74">
      <id>132854</id>
      <classname>org.openmrs.ConceptName</classname>
      <dateChanged id="327">2022-07-06 19:18:31</dateChanged>
    </org.openmrs.module.metadatasharing.Item>
    <org.openmrs.module.metadatasharing.Item id="328" uuid="f6402ebf-469c-45dd-aa6e-52b21fb1b7b1">
      <id>16532</id>
      <classname>org.openmrs.ConceptDescription</classname>
      <dateChanged id="329">2022-07-06 19:18:31</dateChanged>
    </org.openmrs.module.metadatasharing.Item>
    <org.openmrs.module.metadatasharing.Item id="330" uuid="008bdc4d-3fc5-42d5-837b-e8acbfeb176e">
      <id>132865</id>
      <classname>org.openmrs.ConceptName</classname>
      <dateChanged id="331">2022-07-06 19:23:39</dateChanged>
    </org.openmrs.module.metadatasharing.Item>
    <org.openmrs.module.metadatasharing.Item id="332" uuid="9b8f29e6-6c49-40fd-8dcf-bc3fda88934d">
      <id>7028</id>
      <classname>org.openmrs.ConceptAnswer</classname>
      <dateChanged id="333">2022-07-06 19:23:39</dateChanged>
    </org.openmrs.module.metadatasharing.Item>
    <org.openmrs.module.metadatasharing.Item id="334" uuid="75d42d2b-8867-474b-a5c9-3267aecec0c3">
      <id>7026</id>
      <classname>org.openmrs.ConceptAnswer</classname>
      <dateChanged id="335">2022-07-06 19:23:39</dateChanged>
    </org.openmrs.module.metadatasharing.Item>
    <org.openmrs.module.metadatasharing.Item id="336" uuid="6b5b7b34-da1d-4bb1-b16b-2fb9b5cbc612">
      <id>7027</id>
      <classname>org.openmrs.ConceptAnswer</classname>
      <dateChanged id="337">2022-07-06 19:23:39</dateChanged>
    </org.openmrs.module.metadatasharing.Item>
    <org.openmrs.module.metadatasharing.Item id="338" uuid="79733119-d637-4f3d-99ab-c9c4ec9ccf97">
      <id>16543</id>
      <classname>org.openmrs.ConceptDescription</classname>
      <dateChanged id="339">2022-07-06 19:23:39</dateChanged>
    </org.openmrs.module.metadatasharing.Item>
    <org.openmrs.module.metadatasharing.Item id="340" uuid="df05e1c2-ace0-4f4c-924d-7c044a06e97f">
      <id>132866</id>
      <classname>org.openmrs.ConceptName</classname>
      <dateChanged id="341">2022-07-06 19:24:22</dateChanged>
    </org.openmrs.module.metadatasharing.Item>
    <org.openmrs.module.metadatasharing.Item id="342" uuid="fd24c815-c246-4625-b973-fba3cf90d0a6">
      <id>7030</id>
      <classname>org.openmrs.ConceptAnswer</classname>
      <dateChanged id="343">2022-07-06 19:24:22</dateChanged>
    </org.openmrs.module.metadatasharing.Item>
    <org.openmrs.module.metadatasharing.Item id="344" uuid="d38a21eb-306a-43e8-a968-2d16a68aed19">
      <id>7029</id>
      <classname>org.openmrs.ConceptAnswer</classname>
      <dateChanged id="345">2022-07-06 19:24:22</dateChanged>
    </org.openmrs.module.metadatasharing.Item>
    <org.openmrs.module.metadatasharing.Item id="346" uuid="555d55e0-e7fe-4739-a910-f58315e9215a">
      <id>16544</id>
      <classname>org.openmrs.ConceptDescription</classname>
      <dateChanged id="347">2022-07-06 19:24:22</dateChanged>
    </org.openmrs.module.metadatasharing.Item>
  </relatedItems>
</package>
