<?xml version="1.0" encoding="UTF-8"?>
<list id="1">
  <org.openmrs.Concept id="2" uuid="1d39e66a-efdb-490b-b2e0-186e4bc92a02">
    <conceptId>55171</conceptId>
    <retired>false</retired>
    <datatype id="3" resolves-to="org.openmrs.ConceptDatatype" uuid="8d4a48b6-c2cc-11de-8d13-0010c6dffd0f">
      <name>Coded</name>
      <description>Value determined by term dictionary lookup (i.e., term identifier)</description>
      <creator/>
      <dateCreated id="4">2004-02-02 00:00:00</dateCreated>
      <retired>false</retired>
      <conceptDatatypeId>2</conceptDatatypeId>
      <hl7Abbreviation>CWE</hl7Abbreviation>
    </datatype>
    <conceptClass id="5" resolves-to="org.openmrs.ConceptClass" uuid="8d4918b0-c2cc-11de-8d13-0010c6dffd0f">
      <name>Diagnosis</name>
      <description>Conclusion drawn through findings</description>
      <creator/>
      <dateCreated id="6">2004-02-02 00:00:00</dateCreated>
      <changedBy/>
      <dateChanged id="7">2022-07-06 17:52:20</dateChanged>
      <retired>false</retired>
      <conceptClassId>4</conceptClassId>
    </conceptClass>
    <set>false</set>
    <creator/>
    <dateCreated id="8">2022-07-06 19:15:03</dateCreated>
    <changedBy/>
    <dateChanged id="9">2022-07-06 19:15:03</dateChanged>
    <names class="set" id="10">
      <org.openmrs.ConceptName id="11" uuid="4e737ee3-950d-4159-a7af-512903484220">
        <conceptNameId>132848</conceptNameId>
        <concept reference="2"/>
        <name>Patient with current diagnosis of TB</name>
        <locale id="12">en</locale>
        <creator/>
        <dateCreated id="13">2022-07-06 19:15:03</dateCreated>
        <voided>false</voided>
        <tags class="set" id="14"/>
        <conceptNameType>FULLY_SPECIFIED</conceptNameType>
        <localePreferred>true</localePreferred>
      </org.openmrs.ConceptName>
    </names>
    <answers class="set" id="15"/>
    <conceptSets class="set" id="16"/>
    <descriptions class="set" id="17">
      <org.openmrs.ConceptDescription id="18" uuid="fa07b19f-a6b7-46c0-b35d-fd42e88a9a8a">
        <conceptDescriptionId>16526</conceptDescriptionId>
        <concept reference="2"/>
        <description>Patient with current diagnosis of TB</description>
        <locale id="19">en</locale>
        <creator/>
        <dateCreated id="20">2022-07-06 19:15:03</dateCreated>
      </org.openmrs.ConceptDescription>
    </descriptions>
    <conceptMappings class="set" id="21"/>
    <attributes id="22"/>
  </org.openmrs.Concept>
  <org.openmrs.Concept id="23" uuid="1e768f24-3171-480c-b8d8-80a43d879237">
    <conceptId>55187</conceptId>
    <retired>false</retired>
    <datatype reference="3"/>
    <conceptClass reference="5"/>
    <set>false</set>
    <creator/>
    <dateCreated id="24">2022-07-06 19:22:32</dateCreated>
    <changedBy/>
    <dateChanged id="25">2022-07-06 19:22:32</dateChanged>
    <names class="set" id="26">
      <org.openmrs.ConceptName id="27" uuid="889f36d4-9eaf-4f29-aed9-8007442cfe92">
        <conceptNameId>132864</conceptNameId>
        <concept reference="23"/>
        <name>Co infected patients (others than TB)</name>
        <locale id="28">en</locale>
        <creator/>
        <dateCreated id="29">2022-07-06 19:22:32</dateCreated>
        <voided>false</voided>
        <tags class="set" id="30"/>
        <conceptNameType>FULLY_SPECIFIED</conceptNameType>
        <localePreferred>true</localePreferred>
      </org.openmrs.ConceptName>
    </names>
    <answers class="set" id="31"/>
    <conceptSets class="set" id="32"/>
    <descriptions class="set" id="33">
      <org.openmrs.ConceptDescription id="34" uuid="a743e167-82dd-49c0-b228-cdcf7433eff4">
        <conceptDescriptionId>16542</conceptDescriptionId>
        <concept reference="23"/>
        <description>Co infected patients (others than TB)</description>
        <locale id="35">en</locale>
        <creator/>
        <dateCreated id="36">2022-07-06 19:22:32</dateCreated>
      </org.openmrs.ConceptDescription>
    </descriptions>
    <conceptMappings class="set" id="37"/>
    <attributes id="38"/>
  </org.openmrs.Concept>
  <org.openmrs.Concept id="39" uuid="434dc525-6cb9-41ff-85bf-68978169fdfd">
    <conceptId>55184</conceptId>
    <retired>false</retired>
    <datatype reference="3"/>
    <conceptClass reference="5"/>
    <set>false</set>
    <creator/>
    <dateCreated id="40">2022-07-06 19:21:33</dateCreated>
    <changedBy/>
    <dateChanged id="41">2022-07-06 19:21:33</dateChanged>
    <names class="set" id="42">
      <org.openmrs.ConceptName id="43" uuid="ea80b776-e9c2-4cdb-a658-8f981041feb2">
        <conceptNameId>132861</conceptNameId>
        <concept reference="39"/>
        <name>LFU and regular defaulters</name>
        <locale id="44">en</locale>
        <creator/>
        <dateCreated id="45">2022-07-06 19:21:33</dateCreated>
        <voided>false</voided>
        <tags class="set" id="46"/>
        <conceptNameType>FULLY_SPECIFIED</conceptNameType>
        <localePreferred>true</localePreferred>
      </org.openmrs.ConceptName>
    </names>
    <answers class="set" id="47"/>
    <conceptSets class="set" id="48"/>
    <descriptions class="set" id="49">
      <org.openmrs.ConceptDescription id="50" uuid="2a561cb1-4559-48ba-8872-6ebc34ac106f">
        <conceptDescriptionId>16539</conceptDescriptionId>
        <concept reference="39"/>
        <description>LFU and regular defaulters</description>
        <locale id="51">en</locale>
        <creator/>
        <dateCreated id="52">2022-07-06 19:21:33</dateCreated>
      </org.openmrs.ConceptDescription>
    </descriptions>
    <conceptMappings class="set" id="53"/>
    <attributes id="54"/>
  </org.openmrs.Concept>
  <org.openmrs.Concept id="55" uuid="aac7ee6c-8a1a-4add-b80a-820e546e9974">
    <conceptId>55181</conceptId>
    <retired>false</retired>
    <datatype reference="3"/>
    <conceptClass reference="5"/>
    <set>false</set>
    <creator/>
    <dateCreated id="56">2022-07-06 19:20:09</dateCreated>
    <changedBy/>
    <dateChanged id="57">2022-07-06 19:20:09</dateChanged>
    <names class="set" id="58">
      <org.openmrs.ConceptName id="59" uuid="63ec9244-db67-477a-908f-4f3ed168b8f8">
        <conceptNameId>132858</conceptNameId>
        <concept reference="55"/>
        <name>Injecting drug use (IDU)</name>
        <locale id="60">en</locale>
        <creator/>
        <dateCreated id="61">2022-07-06 19:20:09</dateCreated>
        <voided>false</voided>
        <tags class="set" id="62"/>
        <conceptNameType>FULLY_SPECIFIED</conceptNameType>
        <localePreferred>true</localePreferred>
      </org.openmrs.ConceptName>
    </names>
    <answers class="set" id="63"/>
    <conceptSets class="set" id="64"/>
    <descriptions class="set" id="65">
      <org.openmrs.ConceptDescription id="66" uuid="3dc8d1e3-16c5-4736-8548-5c3426c1db18">
        <conceptDescriptionId>16536</conceptDescriptionId>
        <concept reference="55"/>
        <description>Injecting drug use (IDU)</description>
        <locale id="67">en</locale>
        <creator/>
        <dateCreated id="68">2022-07-06 19:20:09</dateCreated>
      </org.openmrs.ConceptDescription>
    </descriptions>
    <conceptMappings class="set" id="69"/>
    <attributes id="70"/>
  </org.openmrs.Concept>
  <org.openmrs.Concept id="71" uuid="6f78571e-3654-47a5-b8b6-1339c44372d1">
    <conceptId>55185</conceptId>
    <retired>false</retired>
    <datatype reference="3"/>
    <conceptClass reference="5"/>
    <set>false</set>
    <creator/>
    <dateCreated id="72">2022-07-06 19:21:55</dateCreated>
    <changedBy/>
    <dateChanged id="73">2022-07-06 19:21:55</dateChanged>
    <names class="set" id="74">
      <org.openmrs.ConceptName id="75" uuid="a77cfb8e-5086-4058-ad9f-a0d3d89734f6">
        <conceptNameId>132862</conceptNameId>
        <concept reference="71"/>
        <name>Under Treatment</name>
        <locale id="76">en</locale>
        <creator/>
        <dateCreated id="77">2022-07-06 19:21:55</dateCreated>
        <voided>false</voided>
        <tags class="set" id="78"/>
        <conceptNameType>FULLY_SPECIFIED</conceptNameType>
        <localePreferred>true</localePreferred>
      </org.openmrs.ConceptName>
    </names>
    <answers class="set" id="79"/>
    <conceptSets class="set" id="80"/>
    <descriptions class="set" id="81">
      <org.openmrs.ConceptDescription id="82" uuid="10e814af-959a-4208-9be8-b552f15e31b5">
        <conceptDescriptionId>16540</conceptDescriptionId>
        <concept reference="71"/>
        <description>Under Treatment</description>
        <locale id="83">en</locale>
        <creator/>
        <dateCreated id="84">2022-07-06 19:21:55</dateCreated>
      </org.openmrs.ConceptDescription>
    </descriptions>
    <conceptMappings class="set" id="85"/>
    <attributes id="86"/>
  </org.openmrs.Concept>
  <org.openmrs.Concept id="87" uuid="b4cc66e6-5897-4396-8b45-407ff5540a32">
    <conceptId>55175</conceptId>
    <retired>false</retired>
    <datatype reference="3"/>
    <conceptClass reference="5"/>
    <set>false</set>
    <creator/>
    <dateCreated id="88">2022-07-06 19:17:29</dateCreated>
    <changedBy/>
    <dateChanged id="89">2022-07-06 19:17:29</dateChanged>
    <names class="set" id="90">
      <org.openmrs.ConceptName id="91" uuid="abb9c1ac-0439-4785-a9b5-aa8c6100f7af">
        <conceptNameId>132852</conceptNameId>
        <concept reference="87"/>
        <name>Patient with previous history of TB</name>
        <locale id="92">en</locale>
        <creator/>
        <dateCreated id="93">2022-07-06 19:17:29</dateCreated>
        <voided>false</voided>
        <tags class="set" id="94"/>
        <conceptNameType>FULLY_SPECIFIED</conceptNameType>
        <localePreferred>true</localePreferred>
      </org.openmrs.ConceptName>
    </names>
    <answers class="set" id="95"/>
    <conceptSets class="set" id="96"/>
    <descriptions class="set" id="97">
      <org.openmrs.ConceptDescription id="98" uuid="a20384c3-d554-4141-87f1-9f5c861c531c">
        <conceptDescriptionId>16530</conceptDescriptionId>
        <concept reference="87"/>
        <description>Patient with previous history of TB</description>
        <locale id="99">en</locale>
        <creator/>
        <dateCreated id="100">2022-07-06 19:17:29</dateCreated>
      </org.openmrs.ConceptDescription>
    </descriptions>
    <conceptMappings class="set" id="101"/>
    <attributes id="102"/>
  </org.openmrs.Concept>
  <org.openmrs.Concept id="103" uuid="a76bc481-b23b-4dc6-b236-867114549511">
    <conceptId>55190</conceptId>
    <retired>false</retired>
    <datatype reference="3"/>
    <conceptClass id="104" resolves-to="org.openmrs.ConceptClass" uuid="8d491e50-c2cc-11de-8d13-0010c6dffd0f">
      <name>Question</name>
      <description>Question (eg, patient history, SF36 items)</description>
      <creator/>
      <dateCreated id="105">2004-03-02 00:00:00</dateCreated>
      <changedBy/>
      <dateChanged id="106">2022-07-06 17:52:20</dateChanged>
      <retired>false</retired>
      <conceptClassId>7</conceptClassId>
    </conceptClass>
    <set>false</set>
    <creator/>
    <dateCreated id="107">2022-07-06 19:26:29</dateCreated>
    <changedBy/>
    <dateChanged id="108">2022-07-06 19:26:29</dateChanged>
    <names class="set" id="109">
      <org.openmrs.ConceptName id="110" uuid="dda33f73-9762-4f7c-a776-bc740cd230ed">
        <conceptNameId>132867</conceptNameId>
        <concept reference="103"/>
        <name>High Risk Groups</name>
        <locale id="111">en</locale>
        <creator/>
        <dateCreated id="112">2022-07-06 19:26:29</dateCreated>
        <voided>false</voided>
        <tags class="set" id="113"/>
        <conceptNameType>FULLY_SPECIFIED</conceptNameType>
        <localePreferred>true</localePreferred>
      </org.openmrs.ConceptName>
    </names>
    <answers class="set" id="114">
      <org.openmrs.ConceptAnswer id="115" uuid="ead560e6-844c-4098-9dee-934883919cf2">
        <conceptAnswerId>7031</conceptAnswerId>
        <concept reference="103"/>
        <answerConcept reference="23"/>
        <creator/>
        <dateCreated id="116">2022-07-06 19:26:29</dateCreated>
        <sortWeight>1.0</sortWeight>
      </org.openmrs.ConceptAnswer>
      <org.openmrs.ConceptAnswer id="117" uuid="c2504ab5-8135-45fa-88a7-6f420d745fa0">
        <conceptAnswerId>7032</conceptAnswerId>
        <concept reference="103"/>
        <answerConcept reference="39"/>
        <creator/>
        <dateCreated id="118">2022-07-06 19:26:29</dateCreated>
        <sortWeight>3.0</sortWeight>
      </org.openmrs.ConceptAnswer>
      <org.openmrs.ConceptAnswer id="119" uuid="54f76db9-e9f3-48c9-9470-d16fe6392852">
        <conceptAnswerId>7033</conceptAnswerId>
        <concept reference="103"/>
        <answerConcept id="120" resolves-to="org.openmrs.Concept" uuid="22ac9031-dcfe-4f6b-9273-c45d9554b712">
          <conceptId>55174</conceptId>
          <retired>false</retired>
          <datatype reference="3"/>
          <conceptClass reference="5"/>
          <set>false</set>
          <creator/>
          <dateCreated id="121">2022-07-06 19:16:53</dateCreated>
          <changedBy/>
          <dateChanged id="122">2022-07-06 19:16:53</dateChanged>
          <names class="set" id="123">
            <org.openmrs.ConceptName id="124" uuid="161a5010-267c-49b0-92a2-298672e2524d">
              <conceptNameId>132851</conceptNameId>
              <concept reference="120"/>
              <name>Patient on alternate treatment</name>
              <locale id="125">en</locale>
              <creator/>
              <dateCreated id="126">2022-07-06 19:16:53</dateCreated>
              <voided>false</voided>
              <tags class="set" id="127"/>
              <conceptNameType>FULLY_SPECIFIED</conceptNameType>
              <localePreferred>true</localePreferred>
            </org.openmrs.ConceptName>
          </names>
          <answers class="set" id="128"/>
          <conceptSets class="set" id="129"/>
          <descriptions class="set" id="130">
            <org.openmrs.ConceptDescription id="131" uuid="708d85b0-b323-467e-95f0-0cf10645195b">
              <conceptDescriptionId>16529</conceptDescriptionId>
              <concept reference="120"/>
              <description>Patient on alternate treatment</description>
              <locale id="132">en</locale>
              <creator/>
              <dateCreated id="133">2022-07-06 19:16:53</dateCreated>
            </org.openmrs.ConceptDescription>
          </descriptions>
          <conceptMappings class="set" id="134"/>
          <attributes id="135"/>
        </answerConcept>
        <creator/>
        <dateCreated id="136">2022-07-06 19:26:29</dateCreated>
        <sortWeight>5.0</sortWeight>
      </org.openmrs.ConceptAnswer>
      <org.openmrs.ConceptAnswer id="137" uuid="0569febe-8e0a-4a8d-91fe-97e1675eea13">
        <conceptAnswerId>7034</conceptAnswerId>
        <concept reference="103"/>
        <answerConcept id="138" resolves-to="org.openmrs.Concept" uuid="5622AAAAAAAAAAAAAAAAAAAAAAAAAAAAAAAA">
          <conceptId>53304</conceptId>
          <retired>false</retired>
          <datatype id="139" resolves-to="org.openmrs.ConceptDatatype" uuid="8d4a4c94-c2cc-11de-8d13-0010c6dffd0f">
            <name>N/A</name>
            <description>Not associated with a datatype (e.g., term answers, sets)</description>
            <creator/>
            <dateCreated id="140">2004-02-02 00:00:00</dateCreated>
            <retired>false</retired>
            <conceptDatatypeId>4</conceptDatatypeId>
            <hl7Abbreviation>ZZ</hl7Abbreviation>
          </datatype>
          <conceptClass id="141" resolves-to="org.openmrs.ConceptClass" uuid="8d492774-c2cc-11de-8d13-0010c6dffd0f">
            <name>Misc</name>
            <description>Terms which don&apos;t fit other categories</description>
            <creator/>
            <dateCreated id="142">2004-03-02 00:00:00</dateCreated>
            <changedBy/>
            <dateChanged id="143">2022-07-06 17:52:18</dateChanged>
            <retired>false</retired>
            <conceptClassId>11</conceptClassId>
          </conceptClass>
          <set>false</set>
          <creator/>
          <dateCreated id="144">2022-07-01 07:35:22</dateCreated>
          <changedBy/>
          <dateChanged id="145">2022-07-06 17:52:16</dateChanged>
          <names class="set" id="146">
            <org.openmrs.ConceptName id="147" uuid="135577BBBBBBBBBBBBBBBBBBBBBBBBBBBBBB">
              <conceptNameId>128122</conceptNameId>
              <concept reference="138"/>
              <name>Lòt ki pa-kode</name>
              <locale id="148">ht</locale>
              <creator/>
              <dateCreated id="149">2022-07-01 07:35:22</dateCreated>
              <voided>false</voided>
              <tags class="set" id="150"/>
              <localePreferred>false</localePreferred>
              <changedBy/>
              <dateChanged id="151">2022-07-06 17:52:16</dateChanged>
            </org.openmrs.ConceptName>
            <org.openmrs.ConceptName id="152" uuid="142798BBBBBBBBBBBBBBBBBBBBBBBBBBBBBB">
              <conceptNameId>128124</conceptNameId>
              <concept reference="138"/>
              <name>Autre et non codé</name>
              <locale id="153">fr</locale>
              <creator/>
              <dateCreated id="154">2022-07-01 07:35:22</dateCreated>
              <voided>false</voided>
              <tags class="set" id="155"/>
              <localePreferred>false</localePreferred>
              <changedBy/>
              <dateChanged id="156">2022-07-06 17:52:16</dateChanged>
            </org.openmrs.ConceptName>
            <org.openmrs.ConceptName id="157" uuid="126207BBBBBBBBBBBBBBBBBBBBBBBBBBBBBB">
              <conceptNameId>128125</conceptNameId>
              <concept reference="138"/>
              <name>Other</name>
              <locale id="158">en</locale>
              <creator/>
              <dateCreated id="159">2022-07-01 07:35:22</dateCreated>
              <voided>false</voided>
              <tags class="set" id="160"/>
              <localePreferred>true</localePreferred>
              <changedBy/>
              <dateChanged id="161">2022-07-06 17:52:16</dateChanged>
            </org.openmrs.ConceptName>
            <org.openmrs.ConceptName id="162" uuid="105802BBBBBBBBBBBBBBBBBBBBBBBBBBBBBB">
              <conceptNameId>128126</conceptNameId>
              <concept reference="138"/>
              <name>Autre</name>
              <locale id="163">fr</locale>
              <creator/>
              <dateCreated id="164">2022-07-01 07:35:22</dateCreated>
              <voided>false</voided>
              <tags class="set" id="165"/>
              <localePreferred>true</localePreferred>
              <changedBy/>
              <dateChanged id="166">2022-07-06 17:52:16</dateChanged>
            </org.openmrs.ConceptName>
            <org.openmrs.ConceptName id="167" uuid="134542BBBBBBBBBBBBBBBBBBBBBBBBBBBBBB">
              <conceptNameId>128127</conceptNameId>
              <concept reference="138"/>
              <name>LÒT SAN-KÒD</name>
              <locale id="168">ht</locale>
              <creator/>
              <dateCreated id="169">2022-07-01 07:35:22</dateCreated>
              <voided>false</voided>
              <tags class="set" id="170"/>
              <localePreferred>false</localePreferred>
              <changedBy/>
              <dateChanged id="171">2022-07-06 17:52:16</dateChanged>
            </org.openmrs.ConceptName>
            <org.openmrs.ConceptName id="172" uuid="2761BBBBBBBBBBBBBBBBBBBBBBBBBBBBBBBB">
              <conceptNameId>128128</conceptNameId>
              <concept reference="138"/>
              <name>Other non-coded</name>
              <locale id="173">en</locale>
              <creator/>
              <dateCreated id="174">2022-07-01 07:35:22</dateCreated>
              <voided>false</voided>
              <tags class="set" id="175"/>
              <conceptNameType>FULLY_SPECIFIED</conceptNameType>
              <localePreferred>false</localePreferred>
              <changedBy/>
              <dateChanged id="176">2022-07-06 17:52:16</dateChanged>
            </org.openmrs.ConceptName>
            <org.openmrs.ConceptName id="177" uuid="110113BBBBBBBBBBBBBBBBBBBBBBBBBBBBBB">
              <conceptNameId>128129</conceptNameId>
              <concept reference="138"/>
              <name>Nyinginezo</name>
              <locale id="178">sw</locale>
              <creator/>
              <dateCreated id="179">2022-07-01 07:35:22</dateCreated>
              <voided>false</voided>
              <tags class="set" id="180"/>
              <localePreferred>true</localePreferred>
              <changedBy/>
              <dateChanged id="181">2022-07-06 17:52:16</dateChanged>
            </org.openmrs.ConceptName>
            <org.openmrs.ConceptName id="182" uuid="134541BBBBBBBBBBBBBBBBBBBBBBBBBBBBBB">
              <conceptNameId>128130</conceptNameId>
              <concept reference="138"/>
              <name>Lòt</name>
              <locale id="183">ht</locale>
              <creator/>
              <dateCreated id="184">2022-07-01 07:35:22</dateCreated>
              <voided>false</voided>
              <tags class="set" id="185"/>
              <localePreferred>true</localePreferred>
              <changedBy/>
              <dateChanged id="186">2022-07-06 17:52:16</dateChanged>
            </org.openmrs.ConceptName>
            <org.openmrs.ConceptName id="187" uuid="110860BBBBBBBBBBBBBBBBBBBBBBBBBBBBBB">
              <conceptNameId>128131</conceptNameId>
              <concept reference="138"/>
              <name>Otro no codificado</name>
              <locale id="188">es</locale>
              <creator/>
              <dateCreated id="189">2022-07-01 07:35:22</dateCreated>
              <voided>false</voided>
              <tags class="set" id="190"/>
              <localePreferred>true</localePreferred>
              <changedBy/>
              <dateChanged id="191">2022-07-06 17:52:16</dateChanged>
            </org.openmrs.ConceptName>
          </names>
          <answers class="set" id="192"/>
          <conceptSets class="set" id="193"/>
          <descriptions class="set" id="194">
            <org.openmrs.ConceptDescription id="195" uuid="2253FFFFFFFFFFFFFFFFFFFFFFFFFFFFFFFF">
              <conceptDescriptionId>14771</conceptDescriptionId>
              <concept reference="138"/>
              <description>A generic, descriptive answer which is a handwritten, non-coded response to a question.</description>
              <locale id="196">en</locale>
              <creator/>
              <dateCreated id="197">2022-07-01 07:35:22</dateCreated>
              <changedBy/>
              <dateChanged id="198">2022-07-06 17:52:16</dateChanged>
            </org.openmrs.ConceptDescription>
          </descriptions>
          <conceptMappings class="set" id="199">
            <org.openmrs.ConceptMap id="200" uuid="144395ABBBBBBBBBBBBBBBBBBBBBBBBBBBBB">
              <conceptMapType id="201" resolves-to="org.openmrs.ConceptMapType" uuid="35543629-7d8c-11e1-909d-c80aa9edcf4e">
                <name>SAME-AS</name>
                <creator/>
                <dateCreated id="202">2018-10-12 00:00:00</dateCreated>
                <changedBy/>
                <dateChanged id="203">2022-07-06 17:52:20</dateChanged>
                <retired>false</retired>
                <conceptMapTypeId>1</conceptMapTypeId>
                <isHidden>false</isHidden>
              </conceptMapType>
              <creator/>
              <changedBy/>
              <dateCreated id="204">2022-07-01 07:49:19</dateCreated>
              <dateChanged id="205">2022-07-06 17:52:16</dateChanged>
              <conceptMapId>212674</conceptMapId>
              <concept reference="138"/>
              <conceptReferenceTerm id="206" resolves-to="org.openmrs.ConceptReferenceTerm" uuid="c3a51e29-438c-48b4-9d2d-025d69423d03">
                <creator/>
                <dateCreated id="207">2022-07-01 07:49:19</dateCreated>
                <changedBy/>
                <dateChanged id="208">2022-07-06 17:52:16</dateChanged>
                <retired>true</retired>
                <dateRetired id="209">2022-07-06 17:52:16</dateRetired>
                <retiredBy/>
                <retireReason>OCL subscription</retireReason>
                <conceptReferenceTermId>164956</conceptReferenceTermId>
                <conceptSource id="210" resolves-to="org.openmrs.ConceptSource" uuid="e36d4d0c-3e8a-5540-b662-b8784d4098f7">
                  <name>PIH-Malawi</name>
                  <description>Imported from /orgs/CIEL/sources/CIEL/mappings/308015/</description>
                  <creator/>
                  <dateCreated id="211">2022-07-01 07:36:26</dateCreated>
                  <changedBy/>
                  <dateChanged id="212">2022-07-06 17:52:18</dateChanged>
                  <retired>false</retired>
                  <conceptSourceId>34</conceptSourceId>
                </conceptSource>
                <code>6408</code>
                <conceptReferenceTermMaps id="213"/>
              </conceptReferenceTerm>
            </org.openmrs.ConceptMap>
            <org.openmrs.ConceptMap id="214" uuid="137878ABBBBBBBBBBBBBBBBBBBBBBBBBBBBB">
              <conceptMapType reference="201"/>
              <creator/>
              <changedBy/>
              <dateCreated id="215">2022-07-01 07:47:27</dateCreated>
              <dateChanged id="216">2022-07-06 17:52:16</dateChanged>
              <conceptMapId>173799</conceptMapId>
              <concept reference="138"/>
              <conceptReferenceTerm id="217" resolves-to="org.openmrs.ConceptReferenceTerm" uuid="d44f1c68-79bd-4ba7-8d77-5e67451de35b">
                <creator/>
                <dateCreated id="218">2022-07-01 07:47:27</dateCreated>
                <changedBy/>
                <dateChanged id="219">2022-07-06 17:52:16</dateChanged>
                <retired>false</retired>
                <conceptReferenceTermId>155048</conceptReferenceTermId>
                <conceptSource id="220" resolves-to="org.openmrs.ConceptSource" uuid="7ffb76d5-ff2b-527d-a585-cf2106882c3b">
                  <name>org.openmrs.module.mdrtb</name>
                  <description>Imported from /orgs/CIEL/sources/CIEL/mappings/317335/</description>
                  <creator/>
                  <dateCreated id="221">2022-07-01 07:36:35</dateCreated>
                  <changedBy/>
                  <dateChanged id="222">2022-07-06 17:52:18</dateChanged>
                  <retired>false</retired>
                  <conceptSourceId>36</conceptSourceId>
                </conceptSource>
                <code>OTHER</code>
                <conceptReferenceTermMaps id="223"/>
              </conceptReferenceTerm>
            </org.openmrs.ConceptMap>
            <org.openmrs.ConceptMap id="224" uuid="77ae1072-f97e-3c41-ad82-8746ad6f9c26">
              <conceptMapType reference="201"/>
              <creator/>
              <changedBy/>
              <dateCreated id="225">2022-07-01 07:47:27</dateCreated>
              <dateChanged id="226">2022-07-06 17:52:16</dateChanged>
              <conceptMapId>173846</conceptMapId>
              <concept reference="138"/>
              <conceptReferenceTerm id="227" resolves-to="org.openmrs.ConceptReferenceTerm" uuid="cbbfecc1-bb90-4d27-83b2-e39db9ab5a03">
                <creator/>
                <dateCreated id="228">2022-07-01 07:47:27</dateCreated>
                <changedBy/>
                <dateChanged id="229">2022-07-06 17:52:16</dateChanged>
                <retired>false</retired>
                <conceptReferenceTermId>155089</conceptReferenceTermId>
                <conceptSource id="230" resolves-to="org.openmrs.ConceptSource" uuid="de7432c3-52d7-5f84-aff4-dbaaf9cfc49d">
                  <name>CIEL</name>
                  <description>Columbia International eHealth Laboratory concept ID</description>
                  <creator/>
                  <dateCreated id="231">2013-07-03 15:55:03</dateCreated>
                  <changedBy/>
                  <dateChanged id="232">2022-07-06 17:52:20</dateChanged>
                  <retired>false</retired>
                  <conceptSourceId>2</conceptSourceId>
                </conceptSource>
                <code>5622</code>
                <conceptReferenceTermMaps id="233"/>
              </conceptReferenceTerm>
            </org.openmrs.ConceptMap>
            <org.openmrs.ConceptMap id="234" uuid="141670ABBBBBBBBBBBBBBBBBBBBBBBBBBBBB">
              <conceptMapType reference="201"/>
              <creator/>
              <changedBy/>
              <dateCreated id="235">2022-07-01 07:47:27</dateCreated>
              <dateChanged id="236">2022-07-06 17:52:16</dateChanged>
              <conceptMapId>173868</conceptMapId>
              <concept reference="138"/>
              <conceptReferenceTerm id="237" resolves-to="org.openmrs.ConceptReferenceTerm" uuid="97225d37-37d8-43b8-a49e-902d66d097a7">
                <creator/>
                <dateCreated id="238">2022-07-01 07:47:27</dateCreated>
                <changedBy/>
                <dateChanged id="239">2022-07-06 17:52:16</dateChanged>
                <retired>false</retired>
                <conceptReferenceTermId>155107</conceptReferenceTermId>
                <conceptSource id="240" resolves-to="org.openmrs.ConceptSource" uuid="7f4822bf-567e-51fa-86e4-9345d522c923">
                  <name>SNOMED-MVP</name>
                  <description>Imported from /orgs/CIEL/sources/CIEL/mappings/307490/</description>
                  <creator/>
                  <dateCreated id="241">2022-07-01 07:36:37</dateCreated>
                  <changedBy/>
                  <dateChanged id="242">2022-07-06 17:52:16</dateChanged>
                  <retired>false</retired>
                  <conceptSourceId>37</conceptSourceId>
                </conceptSource>
                <code>56221000105001</code>
                <conceptReferenceTermMaps id="243"/>
              </conceptReferenceTerm>
            </org.openmrs.ConceptMap>
            <org.openmrs.ConceptMap id="244" uuid="143666ABBBBBBBBBBBBBBBBBBBBBBBBBBBBB">
              <conceptMapType reference="201"/>
              <creator/>
              <changedBy/>
              <dateCreated id="245">2022-07-01 07:47:27</dateCreated>
              <dateChanged id="246">2022-07-06 17:52:16</dateChanged>
              <conceptMapId>173770</conceptMapId>
              <concept reference="138"/>
              <conceptReferenceTerm id="247" resolves-to="org.openmrs.ConceptReferenceTerm" uuid="894972dc-7c80-48d6-b86c-ef53e93d9eff">
                <creator/>
                <dateCreated id="248">2022-07-01 07:47:22</dateCreated>
                <changedBy/>
                <dateChanged id="249">2022-07-06 17:52:16</dateChanged>
                <retired>false</retired>
                <conceptReferenceTermId>154027</conceptReferenceTermId>
                <conceptSource id="250" resolves-to="org.openmrs.ConceptSource" uuid="71713b98-4ee1-5e46-ae0b-45bc4b3875ea">
                  <name>PIH</name>
                  <description>Imported from /orgs/CIEL/sources/CIEL/mappings/630775/</description>
                  <creator/>
                  <dateCreated id="251">2022-07-01 07:35:28</dateCreated>
                  <changedBy/>
                  <dateChanged id="252">2022-07-06 17:52:18</dateChanged>
                  <retired>false</retired>
                  <conceptSourceId>15</conceptSourceId>
                </conceptSource>
                <code>5622</code>
                <conceptReferenceTermMaps id="253"/>
              </conceptReferenceTerm>
            </org.openmrs.ConceptMap>
            <org.openmrs.ConceptMap id="254" uuid="135771ABBBBBBBBBBBBBBBBBBBBBBBBBBBBB">
              <conceptMapType reference="201"/>
              <creator/>
              <changedBy/>
              <dateCreated id="255">2022-07-01 07:47:27</dateCreated>
              <dateChanged id="256">2022-07-06 17:52:16</dateChanged>
              <conceptMapId>173836</conceptMapId>
              <concept reference="138"/>
              <conceptReferenceTerm id="257" resolves-to="org.openmrs.ConceptReferenceTerm" uuid="ee5873f8-5dc6-4b70-9024-d4a04c1985a1">
                <creator/>
                <dateCreated id="258">2022-07-01 07:47:27</dateCreated>
                <changedBy/>
                <dateChanged id="259">2022-07-06 17:52:16</dateChanged>
                <retired>false</retired>
                <conceptReferenceTermId>155081</conceptReferenceTermId>
                <conceptSource id="260" resolves-to="org.openmrs.ConceptSource" uuid="7ea90041-b784-5b8a-b26a-152ea4a3af8f">
                  <name>AMPATH</name>
                  <description>Imported from /orgs/CIEL/sources/CIEL/mappings/325652/</description>
                  <creator/>
                  <dateCreated id="261">2022-07-01 07:36:14</dateCreated>
                  <changedBy/>
                  <dateChanged id="262">2022-07-06 17:52:18</dateChanged>
                  <retired>false</retired>
                  <conceptSourceId>31</conceptSourceId>
                </conceptSource>
                <code>5622</code>
                <conceptReferenceTermMaps id="263"/>
              </conceptReferenceTerm>
            </org.openmrs.ConceptMap>
            <org.openmrs.ConceptMap id="264" uuid="137766ABBBBBBBBBBBBBBBBBBBBBBBBBBBBB">
              <conceptMapType id="265" resolves-to="org.openmrs.ConceptMapType" uuid="43ac5109-7d8c-11e1-909d-c80aa9edcf4e">
                <name>NARROWER-THAN</name>
                <creator/>
                <dateCreated id="266">2018-10-12 00:00:00</dateCreated>
                <changedBy/>
                <dateChanged id="267">2022-07-06 17:52:20</dateChanged>
                <retired>false</retired>
                <conceptMapTypeId>2</conceptMapTypeId>
                <isHidden>false</isHidden>
              </conceptMapType>
              <creator/>
              <changedBy/>
              <dateCreated id="268">2022-07-01 07:47:27</dateCreated>
              <dateChanged id="269">2022-07-06 17:52:16</dateChanged>
              <conceptMapId>173900</conceptMapId>
              <concept reference="138"/>
              <conceptReferenceTerm id="270" resolves-to="org.openmrs.ConceptReferenceTerm" uuid="e9612ed2-8d0d-4e69-bd79-cd2c71d6cd82">
                <creator/>
                <dateCreated id="271">2022-07-01 07:47:27</dateCreated>
                <changedBy/>
                <dateChanged id="272">2022-07-06 17:52:16</dateChanged>
                <retired>false</retired>
                <conceptReferenceTermId>155136</conceptReferenceTermId>
                <conceptSource id="273" resolves-to="org.openmrs.ConceptSource" uuid="171a5df4-acac-5e9b-b59b-50ecc9460a4a">
                  <name>SNOMED-CT</name>
                  <description>Imported from https://api.openconceptlab.org/orgs/CIEL/sources/CIEL/mappings/1000667/</description>
                  <creator/>
                  <dateCreated id="274">2022-01-03 16:36:31</dateCreated>
                  <changedBy/>
                  <dateChanged id="275">2022-07-06 17:52:20</dateChanged>
                  <retired>false</retired>
                  <conceptSourceId>4</conceptSourceId>
                </conceptSource>
                <code>74964007</code>
                <conceptReferenceTermMaps id="276"/>
              </conceptReferenceTerm>
            </org.openmrs.ConceptMap>
          </conceptMappings>
          <attributes id="277"/>
        </answerConcept>
        <creator/>
        <dateCreated id="278">2022-07-06 19:26:29</dateCreated>
        <sortWeight>2.0</sortWeight>
      </org.openmrs.ConceptAnswer>
      <org.openmrs.ConceptAnswer id="279" uuid="78ed30e0-d5ef-4d0f-8171-fa068326a140">
        <conceptAnswerId>7035</conceptAnswerId>
        <concept reference="103"/>
        <answerConcept id="280" resolves-to="org.openmrs.Concept" uuid="cd4d5f32-f488-43e0-a6cd-55fff5fd6315">
          <conceptId>55172</conceptId>
          <retired>false</retired>
          <datatype reference="3"/>
          <conceptClass reference="5"/>
          <set>false</set>
          <creator/>
          <dateCreated id="281">2022-07-06 19:15:30</dateCreated>
          <changedBy/>
          <dateChanged id="282">2022-07-06 19:15:30</dateChanged>
          <names class="set" id="283">
            <org.openmrs.ConceptName id="284" uuid="7f2e4aaa-fdc2-4683-820e-e8ae23e51706">
              <conceptNameId>132849</conceptNameId>
              <concept reference="280"/>
              <name>Patient with family issues</name>
              <locale id="285">en</locale>
              <creator/>
              <dateCreated id="286">2022-07-06 19:15:30</dateCreated>
              <voided>false</voided>
              <tags class="set" id="287"/>
              <conceptNameType>FULLY_SPECIFIED</conceptNameType>
              <localePreferred>true</localePreferred>
            </org.openmrs.ConceptName>
          </names>
          <answers class="set" id="288"/>
          <conceptSets class="set" id="289"/>
          <descriptions class="set" id="290">
            <org.openmrs.ConceptDescription id="291" uuid="1fcb14f1-8de6-40d2-8b07-b37ee7653186">
              <conceptDescriptionId>16527</conceptDescriptionId>
              <concept reference="280"/>
              <description>Patient with family issues</description>
              <locale id="292">en</locale>
              <creator/>
              <dateCreated id="293">2022-07-06 19:15:30</dateCreated>
            </org.openmrs.ConceptDescription>
          </descriptions>
          <conceptMappings class="set" id="294"/>
          <attributes id="295"/>
        </answerConcept>
        <creator/>
        <dateCreated id="296">2022-07-06 19:26:29</dateCreated>
        <sortWeight>4.0</sortWeight>
      </org.openmrs.ConceptAnswer>
      <org.openmrs.ConceptAnswer id="297" uuid="0514dfdd-b7c8-4c29-9fe9-7324b9dc99d4">
        <conceptAnswerId>7036</conceptAnswerId>
        <concept reference="103"/>
        <answerConcept id="298" resolves-to="org.openmrs.Concept" uuid="da0e91e4-4a16-4d4d-809d-aa1df4fabd75">
          <conceptId>55179</conceptId>
          <retired>false</retired>
          <datatype reference="3"/>
          <conceptClass reference="5"/>
          <set>false</set>
          <creator/>
          <dateCreated id="299">2022-07-06 19:19:26</dateCreated>
          <changedBy/>
          <dateChanged id="300">2022-07-06 19:19:26</dateChanged>
          <names class="set" id="301">
            <org.openmrs.ConceptName id="302" uuid="3c8cfe04-e996-48d5-b438-dc1f4d850af7">
              <conceptNameId>132856</conceptNameId>
              <concept reference="298"/>
              <name>2nd Line</name>
              <locale id="303">en</locale>
              <creator/>
              <dateCreated id="304">2022-07-06 19:19:26</dateCreated>
              <voided>false</voided>
              <tags class="set" id="305"/>
              <conceptNameType>FULLY_SPECIFIED</conceptNameType>
              <localePreferred>true</localePreferred>
            </org.openmrs.ConceptName>
          </names>
          <answers class="set" id="306"/>
          <conceptSets class="set" id="307"/>
          <descriptions class="set" id="308">
            <org.openmrs.ConceptDescription id="309" uuid="163f1446-9ad0-4e51-88c5-05d982326809">
              <conceptDescriptionId>16534</conceptDescriptionId>
              <concept reference="298"/>
              <description>2nd Line</description>
              <locale id="310">en</locale>
              <creator/>
              <dateCreated id="311">2022-07-06 19:19:26</dateCreated>
            </org.openmrs.ConceptDescription>
          </descriptions>
          <conceptMappings class="set" id="312"/>
          <attributes id="313"/>
        </answerConcept>
        <creator/>
        <dateCreated id="314">2022-07-06 19:26:29</dateCreated>
        <sortWeight>6.0</sortWeight>
      </org.openmrs.ConceptAnswer>
    </answers>
    <conceptSets class="set" id="315"/>
    <descriptions class="set" id="316">
      <org.openmrs.ConceptDescription id="317" uuid="783e5553-3fba-4b5f-81e4-5c5a44d2222e">
        <conceptDescriptionId>16545</conceptDescriptionId>
        <concept reference="103"/>
        <description>High Risk Groups</description>
        <locale id="318">en</locale>
        <creator/>
        <dateCreated id="319">2022-07-06 19:26:29</dateCreated>
      </org.openmrs.ConceptDescription>
    </descriptions>
    <conceptMappings class="set" id="320"/>
    <attributes id="321"/>
  </org.openmrs.Concept>
  <org.openmrs.Concept id="322" uuid="73e0048e-fa08-4fa1-9f6a-befde3d2fd02">
    <conceptId>55182</conceptId>
    <retired>false</retired>
    <datatype reference="3"/>
    <conceptClass reference="5"/>
    <set>false</set>
    <creator/>
    <dateCreated id="323">2022-07-06 19:20:38</dateCreated>
    <changedBy/>
    <dateChanged id="324">2022-07-06 19:20:38</dateChanged>
    <names class="set" id="325">
      <org.openmrs.ConceptName id="326" uuid="3dfd80f9-ab0f-4bb4-92ad-9039ac3213e5">
        <conceptNameId>132859</conceptNameId>
        <concept reference="322"/>
        <name>Trucker</name>
        <locale id="327">en</locale>
        <creator/>
        <dateCreated id="328">2022-07-06 19:20:38</dateCreated>
        <voided>false</voided>
        <tags class="set" id="329"/>
        <conceptNameType>FULLY_SPECIFIED</conceptNameType>
        <localePreferred>true</localePreferred>
      </org.openmrs.ConceptName>
    </names>
    <answers class="set" id="330"/>
    <conceptSets class="set" id="331"/>
    <descriptions class="set" id="332">
      <org.openmrs.ConceptDescription id="333" uuid="fff74382-65bb-4f57-9e7f-596c790432b7">
        <conceptDescriptionId>16537</conceptDescriptionId>
        <concept reference="322"/>
        <description>Trucker</description>
        <locale id="334">en</locale>
        <creator/>
        <dateCreated id="335">2022-07-06 19:20:38</dateCreated>
      </org.openmrs.ConceptDescription>
    </descriptions>
    <conceptMappings class="set" id="336"/>
    <attributes id="337"/>
  </org.openmrs.Concept>
  <org.openmrs.Concept id="338" uuid="659e4512-f5d0-411c-8439-8b7f795ee3cd">
    <conceptId>55191</conceptId>
    <retired>false</retired>
    <datatype reference="3"/>
    <conceptClass reference="104"/>
    <set>false</set>
    <creator/>
    <dateCreated id="339">2022-07-06 19:28:35</dateCreated>
    <changedBy/>
    <dateChanged id="340">2022-07-06 19:28:35</dateChanged>
    <names class="set" id="341">
      <org.openmrs.ConceptName id="342" uuid="361b13fe-2b58-4e3c-8d3d-a9b6a6dc1bf6">
        <conceptNameId>132868</conceptNameId>
        <concept reference="338"/>
        <name>Risk factor for HIV</name>
        <locale id="343">en</locale>
        <creator/>
        <dateCreated id="344">2022-07-06 19:28:35</dateCreated>
        <voided>false</voided>
        <tags class="set" id="345"/>
        <conceptNameType>FULLY_SPECIFIED</conceptNameType>
        <localePreferred>true</localePreferred>
      </org.openmrs.ConceptName>
    </names>
    <answers class="set" id="346">
      <org.openmrs.ConceptAnswer id="347" uuid="edbd914f-81ff-4bc3-a8d9-678c01daf4f5">
        <conceptAnswerId>7037</conceptAnswerId>
        <concept reference="338"/>
        <answerConcept reference="55"/>
        <creator/>
        <dateCreated id="348">2022-07-06 19:28:35</dateCreated>
        <sortWeight>3.0</sortWeight>
      </org.openmrs.ConceptAnswer>
      <org.openmrs.ConceptAnswer id="349" uuid="327ca930-80ed-4b98-bef1-725078152d47">
        <conceptAnswerId>7038</conceptAnswerId>
        <concept reference="338"/>
        <answerConcept id="350" resolves-to="org.openmrs.Concept" uuid="5760e873-aef3-4ed3-a246-7bcd1bd37ec0">
          <conceptId>55176</conceptId>
          <retired>false</retired>
          <datatype reference="3"/>
          <conceptClass reference="5"/>
          <set>false</set>
          <creator/>
          <dateCreated id="351">2022-07-06 19:17:52</dateCreated>
          <changedBy/>
          <dateChanged id="352">2022-07-06 19:17:52</dateChanged>
          <names class="set" id="353">
            <org.openmrs.ConceptName id="354" uuid="a151a6d1-bb5d-44c9-b4f9-dd846af4d08a">
              <conceptNameId>132853</conceptNameId>
              <concept reference="350"/>
              <name>Commercial sex work</name>
              <locale id="355">en</locale>
              <creator/>
              <dateCreated id="356">2022-07-06 19:17:52</dateCreated>
              <voided>false</voided>
              <tags class="set" id="357"/>
              <conceptNameType>FULLY_SPECIFIED</conceptNameType>
              <localePreferred>true</localePreferred>
            </org.openmrs.ConceptName>
          </names>
          <answers class="set" id="358"/>
          <conceptSets class="set" id="359"/>
          <descriptions class="set" id="360">
            <org.openmrs.ConceptDescription id="361" uuid="063672f5-99e3-4e7d-8ad8-58a6a934e3e7">
              <conceptDescriptionId>16531</conceptDescriptionId>
              <concept reference="350"/>
              <description>Commercial sex work</description>
              <locale id="362">en</locale>
              <creator/>
              <dateCreated id="363">2022-07-06 19:17:52</dateCreated>
            </org.openmrs.ConceptDescription>
          </descriptions>
          <conceptMappings class="set" id="364"/>
          <attributes id="365"/>
        </answerConcept>
        <creator/>
        <dateCreated id="366">2022-07-06 19:28:35</dateCreated>
        <sortWeight>9.0</sortWeight>
      </org.openmrs.ConceptAnswer>
      <org.openmrs.ConceptAnswer id="367" uuid="b2c19127-e093-43b0-af30-f9951f18111f">
        <conceptAnswerId>7039</conceptAnswerId>
        <concept reference="338"/>
        <answerConcept id="368" resolves-to="org.openmrs.Concept" uuid="160578AAAAAAAAAAAAAAAAAAAAAAAAAAAAAA">
          <conceptId>6418</conceptId>
          <retired>false</retired>
          <datatype reference="139"/>
          <conceptClass id="369" resolves-to="org.openmrs.ConceptClass" uuid="8d491a9a-c2cc-11de-8d13-0010c6dffd0f">
            <name>Finding</name>
            <description>Practitioner observation/finding</description>
            <creator/>
            <dateCreated id="370">2004-03-02 00:00:00</dateCreated>
            <changedBy/>
            <dateChanged id="371">2022-07-06 17:52:18</dateChanged>
            <retired>false</retired>
            <conceptClassId>5</conceptClassId>
          </conceptClass>
          <set>false</set>
          <creator/>
          <dateCreated id="372">2022-07-01 07:33:59</dateCreated>
          <changedBy/>
          <dateChanged id="373">2022-07-01 07:33:59</dateChanged>
          <names class="set" id="374">
            <org.openmrs.ConceptName id="375" uuid="108989BBBBBBBBBBBBBBBBBBBBBBBBBBBBBB">
              <conceptNameId>14143</conceptNameId>
              <concept reference="368"/>
              <name>MSM</name>
              <locale id="376">en</locale>
              <creator/>
              <dateCreated id="377">2022-07-01 07:33:59</dateCreated>
              <voided>false</voided>
              <tags class="set" id="378"/>
              <conceptNameType>SHORT</conceptNameType>
              <localePreferred>false</localePreferred>
            </org.openmrs.ConceptName>
            <org.openmrs.ConceptName id="379" uuid="108990BBBBBBBBBBBBBBBBBBBBBBBBBBBBBB">
              <conceptNameId>14145</conceptNameId>
              <concept reference="368"/>
              <name>Male who has sex with men</name>
              <locale id="380">en</locale>
              <creator/>
              <dateCreated id="381">2022-07-01 07:33:59</dateCreated>
              <voided>false</voided>
              <tags class="set" id="382"/>
              <conceptNameType>FULLY_SPECIFIED</conceptNameType>
              <localePreferred>true</localePreferred>
            </org.openmrs.ConceptName>
          </names>
          <answers class="set" id="383"/>
          <conceptSets class="set" id="384"/>
          <descriptions class="set" id="385">
            <org.openmrs.ConceptDescription id="386" uuid="16766FFFFFFFFFFFFFFFFFFFFFFFFFFFFFFF">
              <conceptDescriptionId>1891</conceptDescriptionId>
              <concept reference="368"/>
              <description>Risk factor for HIV</description>
              <locale id="387">en</locale>
              <creator/>
              <dateCreated id="388">2022-07-01 07:33:59</dateCreated>
            </org.openmrs.ConceptDescription>
          </descriptions>
          <conceptMappings class="set" id="389">
            <org.openmrs.ConceptMap id="390" uuid="144687ABBBBBBBBBBBBBBBBBBBBBBBBBBBBB">
              <conceptMapType reference="265"/>
              <creator/>
              <dateCreated id="391">2022-07-01 07:36:30</dateCreated>
              <conceptMapId>14751</conceptMapId>
              <concept reference="368"/>
              <conceptReferenceTerm id="392" resolves-to="org.openmrs.ConceptReferenceTerm" uuid="9095699a-3ea6-401c-a275-473695cdb7f2">
                <creator/>
                <dateCreated id="393">2022-07-01 07:35:46</dateCreated>
                <retired>false</retired>
                <conceptReferenceTermId>3735</conceptReferenceTermId>
                <conceptSource reference="273"/>
                <code>266974005</code>
                <conceptReferenceTermMaps id="394"/>
              </conceptReferenceTerm>
            </org.openmrs.ConceptMap>
            <org.openmrs.ConceptMap id="395" uuid="8c0bfbba-60e9-3c86-8531-14a91a7199e9">
              <conceptMapType reference="201"/>
              <creator/>
              <dateCreated id="396">2022-07-01 07:36:31</dateCreated>
              <conceptMapId>14813</conceptMapId>
              <concept reference="368"/>
              <conceptReferenceTerm id="397" resolves-to="org.openmrs.ConceptReferenceTerm" uuid="1e3bdc6e-493c-498f-99e3-01939fcd26c9">
                <creator/>
                <dateCreated id="398">2022-07-01 07:36:31</dateCreated>
                <retired>false</retired>
                <conceptReferenceTermId>13167</conceptReferenceTermId>
                <conceptSource reference="230"/>
                <code>160578</code>
                <conceptReferenceTermMaps id="399"/>
              </conceptReferenceTerm>
            </org.openmrs.ConceptMap>
          </conceptMappings>
          <attributes id="400"/>
        </answerConcept>
        <creator/>
        <dateCreated id="401">2022-07-06 19:28:35</dateCreated>
        <sortWeight>2.0</sortWeight>
      </org.openmrs.ConceptAnswer>
      <org.openmrs.ConceptAnswer id="402" uuid="1a55767f-a0b1-4dfd-a7cf-267cb75e1bfa">
        <conceptAnswerId>7040</conceptAnswerId>
        <concept reference="338"/>
        <answerConcept reference="322"/>
        <creator/>
        <dateCreated id="403">2022-07-06 19:28:35</dateCreated>
        <sortWeight>5.0</sortWeight>
      </org.openmrs.ConceptAnswer>
      <org.openmrs.ConceptAnswer id="404" uuid="0ef0199c-b50c-44be-ba72-2deddac47acb">
        <conceptAnswerId>7041</conceptAnswerId>
        <concept reference="338"/>
        <answerConcept id="405" resolves-to="org.openmrs.Concept" uuid="edee74fb-ebfc-4d32-9987-887a22de5ddd">
          <conceptId>55180</conceptId>
          <retired>false</retired>
          <datatype reference="3"/>
          <conceptClass reference="5"/>
          <set>false</set>
          <creator/>
          <dateCreated id="406">2022-07-06 19:19:45</dateCreated>
          <changedBy/>
          <dateChanged id="407">2022-07-06 19:19:45</dateChanged>
          <names class="set" id="408">
            <org.openmrs.ConceptName id="409" uuid="1c7ee145-3561-4b53-bb84-002865132e84">
              <conceptNameId>132857</conceptNameId>
              <concept reference="405"/>
              <name>Heterosexual</name>
              <locale id="410">en</locale>
              <creator/>
              <dateCreated id="411">2022-07-06 19:19:45</dateCreated>
              <voided>false</voided>
              <tags class="set" id="412"/>
              <conceptNameType>FULLY_SPECIFIED</conceptNameType>
              <localePreferred>true</localePreferred>
            </org.openmrs.ConceptName>
          </names>
          <answers class="set" id="413"/>
          <conceptSets class="set" id="414"/>
          <descriptions class="set" id="415">
            <org.openmrs.ConceptDescription id="416" uuid="7e817736-dac9-4634-a97c-584ed03017a6">
              <conceptDescriptionId>16535</conceptDescriptionId>
              <concept reference="405"/>
              <description>Heterosexual</description>
              <locale id="417">en</locale>
              <creator/>
              <dateCreated id="418">2022-07-06 19:19:45</dateCreated>
            </org.openmrs.ConceptDescription>
          </descriptions>
          <conceptMappings class="set" id="419"/>
          <attributes id="420"/>
        </answerConcept>
        <creator/>
        <dateCreated id="421">2022-07-06 19:28:35</dateCreated>
        <sortWeight>1.0</sortWeight>
      </org.openmrs.ConceptAnswer>
      <org.openmrs.ConceptAnswer id="422" uuid="2adeb623-0c78-4962-adbd-4dc387f5937f">
        <conceptAnswerId>7042</conceptAnswerId>
        <concept reference="338"/>
        <answerConcept id="423" resolves-to="org.openmrs.Concept" uuid="fa9e56ed-0978-46c1-9c28-aed7059cbea3">
          <conceptId>55178</conceptId>
          <retired>false</retired>
          <datatype reference="3"/>
          <conceptClass reference="5"/>
          <set>false</set>
          <creator/>
          <dateCreated id="424">2022-07-06 19:19:01</dateCreated>
          <changedBy/>
          <dateChanged id="425">2022-07-06 19:19:01</dateChanged>
          <names class="set" id="426">
            <org.openmrs.ConceptName id="427" uuid="64877cd6-a107-4899-9f93-591677f2893e">
              <conceptNameId>132855</conceptNameId>
              <concept reference="423"/>
              <name>Mother to child</name>
              <locale id="428">en</locale>
              <creator/>
              <dateCreated id="429">2022-07-06 19:19:01</dateCreated>
              <voided>false</voided>
              <tags class="set" id="430"/>
              <conceptNameType>FULLY_SPECIFIED</conceptNameType>
              <localePreferred>true</localePreferred>
            </org.openmrs.ConceptName>
          </names>
          <answers class="set" id="431"/>
          <conceptSets class="set" id="432"/>
          <descriptions class="set" id="433">
            <org.openmrs.ConceptDescription id="434" uuid="457c3b9c-abf0-49fe-a5ee-f50f8596502f">
              <conceptDescriptionId>16533</conceptDescriptionId>
              <concept reference="423"/>
              <description>Mother to child</description>
              <locale id="435">en</locale>
              <creator/>
              <dateCreated id="436">2022-07-06 19:19:01</dateCreated>
            </org.openmrs.ConceptDescription>
          </descriptions>
          <conceptMappings class="set" id="437"/>
          <attributes id="438"/>
        </answerConcept>
        <creator/>
        <dateCreated id="439">2022-07-06 19:28:35</dateCreated>
        <sortWeight>8.0</sortWeight>
      </org.openmrs.ConceptAnswer>
      <org.openmrs.ConceptAnswer id="440" uuid="f5229585-c450-434b-9a89-2bc09426955d">
        <conceptAnswerId>7043</conceptAnswerId>
        <concept reference="338"/>
        <answerConcept id="441" resolves-to="org.openmrs.Concept" uuid="1067AAAAAAAAAAAAAAAAAAAAAAAAAAAAAAAA">
          <conceptId>53933</conceptId>
          <retired>false</retired>
          <datatype reference="139"/>
          <conceptClass reference="141"/>
          <set>false</set>
          <creator/>
          <dateCreated id="442">2022-07-01 07:35:23</dateCreated>
          <changedBy/>
          <dateChanged id="443">2022-07-06 17:52:18</dateChanged>
          <names class="set" id="444">
            <org.openmrs.ConceptName id="445" uuid="139801BBBBBBBBBBBBBBBBBBBBBBBBBBBBBB">
              <conceptNameId>129561</conceptNameId>
              <concept reference="441"/>
              <name>معلوم نہیں</name>
              <locale id="446">ur</locale>
              <creator/>
              <dateCreated id="447">2022-07-01 07:35:23</dateCreated>
              <voided>false</voided>
              <tags class="set" id="448"/>
              <conceptNameType>FULLY_SPECIFIED</conceptNameType>
              <localePreferred>true</localePreferred>
              <changedBy/>
              <dateChanged id="449">2022-07-06 17:52:18</dateChanged>
            </org.openmrs.ConceptName>
            <org.openmrs.ConceptName id="450" uuid="127334BBBBBBBBBBBBBBBBBBBBBBBBBBBBBB">
              <conceptNameId>129562</conceptNameId>
              <concept reference="441"/>
              <name>জানিনা</name>
              <locale id="451">bn</locale>
              <creator/>
              <dateCreated id="452">2022-07-01 07:35:23</dateCreated>
              <voided>false</voided>
              <tags class="set" id="453"/>
              <conceptNameType>FULLY_SPECIFIED</conceptNameType>
              <localePreferred>true</localePreferred>
              <changedBy/>
              <dateChanged id="454">2022-07-06 17:52:18</dateChanged>
            </org.openmrs.ConceptName>
            <org.openmrs.ConceptName id="455" uuid="1140BBBBBBBBBBBBBBBBBBBBBBBBBBBBBBBB">
              <conceptNameId>129563</conceptNameId>
              <concept reference="441"/>
              <name>Unknown</name>
              <locale id="456">en</locale>
              <creator/>
              <dateCreated id="457">2022-07-01 07:35:23</dateCreated>
              <voided>false</voided>
              <tags class="set" id="458"/>
              <conceptNameType>FULLY_SPECIFIED</conceptNameType>
              <localePreferred>true</localePreferred>
              <changedBy/>
              <dateChanged id="459">2022-07-06 17:52:18</dateChanged>
            </org.openmrs.ConceptName>
            <org.openmrs.ConceptName id="460" uuid="108336BBBBBBBBBBBBBBBBBBBBBBBBBBBBBB">
              <conceptNameId>129564</conceptNameId>
              <concept reference="441"/>
              <name>Desconocida</name>
              <locale id="461">es</locale>
              <creator/>
              <dateCreated id="462">2022-07-01 07:35:23</dateCreated>
              <voided>false</voided>
              <tags class="set" id="463"/>
              <localePreferred>false</localePreferred>
              <changedBy/>
              <dateChanged id="464">2022-07-06 17:52:18</dateChanged>
            </org.openmrs.ConceptName>
            <org.openmrs.ConceptName id="465" uuid="135594BBBBBBBBBBBBBBBBBBBBBBBBBBBBBB">
              <conceptNameId>129565</conceptNameId>
              <concept reference="441"/>
              <name>Enkoni</name>
              <locale id="466">ht</locale>
              <creator/>
              <dateCreated id="467">2022-07-01 07:35:23</dateCreated>
              <voided>false</voided>
              <tags class="set" id="468"/>
              <conceptNameType>FULLY_SPECIFIED</conceptNameType>
              <localePreferred>true</localePreferred>
              <changedBy/>
              <dateChanged id="469">2022-07-06 17:52:18</dateChanged>
            </org.openmrs.ConceptName>
            <org.openmrs.ConceptName id="470" uuid="111191BBBBBBBBBBBBBBBBBBBBBBBBBBBBBB">
              <conceptNameId>129566</conceptNameId>
              <concept reference="441"/>
              <name>Не известно</name>
              <locale id="471">ru</locale>
              <creator/>
              <dateCreated id="472">2022-07-01 07:35:23</dateCreated>
              <voided>false</voided>
              <tags class="set" id="473"/>
              <conceptNameType>FULLY_SPECIFIED</conceptNameType>
              <localePreferred>true</localePreferred>
              <changedBy/>
              <dateChanged id="474">2022-07-06 17:52:18</dateChanged>
            </org.openmrs.ConceptName>
            <org.openmrs.ConceptName id="475" uuid="108335BBBBBBBBBBBBBBBBBBBBBBBBBBBBBB">
              <conceptNameId>129567</conceptNameId>
              <concept reference="441"/>
              <name>Desconocido</name>
              <locale id="476">es</locale>
              <creator/>
              <dateCreated id="477">2022-07-01 07:35:23</dateCreated>
              <voided>false</voided>
              <tags class="set" id="478"/>
              <conceptNameType>FULLY_SPECIFIED</conceptNameType>
              <localePreferred>true</localePreferred>
              <changedBy/>
              <dateChanged id="479">2022-07-06 17:52:18</dateChanged>
            </org.openmrs.ConceptName>
            <org.openmrs.ConceptName id="480" uuid="1141BBBBBBBBBBBBBBBBBBBBBBBBBBBBBBBB">
              <conceptNameId>129568</conceptNameId>
              <concept reference="441"/>
              <name>Ne sait pas</name>
              <locale id="481">fr</locale>
              <creator/>
              <dateCreated id="482">2022-07-01 07:35:23</dateCreated>
              <voided>false</voided>
              <tags class="set" id="483"/>
              <conceptNameType>FULLY_SPECIFIED</conceptNameType>
              <localePreferred>true</localePreferred>
              <changedBy/>
              <dateChanged id="484">2022-07-06 17:52:18</dateChanged>
            </org.openmrs.ConceptName>
            <org.openmrs.ConceptName id="485" uuid="110114BBBBBBBBBBBBBBBBBBBBBBBBBBBBBB">
              <conceptNameId>129569</conceptNameId>
              <concept reference="441"/>
              <name>Haijulikani</name>
              <locale id="486">sw</locale>
              <creator/>
              <dateCreated id="487">2022-07-01 07:35:23</dateCreated>
              <voided>false</voided>
              <tags class="set" id="488"/>
              <conceptNameType>FULLY_SPECIFIED</conceptNameType>
              <localePreferred>true</localePreferred>
              <changedBy/>
              <dateChanged id="489">2022-07-06 17:52:18</dateChanged>
            </org.openmrs.ConceptName>
            <org.openmrs.ConceptName id="490" uuid="106309BBBBBBBBBBBBBBBBBBBBBBBBBBBBBB">
              <conceptNameId>129570</conceptNameId>
              <concept reference="441"/>
              <name>Ntabizi</name>
              <locale id="491">rw</locale>
              <creator/>
              <dateCreated id="492">2022-07-01 07:35:23</dateCreated>
              <voided>false</voided>
              <tags class="set" id="493"/>
              <conceptNameType>FULLY_SPECIFIED</conceptNameType>
              <localePreferred>true</localePreferred>
              <changedBy/>
              <dateChanged id="494">2022-07-06 17:52:18</dateChanged>
            </org.openmrs.ConceptName>
            <org.openmrs.ConceptName id="495" uuid="105793BBBBBBBBBBBBBBBBBBBBBBBBBBBBBB">
              <conceptNameId>129571</conceptNameId>
              <concept reference="441"/>
              <name>Inconnu</name>
              <locale id="496">fr</locale>
              <creator/>
              <dateCreated id="497">2022-07-01 07:35:23</dateCreated>
              <voided>false</voided>
              <tags class="set" id="498"/>
              <localePreferred>false</localePreferred>
              <changedBy/>
              <dateChanged id="499">2022-07-06 17:52:18</dateChanged>
            </org.openmrs.ConceptName>
          </names>
          <answers class="set" id="500"/>
          <conceptSets class="set" id="501"/>
          <descriptions class="set" id="502">
            <org.openmrs.ConceptDescription id="503" uuid="18157FFFFFFFFFFFFFFFFFFFFFFFFFFFFFFF">
              <conceptDescriptionId>15357</conceptDescriptionId>
              <concept reference="441"/>
              <description>کسی سوال کا عام جواب</description>
              <locale id="504">ur</locale>
              <creator/>
              <dateCreated id="505">2022-07-01 07:35:23</dateCreated>
              <changedBy/>
              <dateChanged id="506">2022-07-06 17:52:18</dateChanged>
            </org.openmrs.ConceptDescription>
            <org.openmrs.ConceptDescription id="507" uuid="1070FFFFFFFFFFFFFFFFFFFFFFFFFFFFFFFF">
              <conceptDescriptionId>15358</conceptDescriptionId>
              <concept reference="441"/>
              <description>Generic answer to a question.</description>
              <locale id="508">en</locale>
              <creator/>
              <dateCreated id="509">2022-07-01 07:35:23</dateCreated>
              <changedBy/>
              <dateChanged id="510">2022-07-06 17:52:18</dateChanged>
            </org.openmrs.ConceptDescription>
          </descriptions>
          <conceptMappings class="set" id="511">
            <org.openmrs.ConceptMap id="512" uuid="133842ABBBBBBBBBBBBBBBBBBBBBBBBBBBBB">
              <conceptMapType reference="201"/>
              <creator/>
              <changedBy/>
              <dateCreated id="513">2022-07-01 07:47:36</dateCreated>
              <dateChanged id="514">2022-07-06 17:52:18</dateChanged>
              <conceptMapId>175983</conceptMapId>
              <concept reference="441"/>
              <conceptReferenceTerm id="515" resolves-to="org.openmrs.ConceptReferenceTerm" uuid="2fbbbd11-7563-467f-baaa-ccc8c07e2569">
                <creator/>
                <dateCreated id="516">2022-07-01 07:47:36</dateCreated>
                <changedBy/>
                <dateChanged id="517">2022-07-06 17:52:18</dateChanged>
                <retired>false</retired>
                <conceptReferenceTermId>156894</conceptReferenceTermId>
                <conceptSource reference="273"/>
                <code>261665006</code>
                <conceptReferenceTermMaps id="518"/>
              </conceptReferenceTerm>
            </org.openmrs.ConceptMap>
            <org.openmrs.ConceptMap id="519" uuid="143603ABBBBBBBBBBBBBBBBBBBBBBBBBBBBB">
              <conceptMapType reference="201"/>
              <creator/>
              <changedBy/>
              <dateCreated id="520">2022-07-01 07:47:36</dateCreated>
              <dateChanged id="521">2022-07-06 17:52:18</dateChanged>
              <conceptMapId>175934</conceptMapId>
              <concept reference="441"/>
              <conceptReferenceTerm id="522" resolves-to="org.openmrs.ConceptReferenceTerm" uuid="4e71c959-1219-43f3-a05c-2870f9762b04">
                <creator/>
                <dateCreated id="523">2022-07-01 07:47:36</dateCreated>
                <changedBy/>
                <dateChanged id="524">2022-07-06 17:52:18</dateChanged>
                <retired>false</retired>
                <conceptReferenceTermId>156850</conceptReferenceTermId>
                <conceptSource reference="250"/>
                <code>1067</code>
                <conceptReferenceTermMaps id="525"/>
              </conceptReferenceTerm>
            </org.openmrs.ConceptMap>
            <org.openmrs.ConceptMap id="526" uuid="137877ABBBBBBBBBBBBBBBBBBBBBBBBBBBBB">
              <conceptMapType reference="201"/>
              <creator/>
              <changedBy/>
              <dateCreated id="527">2022-07-01 07:47:36</dateCreated>
              <dateChanged id="528">2022-07-06 17:52:18</dateChanged>
              <conceptMapId>175947</conceptMapId>
              <concept reference="441"/>
              <conceptReferenceTerm id="529" resolves-to="org.openmrs.ConceptReferenceTerm" uuid="875726fc-4932-4f58-8d36-08b9da492f6b">
                <creator/>
                <dateCreated id="530">2022-07-01 07:47:36</dateCreated>
                <changedBy/>
                <dateChanged id="531">2022-07-06 17:52:18</dateChanged>
                <retired>false</retired>
                <conceptReferenceTermId>156863</conceptReferenceTermId>
                <conceptSource reference="220"/>
                <code>UNKNOWN</code>
                <conceptReferenceTermMaps id="532"/>
              </conceptReferenceTerm>
            </org.openmrs.ConceptMap>
            <org.openmrs.ConceptMap id="533" uuid="134739ABBBBBBBBBBBBBBBBBBBBBBBBBBBBB">
              <conceptMapType reference="201"/>
              <creator/>
              <changedBy/>
              <dateCreated id="534">2022-07-01 07:47:36</dateCreated>
              <dateChanged id="535">2022-07-06 17:52:18</dateChanged>
              <conceptMapId>175963</conceptMapId>
              <concept reference="441"/>
              <conceptReferenceTerm id="536" resolves-to="org.openmrs.ConceptReferenceTerm" uuid="6451c883-53b6-44b3-9e5d-e96ef83d87d7">
                <creator/>
                <dateCreated id="537">2022-07-01 07:47:36</dateCreated>
                <changedBy/>
                <dateChanged id="538">2022-07-06 17:52:18</dateChanged>
                <retired>false</retired>
                <conceptReferenceTermId>156878</conceptReferenceTermId>
                <conceptSource reference="260"/>
                <code>1067</code>
                <conceptReferenceTermMaps id="539"/>
              </conceptReferenceTerm>
            </org.openmrs.ConceptMap>
            <org.openmrs.ConceptMap id="540" uuid="dd4b8153-b34a-38ed-9f19-3bfbd873e852">
              <conceptMapType reference="201"/>
              <creator/>
              <changedBy/>
              <dateCreated id="541">2022-07-01 07:47:36</dateCreated>
              <dateChanged id="542">2022-07-06 17:52:18</dateChanged>
              <conceptMapId>175917</conceptMapId>
              <concept reference="441"/>
              <conceptReferenceTerm id="543" resolves-to="org.openmrs.ConceptReferenceTerm" uuid="993d9141-7134-429a-a14b-a4d80f555a0d">
                <creator/>
                <dateCreated id="544">2022-07-01 07:47:36</dateCreated>
                <changedBy/>
                <dateChanged id="545">2022-07-06 17:52:18</dateChanged>
                <retired>false</retired>
                <conceptReferenceTermId>156835</conceptReferenceTermId>
                <conceptSource reference="230"/>
                <code>1067</code>
                <conceptReferenceTermMaps id="546"/>
              </conceptReferenceTerm>
            </org.openmrs.ConceptMap>
          </conceptMappings>
          <attributes id="547"/>
        </answerConcept>
        <creator/>
        <dateCreated id="548">2022-07-06 19:28:35</dateCreated>
        <sortWeight>4.0</sortWeight>
      </org.openmrs.ConceptAnswer>
      <org.openmrs.ConceptAnswer id="549" uuid="014ffe86-799f-4196-8ded-6bdad8e7759f">
        <conceptAnswerId>7044</conceptAnswerId>
        <concept reference="338"/>
        <answerConcept id="550" resolves-to="org.openmrs.Concept" uuid="82d12932-f938-4001-aecd-286ef7ac6a95">
          <conceptId>55173</conceptId>
          <retired>false</retired>
          <datatype reference="3"/>
          <conceptClass reference="5"/>
          <set>false</set>
          <creator/>
          <dateCreated id="551">2022-07-06 19:16:21</dateCreated>
          <changedBy/>
          <dateChanged id="552">2022-07-06 19:16:21</dateChanged>
          <names class="set" id="553">
            <org.openmrs.ConceptName id="554" uuid="b2624762-f1b2-42e9-b3f2-5d4e31bcc2fb">
              <conceptNameId>132850</conceptNameId>
              <concept reference="550"/>
              <name>Migrant</name>
              <locale id="555">en</locale>
              <creator/>
              <dateCreated id="556">2022-07-06 19:16:21</dateCreated>
              <voided>false</voided>
              <tags class="set" id="557"/>
              <conceptNameType>FULLY_SPECIFIED</conceptNameType>
              <localePreferred>true</localePreferred>
            </org.openmrs.ConceptName>
          </names>
          <answers class="set" id="558"/>
          <conceptSets class="set" id="559"/>
          <descriptions class="set" id="560">
            <org.openmrs.ConceptDescription id="561" uuid="1c1e413d-dbd0-49c8-92d4-65909c4d316c">
              <conceptDescriptionId>16528</conceptDescriptionId>
              <concept reference="550"/>
              <description>Migrant</description>
              <locale id="562">en</locale>
              <creator/>
              <dateCreated id="563">2022-07-06 19:16:21</dateCreated>
            </org.openmrs.ConceptDescription>
          </descriptions>
          <conceptMappings class="set" id="564"/>
          <attributes id="565"/>
        </answerConcept>
        <creator/>
        <dateCreated id="566">2022-07-06 19:28:35</dateCreated>
        <sortWeight>10.0</sortWeight>
      </org.openmrs.ConceptAnswer>
      <org.openmrs.ConceptAnswer id="567" uuid="c4eaac5d-b14d-42f5-b6f5-26fb1f8dd836">
        <conceptAnswerId>7045</conceptAnswerId>
        <concept reference="338"/>
        <answerConcept id="568" resolves-to="org.openmrs.Concept" uuid="bd9fc57c-2cc1-4d86-be10-ac1d568ab22b">
          <conceptId>55183</conceptId>
          <retired>false</retired>
          <datatype reference="3"/>
          <conceptClass reference="5"/>
          <set>false</set>
          <creator/>
          <dateCreated id="569">2022-07-06 19:20:57</dateCreated>
          <changedBy/>
          <dateChanged id="570">2022-07-06 19:20:57</dateChanged>
          <names class="set" id="571">
            <org.openmrs.ConceptName id="572" uuid="d173e55e-c89b-49b6-b3de-1cf7e4c5a6da">
              <conceptNameId>132860</conceptNameId>
              <concept reference="568"/>
              <name>Probable unsafe injection</name>
              <locale id="573">en</locale>
              <creator/>
              <dateCreated id="574">2022-07-06 19:20:57</dateCreated>
              <voided>false</voided>
              <tags class="set" id="575"/>
              <conceptNameType>FULLY_SPECIFIED</conceptNameType>
              <localePreferred>true</localePreferred>
            </org.openmrs.ConceptName>
          </names>
          <answers class="set" id="576"/>
          <conceptSets class="set" id="577"/>
          <descriptions class="set" id="578">
            <org.openmrs.ConceptDescription id="579" uuid="406672e6-4369-48b2-8172-05a2b0b8f14d">
              <conceptDescriptionId>16538</conceptDescriptionId>
              <concept reference="568"/>
              <description>Probable unsafe injection</description>
              <locale id="580">en</locale>
              <creator/>
              <dateCreated id="581">2022-07-06 19:20:57</dateCreated>
            </org.openmrs.ConceptDescription>
          </descriptions>
          <conceptMappings class="set" id="582"/>
          <attributes id="583"/>
        </answerConcept>
        <creator/>
        <dateCreated id="584">2022-07-06 19:28:35</dateCreated>
        <sortWeight>7.0</sortWeight>
      </org.openmrs.ConceptAnswer>
      <org.openmrs.ConceptAnswer id="585" uuid="4b1cf321-226b-4d66-bfe3-5c6085f59cc3">
        <conceptAnswerId>7046</conceptAnswerId>
        <concept reference="338"/>
        <answerConcept id="586" resolves-to="org.openmrs.Concept" uuid="1063AAAAAAAAAAAAAAAAAAAAAAAAAAAAAAAA">
          <conceptId>53993</conceptId>
          <retired>false</retired>
          <datatype id="587" resolves-to="org.openmrs.ConceptDatatype" uuid="8d4a5cca-c2cc-11de-8d13-0010c6dffd0f">
            <name>Boolean</name>
            <description>Boolean value (yes/no, true/false)</description>
            <creator/>
            <dateCreated id="588">2004-08-26 00:00:00</dateCreated>
            <retired>false</retired>
            <conceptDatatypeId>10</conceptDatatypeId>
            <hl7Abbreviation>BIT</hl7Abbreviation>
          </datatype>
          <conceptClass id="589" resolves-to="org.openmrs.ConceptClass" uuid="8d490bf4-c2cc-11de-8d13-0010c6dffd0f">
            <name>Procedure</name>
            <description>Describes a clinical procedure</description>
            <creator/>
            <dateCreated id="590">2004-03-02 00:00:00</dateCreated>
            <changedBy/>
            <dateChanged id="591">2022-07-06 17:52:20</dateChanged>
            <retired>false</retired>
            <conceptClassId>2</conceptClassId>
          </conceptClass>
          <set>false</set>
          <creator/>
          <dateCreated id="592">2022-07-01 07:35:23</dateCreated>
          <changedBy/>
          <dateChanged id="593">2022-07-01 07:35:23</dateChanged>
          <names class="set" id="594">
            <org.openmrs.ConceptName id="595" uuid="135599BBBBBBBBBBBBBBBBBBBBBBBBBBBBBB">
              <conceptNameId>129735</conceptNameId>
              <concept reference="586"/>
              <name>Pran san</name>
              <locale id="596">ht</locale>
              <creator/>
              <dateCreated id="597">2022-07-01 07:35:23</dateCreated>
              <voided>false</voided>
              <tags class="set" id="598"/>
              <conceptNameType>FULLY_SPECIFIED</conceptNameType>
              <localePreferred>true</localePreferred>
            </org.openmrs.ConceptName>
            <org.openmrs.ConceptName id="599" uuid="1134BBBBBBBBBBBBBBBBBBBBBBBBBBBBBBBB">
              <conceptNameId>129736</conceptNameId>
              <concept reference="586"/>
              <name>Blood transfusion</name>
              <locale id="600">en</locale>
              <creator/>
              <dateCreated id="601">2022-07-01 07:35:23</dateCreated>
              <voided>false</voided>
              <tags class="set" id="602"/>
              <conceptNameType>FULLY_SPECIFIED</conceptNameType>
              <localePreferred>true</localePreferred>
            </org.openmrs.ConceptName>
            <org.openmrs.ConceptName id="603" uuid="124448BBBBBBBBBBBBBBBBBBBBBBBBBBBBBB">
              <conceptNameId>129737</conceptNameId>
              <concept reference="586"/>
              <name>Transfusion sanguine</name>
              <locale id="604">fr</locale>
              <creator/>
              <dateCreated id="605">2022-07-01 07:35:23</dateCreated>
              <voided>false</voided>
              <tags class="set" id="606"/>
              <conceptNameType>FULLY_SPECIFIED</conceptNameType>
              <localePreferred>true</localePreferred>
            </org.openmrs.ConceptName>
          </names>
          <answers class="set" id="607"/>
          <conceptSets class="set" id="608"/>
          <descriptions class="set" id="609">
            <org.openmrs.ConceptDescription id="610" uuid="1066FFFFFFFFFFFFFFFFFFFFFFFFFFFFFFFF">
              <conceptDescriptionId>15410</conceptDescriptionId>
              <concept reference="586"/>
              <description>The process of administering fluid into a vein or an artery with blood.</description>
              <locale id="611">en</locale>
              <creator/>
              <dateCreated id="612">2022-07-01 07:35:23</dateCreated>
            </org.openmrs.ConceptDescription>
          </descriptions>
          <conceptMappings class="set" id="613">
            <org.openmrs.ConceptMap id="614" uuid="133839ABBBBBBBBBBBBBBBBBBBBBBBBBBBBB">
              <conceptMapType reference="201"/>
              <creator/>
              <dateCreated id="615">2022-07-01 07:47:37</dateCreated>
              <conceptMapId>176217</conceptMapId>
              <concept reference="586"/>
              <conceptReferenceTerm id="616" resolves-to="org.openmrs.ConceptReferenceTerm" uuid="4f28561a-25f2-47e8-a0db-6e4ddd939ac7">
                <creator/>
                <dateCreated id="617">2022-07-01 07:47:37</dateCreated>
                <retired>false</retired>
                <conceptReferenceTermId>157087</conceptReferenceTermId>
                <conceptSource reference="273"/>
                <code>116859006</code>
                <conceptReferenceTermMaps id="618"/>
              </conceptReferenceTerm>
            </org.openmrs.ConceptMap>
            <org.openmrs.ConceptMap id="619" uuid="4786437a-fde3-332c-8a4f-672c80d9f281">
              <conceptMapType reference="201"/>
              <creator/>
              <dateCreated id="620">2022-07-01 07:47:37</dateCreated>
              <conceptMapId>176182</conceptMapId>
              <concept reference="586"/>
              <conceptReferenceTerm id="621" resolves-to="org.openmrs.ConceptReferenceTerm" uuid="f2b56614-256c-4fb0-9fab-dc698d2ad9bc">
                <creator/>
                <dateCreated id="622">2022-07-01 07:47:37</dateCreated>
                <retired>false</retired>
                <conceptReferenceTermId>157059</conceptReferenceTermId>
                <conceptSource reference="230"/>
                <code>1063</code>
                <conceptReferenceTermMaps id="623"/>
              </conceptReferenceTerm>
            </org.openmrs.ConceptMap>
            <org.openmrs.ConceptMap id="624" uuid="134735ABBBBBBBBBBBBBBBBBBBBBBBBBBBBB">
              <conceptMapType reference="201"/>
              <creator/>
              <dateCreated id="625">2022-07-01 07:47:37</dateCreated>
              <conceptMapId>176229</conceptMapId>
              <concept reference="586"/>
              <conceptReferenceTerm id="626" resolves-to="org.openmrs.ConceptReferenceTerm" uuid="9634285d-8e57-42b9-8258-27f4c15f50e5">
                <creator/>
                <dateCreated id="627">2022-07-01 07:47:37</dateCreated>
                <retired>false</retired>
                <conceptReferenceTermId>157098</conceptReferenceTermId>
                <conceptSource reference="260"/>
                <code>1063</code>
                <conceptReferenceTermMaps id="628"/>
              </conceptReferenceTerm>
            </org.openmrs.ConceptMap>
            <org.openmrs.ConceptMap id="629" uuid="236598ABBBBBBBBBBBBBBBBBBBBBBBBBBBBB">
              <conceptMapType reference="201"/>
              <creator/>
              <dateCreated id="630">2022-07-01 07:47:37</dateCreated>
              <conceptMapId>176201</conceptMapId>
              <concept reference="586"/>
              <conceptReferenceTerm id="631" resolves-to="org.openmrs.ConceptReferenceTerm" uuid="a835c2e2-ef33-4d46-bacf-c81a559cb296">
                <creator/>
                <dateCreated id="632">2022-07-01 07:47:37</dateCreated>
                <retired>false</retired>
                <conceptReferenceTermId>157073</conceptReferenceTermId>
                <conceptSource reference="250"/>
                <code>7868</code>
                <conceptReferenceTermMaps id="633"/>
              </conceptReferenceTerm>
            </org.openmrs.ConceptMap>
          </conceptMappings>
          <attributes id="634"/>
        </answerConcept>
        <creator/>
        <dateCreated id="635">2022-07-06 19:28:35</dateCreated>
        <sortWeight>6.0</sortWeight>
      </org.openmrs.ConceptAnswer>
    </answers>
    <conceptSets class="set" id="636"/>
    <descriptions class="set" id="637">
      <org.openmrs.ConceptDescription id="638" uuid="6436971f-ab93-4690-838a-e6538f54f8a8">
        <conceptDescriptionId>16546</conceptDescriptionId>
        <concept reference="338"/>
        <description>Risk factor for HIV</description>
        <locale id="639">en</locale>
        <creator/>
        <dateCreated id="640">2022-07-06 19:28:35</dateCreated>
      </org.openmrs.ConceptDescription>
    </descriptions>
    <conceptMappings class="set" id="641"/>
    <attributes id="642"/>
  </org.openmrs.Concept>
  <org.openmrs.Concept reference="405"/>
  <org.openmrs.Concept reference="280"/>
  <org.openmrs.Concept reference="368"/>
  <org.openmrs.Concept id="643" uuid="dceffe8e-f1bb-486e-8619-26a243778648">
    <conceptId>55186</conceptId>
    <retired>false</retired>
    <datatype reference="3"/>
    <conceptClass reference="5"/>
    <set>false</set>
    <creator/>
    <dateCreated id="644">2022-07-06 19:22:12</dateCreated>
    <changedBy/>
    <dateChanged id="645">2022-07-06 19:22:12</dateChanged>
    <names class="set" id="646">
      <org.openmrs.ConceptName id="647" uuid="ada5f680-87d7-45f8-8e02-6016441bbf84">
        <conceptNameId>132863</conceptNameId>
        <concept reference="643"/>
        <name>Treatment failure/transfer out</name>
        <locale id="648">en</locale>
        <creator/>
        <dateCreated id="649">2022-07-06 19:22:12</dateCreated>
        <voided>false</voided>
        <tags class="set" id="650"/>
        <conceptNameType>FULLY_SPECIFIED</conceptNameType>
        <localePreferred>true</localePreferred>
      </org.openmrs.ConceptName>
    </names>
    <answers class="set" id="651"/>
    <conceptSets class="set" id="652"/>
    <descriptions class="set" id="653">
      <org.openmrs.ConceptDescription id="654" uuid="803a8ede-399e-490c-bd99-63926b0933f2">
        <conceptDescriptionId>16541</conceptDescriptionId>
        <concept reference="643"/>
        <description>Treatment failure/transfer out</description>
        <locale id="655">en</locale>
        <creator/>
        <dateCreated id="656">2022-07-06 19:22:12</dateCreated>
      </org.openmrs.ConceptDescription>
    </descriptions>
    <conceptMappings class="set" id="657"/>
    <attributes id="658"/>
  </org.openmrs.Concept>
  <org.openmrs.Concept reference="550"/>
  <org.openmrs.Concept reference="298"/>
  <org.openmrs.Concept reference="586"/>
  <org.openmrs.Concept reference="568"/>
  <org.openmrs.Concept reference="120"/>
  <org.openmrs.Concept reference="350"/>
  <org.openmrs.Concept id="659" uuid="400ef476-be81-43cd-bf28-9828a9ee1019">
    <conceptId>55177</conceptId>
    <retired>false</retired>
    <datatype reference="3"/>
    <conceptClass reference="5"/>
    <set>false</set>
    <creator/>
    <dateCreated id="660">2022-07-06 19:18:31</dateCreated>
    <changedBy/>
    <dateChanged id="661">2022-07-06 19:18:31</dateChanged>
    <names class="set" id="662">
      <org.openmrs.ConceptName id="663" uuid="4c170c78-ea26-4862-a73a-26254dc4eb74">
        <conceptNameId>132854</conceptNameId>
        <concept reference="659"/>
        <name>Treatment completed</name>
        <locale id="664">en</locale>
        <creator/>
        <dateCreated id="665">2022-07-06 19:18:31</dateCreated>
        <voided>false</voided>
        <tags class="set" id="666"/>
        <conceptNameType>FULLY_SPECIFIED</conceptNameType>
        <localePreferred>true</localePreferred>
      </org.openmrs.ConceptName>
    </names>
    <answers class="set" id="667"/>
    <conceptSets class="set" id="668"/>
    <descriptions class="set" id="669">
      <org.openmrs.ConceptDescription id="670" uuid="f6402ebf-469c-45dd-aa6e-52b21fb1b7b1">
        <conceptDescriptionId>16532</conceptDescriptionId>
        <concept reference="659"/>
        <description>Treatment completed</description>
        <locale id="671">en</locale>
        <creator/>
        <dateCreated id="672">2022-07-06 19:18:31</dateCreated>
      </org.openmrs.ConceptDescription>
    </descriptions>
    <conceptMappings class="set" id="673"/>
    <attributes id="674"/>
  </org.openmrs.Concept>
  <org.openmrs.Concept id="675" uuid="7725c51e-ad94-4a17-b145-c833815aae3b">
    <conceptId>55188</conceptId>
    <retired>false</retired>
    <datatype reference="3"/>
    <conceptClass reference="104"/>
    <set>false</set>
    <creator/>
    <dateCreated id="676">2022-07-06 19:23:39</dateCreated>
    <changedBy/>
    <dateChanged id="677">2022-07-06 19:23:39</dateChanged>
    <names class="set" id="678">
      <org.openmrs.ConceptName id="679" uuid="008bdc4d-3fc5-42d5-837b-e8acbfeb176e">
        <conceptNameId>132865</conceptNameId>
        <concept reference="675"/>
        <name>Treatment Status</name>
        <locale id="680">en</locale>
        <creator/>
        <dateCreated id="681">2022-07-06 19:23:39</dateCreated>
        <voided>false</voided>
        <tags class="set" id="682"/>
        <conceptNameType>FULLY_SPECIFIED</conceptNameType>
        <localePreferred>true</localePreferred>
      </org.openmrs.ConceptName>
    </names>
    <answers class="set" id="683">
      <org.openmrs.ConceptAnswer id="684" uuid="75d42d2b-8867-474b-a5c9-3267aecec0c3">
        <conceptAnswerId>7026</conceptAnswerId>
        <concept reference="675"/>
        <answerConcept reference="643"/>
        <creator/>
        <dateCreated id="685">2022-07-06 19:23:39</dateCreated>
        <sortWeight>2.0</sortWeight>
      </org.openmrs.ConceptAnswer>
      <org.openmrs.ConceptAnswer id="686" uuid="6b5b7b34-da1d-4bb1-b16b-2fb9b5cbc612">
        <conceptAnswerId>7027</conceptAnswerId>
        <concept reference="675"/>
        <answerConcept reference="71"/>
        <creator/>
        <dateCreated id="687">2022-07-06 19:23:39</dateCreated>
        <sortWeight>3.0</sortWeight>
      </org.openmrs.ConceptAnswer>
      <org.openmrs.ConceptAnswer id="688" uuid="9b8f29e6-6c49-40fd-8dcf-bc3fda88934d">
        <conceptAnswerId>7028</conceptAnswerId>
        <concept reference="675"/>
        <answerConcept reference="659"/>
        <creator/>
        <dateCreated id="689">2022-07-06 19:23:39</dateCreated>
        <sortWeight>1.0</sortWeight>
      </org.openmrs.ConceptAnswer>
    </answers>
    <conceptSets class="set" id="690"/>
    <descriptions class="set" id="691">
      <org.openmrs.ConceptDescription id="692" uuid="79733119-d637-4f3d-99ab-c9c4ec9ccf97">
        <conceptDescriptionId>16543</conceptDescriptionId>
        <concept reference="675"/>
        <description>Treatment Status</description>
        <locale id="693">en</locale>
        <creator/>
        <dateCreated id="694">2022-07-06 19:23:39</dateCreated>
      </org.openmrs.ConceptDescription>
    </descriptions>
    <conceptMappings class="set" id="695"/>
    <attributes id="696"/>
  </org.openmrs.Concept>
  <org.openmrs.Concept reference="423"/>
  <org.openmrs.Concept id="697" uuid="77136a34-03b4-4838-9962-57b9c6066b7a">
    <conceptId>55189</conceptId>
    <retired>false</retired>
    <datatype reference="3"/>
    <conceptClass reference="104"/>
    <set>false</set>
    <creator/>
    <dateCreated id="698">2022-07-06 19:24:22</dateCreated>
    <changedBy/>
    <dateChanged id="699">2022-07-06 19:24:22</dateChanged>
    <names class="set" id="700">
      <org.openmrs.ConceptName id="701" uuid="df05e1c2-ace0-4f4c-924d-7c044a06e97f">
        <conceptNameId>132866</conceptNameId>
        <concept reference="697"/>
        <name>TB</name>
        <locale id="702">en</locale>
        <creator/>
        <dateCreated id="703">2022-07-06 19:24:22</dateCreated>
        <voided>false</voided>
        <tags class="set" id="704"/>
        <conceptNameType>FULLY_SPECIFIED</conceptNameType>
        <localePreferred>true</localePreferred>
      </org.openmrs.ConceptName>
    </names>
    <answers class="set" id="705">
      <org.openmrs.ConceptAnswer id="706" uuid="d38a21eb-306a-43e8-a968-2d16a68aed19">
        <conceptAnswerId>7029</conceptAnswerId>
        <concept reference="697"/>
        <answerConcept reference="2"/>
        <creator/>
        <dateCreated id="707">2022-07-06 19:24:22</dateCreated>
        <sortWeight>2.0</sortWeight>
      </org.openmrs.ConceptAnswer>
      <org.openmrs.ConceptAnswer id="708" uuid="fd24c815-c246-4625-b973-fba3cf90d0a6">
        <conceptAnswerId>7030</conceptAnswerId>
        <concept reference="697"/>
        <answerConcept reference="87"/>
        <creator/>
        <dateCreated id="709">2022-07-06 19:24:22</dateCreated>
        <sortWeight>1.0</sortWeight>
      </org.openmrs.ConceptAnswer>
    </answers>
    <conceptSets class="set" id="710"/>
    <descriptions class="set" id="711">
      <org.openmrs.ConceptDescription id="712" uuid="555d55e0-e7fe-4739-a910-f58315e9215a">
        <conceptDescriptionId>16544</conceptDescriptionId>
        <concept reference="697"/>
        <description>TB</description>
        <locale id="713">en</locale>
        <creator/>
        <dateCreated id="714">2022-07-06 19:24:22</dateCreated>
      </org.openmrs.ConceptDescription>
    </descriptions>
    <conceptMappings class="set" id="715"/>
    <attributes id="716"/>
  </org.openmrs.Concept>
</list>
