<?xml version="1.0" encoding="UTF-8"?>
<package id="1" uuid="bf5d6d0b-06c0-42c9-83dc-b588beb7c431">
  <dateCreated id="2">2023-08-01 18:03:23</dateCreated>
  <name>Medical Visit Note new concepts</name>
  <description>Package contains new concepts required for Medical Visit Note after refactoring such visit note.</description>
  <openmrsVersion>2.3.1 cfl.2 Build 402691</openmrsVersion>
  <version>1</version>
  <groupUuid>f5f250ae-3b6b-4ed4-a033-f1893e4a173f</groupUuid>
  <modules id="3">
    <entry>
      <string>openconceptlab</string>
      <string>2.0.0-SNAPSHOT</string>
    </entry>
    <entry>
      <string>calculation</string>
      <string>1.2</string>
    </entry>
    <entry>
      <string>legacyui</string>
      <string>1.6.0</string>
    </entry>
    <entry>
      <string>attachments</string>
      <string>2.4.0</string>
    </entry>
    <entry>
      <string>metadatadeploy</string>
      <string>1.11.0</string>
    </entry>
    <entry>
      <string>fhir</string>
      <string>1.20.0</string>
    </entry>
    <entry>
      <string>metadatasharing</string>
      <string>1.6.0</string>
    </entry>
    <entry>
      <string>allergyui</string>
      <string>1.8.3-SNAPSHOT</string>
    </entry>
    <entry>
      <string>formentryapp</string>
      <string>1.4.2</string>
    </entry>
    <entry>
      <string>providermanagement</string>
      <string>2.10.0</string>
    </entry>
    <entry>
      <string>visits</string>
      <string>1.5.0-3</string>
    </entry>
    <entry>
      <string>htmlwidgets</string>
      <string>1.10.0</string>
    </entry>
    <entry>
      <string>dataexchange</string>
      <string>1.3.4</string>
    </entry>
    <entry>
      <string>sms</string>
      <string>1.3.0</string>
    </entry>
    <entry>
      <string>addresshierarchy</string>
      <string>2.11.0</string>
    </entry>
    <entry>
      <string>cflcharts</string>
      <string>1.2.1</string>
    </entry>
    <entry>
      <string>reportingrest</string>
      <string>1.11.0</string>
    </entry>
    <entry>
      <string>uiframework</string>
      <string>3.19.0</string>
    </entry>
    <entry>
      <string>reportingui</string>
      <string>1.6.0</string>
    </entry>
    <entry>
      <string>event</string>
      <string>2.9.0-SNAPSHOT</string>
    </entry>
    <entry>
      <string>uicommons</string>
      <string>2.14.0-SNAPSHOT</string>
    </entry>
    <entry>
      <string>patientflags</string>
      <string>3.0.3-SNAPSHOT</string>
    </entry>
    <entry>
      <string>reporting</string>
      <string>1.21.0-SNAPSHOT</string>
    </entry>
    <entry>
      <string>emrapi</string>
      <string>1.29.0-SNAPSHOT</string>
    </entry>
    <entry>
      <string>registrationapp</string>
      <string>1.20.0-SNAPSHOT</string>
    </entry>
    <entry>
      <string>callflows</string>
      <string>1.1.13</string>
    </entry>
    <entry>
      <string>idgen</string>
      <string>4.5.0</string>
    </entry>
    <entry>
      <string>htmlformentryui</string>
      <string>2.0.0-SNAPSHOT</string>
    </entry>
    <entry>
      <string>htmlformentry</string>
      <string>4.0.1-cfl.1</string>
    </entry>
    <entry>
      <string>etllite</string>
      <string>1.1.10</string>
    </entry>
    <entry>
      <string>cfl</string>
      <string>1.4.1-3</string>
    </entry>
    <entry>
      <string>reportingcompatibility</string>
      <string>2.0.6</string>
    </entry>
    <entry>
      <string>uilibrary</string>
      <string>2.0.6</string>
    </entry>
    <entry>
      <string>locationbasedaccess</string>
      <string>0.3.0-SNAPSHOT</string>
    </entry>
    <entry>
      <string>appframework</string>
      <string>2.15.0-SNAPSHOT</string>
    </entry>
    <entry>
      <string>cfldistribution-ship</string>
      <string>1.1.3-2</string>
    </entry>
    <entry>
      <string>webservices.rest</string>
      <string>2.29.1-SNAPSHOT.ccf336</string>
    </entry>
    <entry>
      <string>adminui</string>
      <string>1.3.0</string>
    </entry>
    <entry>
      <string>registrationcore</string>
      <string>1.9.0</string>
    </entry>
    <entry>
      <string>owa</string>
      <string>1.10.0</string>
    </entry>
    <entry>
      <string>messages</string>
      <string>1.7.0-2</string>
    </entry>
    <entry>
      <string>metadatamapping</string>
      <string>1.3.4</string>
    </entry>
    <entry>
      <string>coreapps</string>
      <string>1.29.0</string>
    </entry>
    <entry>
      <string>appui</string>
      <string>1.13.0-SNAPSHOT</string>
    </entry>
    <entry>
      <string>serialization.xstream</string>
      <string>0.2.14</string>
    </entry>
    <entry>
      <string>cflcore</string>
      <string>1.11.1-3</string>
    </entry>
  </modules>
  <items class="linked-hash-set" id="4">
    <org.openmrs.module.metadatasharing.Item id="5" uuid="9f2e0bb5-6a19-430c-905d-b885bfa40aa7">
      <id>221301</id>
      <classname>org.openmrs.ConceptNumeric</classname>
      <dateChanged id="6">2023-07-25 12:16:44</dateChanged>
      <retired>false</retired>
    </org.openmrs.module.metadatasharing.Item>
    <org.openmrs.module.metadatasharing.Item id="7" uuid="2a973b4f-e744-42de-ae5a-1852f97f27d0">
      <id>221297</id>
      <classname>org.openmrs.ConceptNumeric</classname>
      <dateChanged id="8">2023-07-25 12:11:30</dateChanged>
      <retired>false</retired>
    </org.openmrs.module.metadatasharing.Item>
    <org.openmrs.module.metadatasharing.Item id="9" uuid="4fe99148-e54e-4b7e-a861-e051d5a741fe">
      <id>221306</id>
      <classname>org.openmrs.ConceptNumeric</classname>
      <dateChanged id="10">2023-07-25 12:22:51</dateChanged>
      <retired>false</retired>
    </org.openmrs.module.metadatasharing.Item>
    <org.openmrs.module.metadatasharing.Item id="11" uuid="59d489bc-7686-47dd-a6e9-51f76193a194">
      <id>221309</id>
      <classname>org.openmrs.ConceptNumeric</classname>
      <dateChanged id="12">2023-07-26 15:39:31</dateChanged>
      <retired>false</retired>
    </org.openmrs.module.metadatasharing.Item>
    <org.openmrs.module.metadatasharing.Item id="13" uuid="44865e49-18c3-4658-b2e9-73a01225df15">
      <id>221305</id>
      <classname>org.openmrs.ConceptNumeric</classname>
      <dateChanged id="14">2023-07-25 12:21:55</dateChanged>
      <retired>false</retired>
    </org.openmrs.module.metadatasharing.Item>
    <org.openmrs.module.metadatasharing.Item id="15" uuid="be3bd67e-2527-45b5-9c0a-902e4577094d">
      <id>221307</id>
      <classname>org.openmrs.Concept</classname>
      <dateChanged id="16">2023-07-26 15:37:53</dateChanged>
      <retired>false</retired>
    </org.openmrs.module.metadatasharing.Item>
    <org.openmrs.module.metadatasharing.Item id="17" uuid="3c04911a-1815-4eba-98c9-78b47bef1e21">
      <id>221302</id>
      <classname>org.openmrs.ConceptNumeric</classname>
      <dateChanged id="18">2023-07-25 12:18:05</dateChanged>
      <retired>false</retired>
    </org.openmrs.module.metadatasharing.Item>
    <org.openmrs.module.metadatasharing.Item id="19" uuid="05b112e1-29ec-4106-8b2d-d83b9d4ed63b">
      <id>221300</id>
      <classname>org.openmrs.ConceptNumeric</classname>
      <dateChanged id="20">2023-07-25 12:15:28</dateChanged>
      <retired>false</retired>
    </org.openmrs.module.metadatasharing.Item>
    <org.openmrs.module.metadatasharing.Item id="21" uuid="51960052-4adc-4e01-9c38-c25d8559924d">
      <id>221298</id>
      <classname>org.openmrs.ConceptNumeric</classname>
      <dateChanged id="22">2023-07-25 12:12:54</dateChanged>
      <retired>false</retired>
    </org.openmrs.module.metadatasharing.Item>
    <org.openmrs.module.metadatasharing.Item id="23" uuid="c551da20-7435-45a5-8774-3c1e8fcf74f4">
      <id>221299</id>
      <classname>org.openmrs.ConceptNumeric</classname>
      <dateChanged id="24">2023-07-25 12:14:10</dateChanged>
      <retired>false</retired>
    </org.openmrs.module.metadatasharing.Item>
    <org.openmrs.module.metadatasharing.Item id="25" uuid="1e781715-1a99-4438-82a0-b38667341a27">
      <id>221308</id>
      <classname>org.openmrs.Concept</classname>
      <dateChanged id="26">2023-07-26 15:38:39</dateChanged>
      <retired>false</retired>
    </org.openmrs.module.metadatasharing.Item>
    <org.openmrs.module.metadatasharing.Item id="27" uuid="548c1f36-b548-4b09-a7b9-d37603473bc1">
      <id>221303</id>
      <classname>org.openmrs.ConceptNumeric</classname>
      <dateChanged id="28">2023-07-25 12:19:25</dateChanged>
      <retired>false</retired>
    </org.openmrs.module.metadatasharing.Item>
    <org.openmrs.module.metadatasharing.Item id="29" uuid="c089a277-44c9-4536-ab59-9ca4323825d9">
      <id>221304</id>
      <classname>org.openmrs.ConceptNumeric</classname>
      <dateChanged id="30">2023-07-25 12:20:34</dateChanged>
      <retired>false</retired>
    </org.openmrs.module.metadatasharing.Item>
  </items>
  <relatedItems class="linked-hash-set" id="31">
    <org.openmrs.module.metadatasharing.Item id="32" uuid="8d4a4488-c2cc-11de-8d13-0010c6dffd0f">
      <id>1</id>
      <classname>org.openmrs.ConceptDatatype</classname>
      <dateChanged id="33">2004-02-02 00:00:00</dateChanged>
      <retired>false</retired>
    </org.openmrs.module.metadatasharing.Item>
    <org.openmrs.module.metadatasharing.Item id="34" uuid="8d492594-c2cc-11de-8d13-0010c6dffd0f">
      <id>10</id>
      <classname>org.openmrs.ConceptClass</classname>
      <dateChanged id="35">2023-07-24 11:47:33</dateChanged>
      <retired>false</retired>
    </org.openmrs.module.metadatasharing.Item>
    <org.openmrs.module.metadatasharing.Item id="36" uuid="6cb7e21b-0d5b-496b-943b-3b293466c91e">
      <id>275101</id>
      <classname>org.openmrs.ConceptName</classname>
      <dateChanged id="37">2023-07-25 12:16:44</dateChanged>
    </org.openmrs.module.metadatasharing.Item>
    <org.openmrs.module.metadatasharing.Item id="38" uuid="33624b11-8a65-4b20-914f-46ea1755aced">
      <id>5903</id>
      <classname>org.openmrs.ConceptSet</classname>
      <dateChanged id="39">2023-07-25 12:16:44</dateChanged>
    </org.openmrs.module.metadatasharing.Item>
    <org.openmrs.module.metadatasharing.Item id="40" uuid="6f926421-1d9b-443e-a691-7dff1ea882dd">
      <id>166249</id>
      <classname>org.openmrs.Concept</classname>
      <dateChanged id="41">2021-09-22 13:50:00</dateChanged>
      <retired>false</retired>
    </org.openmrs.module.metadatasharing.Item>
    <org.openmrs.module.metadatasharing.Item id="42" uuid="8d4a505e-c2cc-11de-8d13-0010c6dffd0f">
      <id>6</id>
      <classname>org.openmrs.ConceptDatatype</classname>
      <dateChanged id="43">2004-07-22 00:00:00</dateChanged>
      <retired>false</retired>
    </org.openmrs.module.metadatasharing.Item>
    <org.openmrs.module.metadatasharing.Item id="44" uuid="8d4918b0-c2cc-11de-8d13-0010c6dffd0f">
      <id>4</id>
      <classname>org.openmrs.ConceptClass</classname>
      <dateChanged id="45">2023-07-24 11:47:33</dateChanged>
      <retired>false</retired>
    </org.openmrs.module.metadatasharing.Item>
    <org.openmrs.module.metadatasharing.Item id="46" uuid="92b15057-e9b0-4ec2-9522-674b80f5839c">
      <id>143963</id>
      <classname>org.openmrs.ConceptName</classname>
      <dateChanged id="47">2021-07-17 12:47:20</dateChanged>
    </org.openmrs.module.metadatasharing.Item>
    <org.openmrs.module.metadatasharing.Item id="48" uuid="724b8ac5-f441-4c6e-9504-2834acae1aaf">
      <id>18912</id>
      <classname>org.openmrs.ConceptDescription</classname>
      <dateChanged id="49">2021-07-17 12:47:20</dateChanged>
    </org.openmrs.module.metadatasharing.Item>
    <org.openmrs.module.metadatasharing.Item id="50" uuid="288911ABBBBBBBBBBBBBBBBBBBBBBBBBBBBB">
      <id>285658</id>
      <classname>org.openmrs.ConceptMap</classname>
      <dateChanged id="51">2022-01-03 16:36:31</dateChanged>
    </org.openmrs.module.metadatasharing.Item>
    <org.openmrs.module.metadatasharing.Item id="52" uuid="43ac5109-7d8c-11e1-909d-c80aa9edcf4e">
      <id>2</id>
      <classname>org.openmrs.ConceptMapType</classname>
      <dateChanged id="53">2023-07-24 11:47:33</dateChanged>
      <retired>false</retired>
    </org.openmrs.module.metadatasharing.Item>
    <org.openmrs.module.metadatasharing.Item id="54" uuid="ef1ff9e4-5e40-42fd-9e06-0829e5eec200">
      <id>285655</id>
      <classname>org.openmrs.ConceptReferenceTerm</classname>
      <dateChanged id="55">2022-01-03 16:37:03</dateChanged>
      <retired>false</retired>
    </org.openmrs.module.metadatasharing.Item>
    <org.openmrs.module.metadatasharing.Item id="56" uuid="54b34359-f541-5ebc-b4b2-f84286edde95">
      <id>41</id>
      <classname>org.openmrs.ConceptSource</classname>
      <dateChanged id="57">2022-01-03 16:36:31</dateChanged>
      <retired>false</retired>
    </org.openmrs.module.metadatasharing.Item>
    <org.openmrs.module.metadatasharing.Item id="58" uuid="290433ABBBBBBBBBBBBBBBBBBBBBBBBBBBBB">
      <id>285930</id>
      <classname>org.openmrs.ConceptMap</classname>
      <dateChanged id="59">2022-01-03 16:36:36</dateChanged>
    </org.openmrs.module.metadatasharing.Item>
    <org.openmrs.module.metadatasharing.Item id="60" uuid="6950cdaf-843f-40a7-89c0-34e183b187c1">
      <id>285867</id>
      <classname>org.openmrs.ConceptReferenceTerm</classname>
      <dateChanged id="61">2022-01-03 16:36:36</dateChanged>
      <retired>false</retired>
    </org.openmrs.module.metadatasharing.Item>
    <org.openmrs.module.metadatasharing.Item id="62" uuid="94013d01-81c9-5725-85ce-01b6fce93930">
      <id>43</id>
      <classname>org.openmrs.ConceptSource</classname>
      <dateChanged id="63">2022-01-03 16:36:31</dateChanged>
      <retired>false</retired>
    </org.openmrs.module.metadatasharing.Item>
    <org.openmrs.module.metadatasharing.Item id="64" uuid="e59722b5-08fc-470f-9cb4-6818b781dd85">
      <id>285516</id>
      <classname>org.openmrs.ConceptMap</classname>
      <dateChanged id="65">2021-09-22 13:50:00</dateChanged>
    </org.openmrs.module.metadatasharing.Item>
    <org.openmrs.module.metadatasharing.Item id="66" uuid="35543629-7d8c-11e1-909d-c80aa9edcf4e">
      <id>1</id>
      <classname>org.openmrs.ConceptMapType</classname>
      <dateChanged id="67">2023-07-24 11:47:33</dateChanged>
      <retired>false</retired>
    </org.openmrs.module.metadatasharing.Item>
    <org.openmrs.module.metadatasharing.Item id="68" uuid="45a3b6bb-1210-467c-bad2-35da9e5cb59a">
      <id>285516</id>
      <classname>org.openmrs.ConceptReferenceTerm</classname>
      <dateChanged id="69">2021-09-22 13:50:00</dateChanged>
      <retired>false</retired>
    </org.openmrs.module.metadatasharing.Item>
    <org.openmrs.module.metadatasharing.Item id="70" uuid="21ADDDDDDDDDDDDDDDDDDDDDDDDDDDDDDDDD">
      <id>21</id>
      <classname>org.openmrs.ConceptSource</classname>
      <dateChanged id="71">2023-07-24 11:47:33</dateChanged>
      <retired>false</retired>
    </org.openmrs.module.metadatasharing.Item>
    <org.openmrs.module.metadatasharing.Item id="72" uuid="288887ABBBBBBBBBBBBBBBBBBBBBBBBBBBBB">
      <id>285954</id>
      <classname>org.openmrs.ConceptMap</classname>
      <dateChanged id="73">2022-01-03 16:36:37</dateChanged>
    </org.openmrs.module.metadatasharing.Item>
    <org.openmrs.module.metadatasharing.Item id="74" uuid="2cc2ea6d-bf40-4908-8547-584ba361e892">
      <id>285839</id>
      <classname>org.openmrs.ConceptReferenceTerm</classname>
      <dateChanged id="75">2022-01-03 16:36:36</dateChanged>
      <retired>false</retired>
    </org.openmrs.module.metadatasharing.Item>
    <org.openmrs.module.metadatasharing.Item id="76" uuid="171a5df4-acac-5e9b-b59b-50ecc9460a4a">
      <id>40</id>
      <classname>org.openmrs.ConceptSource</classname>
      <dateChanged id="77">2023-07-24 11:47:33</dateChanged>
      <retired>false</retired>
    </org.openmrs.module.metadatasharing.Item>
    <org.openmrs.module.metadatasharing.Item id="78" uuid="66aaa2eb-9249-45e2-b774-172d9295d45c">
      <id>5904</id>
      <classname>org.openmrs.ConceptSet</classname>
      <dateChanged id="79">2023-07-25 12:16:44</dateChanged>
    </org.openmrs.module.metadatasharing.Item>
    <org.openmrs.module.metadatasharing.Item id="80" uuid="80b03c49-8578-4bcb-bcc8-a7494fb6ecae">
      <id>166244</id>
      <classname>org.openmrs.Concept</classname>
      <dateChanged id="81">2021-09-22 13:49:59</dateChanged>
      <retired>false</retired>
    </org.openmrs.module.metadatasharing.Item>
    <org.openmrs.module.metadatasharing.Item id="82" uuid="8d4a4ab4-c2cc-11de-8d13-0010c6dffd0f">
      <id>3</id>
      <classname>org.openmrs.ConceptDatatype</classname>
      <dateChanged id="83">2004-02-02 00:00:00</dateChanged>
      <retired>false</retired>
    </org.openmrs.module.metadatasharing.Item>
    <org.openmrs.module.metadatasharing.Item id="84" uuid="411f0403-59be-4305-b645-cb87ee975b6f">
      <id>143958</id>
      <classname>org.openmrs.ConceptName</classname>
      <dateChanged id="85">2021-07-17 12:48:20</dateChanged>
    </org.openmrs.module.metadatasharing.Item>
    <org.openmrs.module.metadatasharing.Item id="86" uuid="f25d373f-9096-477c-8091-bd2acf45475a">
      <id>18907</id>
      <classname>org.openmrs.ConceptDescription</classname>
      <dateChanged id="87">2021-07-17 12:48:20</dateChanged>
    </org.openmrs.module.metadatasharing.Item>
    <org.openmrs.module.metadatasharing.Item id="88" uuid="288288ABBBBBBBBBBBBBBBBBBBBBBBBBBBBB">
      <id>285850</id>
      <classname>org.openmrs.ConceptMap</classname>
      <dateChanged id="89">2022-01-03 16:36:35</dateChanged>
    </org.openmrs.module.metadatasharing.Item>
    <org.openmrs.module.metadatasharing.Item id="90" uuid="6d604dee-5dc2-4f74-a40b-919eaee5d31a">
      <id>285809</id>
      <classname>org.openmrs.ConceptReferenceTerm</classname>
      <dateChanged id="91">2022-01-03 16:36:35</dateChanged>
      <retired>false</retired>
    </org.openmrs.module.metadatasharing.Item>
    <org.openmrs.module.metadatasharing.Item id="92" uuid="288287ABBBBBBBBBBBBBBBBBBBBBBBBBBBBB">
      <id>286199</id>
      <classname>org.openmrs.ConceptMap</classname>
      <dateChanged id="93">2022-01-03 16:36:41</dateChanged>
    </org.openmrs.module.metadatasharing.Item>
    <org.openmrs.module.metadatasharing.Item id="94" uuid="b68d5736-ab9d-472b-8aad-3ae34cd5a08d">
      <id>286075</id>
      <classname>org.openmrs.ConceptReferenceTerm</classname>
      <dateChanged id="95">2022-01-03 16:36:41</dateChanged>
      <retired>false</retired>
    </org.openmrs.module.metadatasharing.Item>
    <org.openmrs.module.metadatasharing.Item id="96" uuid="2191b7fa-8533-49be-8201-2834adad2b7a">
      <id>285511</id>
      <classname>org.openmrs.ConceptMap</classname>
      <dateChanged id="97">2021-09-22 13:49:59</dateChanged>
    </org.openmrs.module.metadatasharing.Item>
    <org.openmrs.module.metadatasharing.Item id="98" uuid="87e9e32e-c59e-4921-9388-cdb031cf8567">
      <id>285511</id>
      <classname>org.openmrs.ConceptReferenceTerm</classname>
      <dateChanged id="99">2021-09-22 13:49:59</dateChanged>
      <retired>false</retired>
    </org.openmrs.module.metadatasharing.Item>
    <org.openmrs.module.metadatasharing.Item id="100" uuid="51e8e536-fab7-4321-97c1-d25cc229b613">
      <id>496602</id>
      <classname>org.openmrs.ConceptMap</classname>
      <dateChanged id="101">2023-08-01 18:06:11</dateChanged>
    </org.openmrs.module.metadatasharing.Item>
    <org.openmrs.module.metadatasharing.Item id="102" uuid="09677a0b-3d9f-468f-befe-8f40007f77e5">
      <id>448093</id>
      <classname>org.openmrs.ConceptReferenceTerm</classname>
      <dateChanged id="103">2023-08-01 18:06:08</dateChanged>
      <retired>false</retired>
    </org.openmrs.module.metadatasharing.Item>
    <org.openmrs.module.metadatasharing.Item id="104" uuid="b900d0a7-9615-4809-b872-1c7ea686e6ff">
      <id>275097</id>
      <classname>org.openmrs.ConceptName</classname>
      <dateChanged id="105">2023-07-25 12:11:30</dateChanged>
    </org.openmrs.module.metadatasharing.Item>
    <org.openmrs.module.metadatasharing.Item id="106" uuid="690d3fec-23f0-4f20-a51a-1d807ff026a5">
      <id>5895</id>
      <classname>org.openmrs.ConceptSet</classname>
      <dateChanged id="107">2023-07-25 12:11:30</dateChanged>
    </org.openmrs.module.metadatasharing.Item>
    <org.openmrs.module.metadatasharing.Item id="108" uuid="70fdbba0-578a-42b4-9670-04c2210b895c">
      <id>166264</id>
      <classname>org.openmrs.Concept</classname>
      <dateChanged id="109">2021-09-22 13:50:02</dateChanged>
      <retired>false</retired>
    </org.openmrs.module.metadatasharing.Item>
    <org.openmrs.module.metadatasharing.Item id="110" uuid="8d491e50-c2cc-11de-8d13-0010c6dffd0f">
      <id>7</id>
      <classname>org.openmrs.ConceptClass</classname>
      <dateChanged id="111">2023-07-24 11:47:33</dateChanged>
      <retired>false</retired>
    </org.openmrs.module.metadatasharing.Item>
    <org.openmrs.module.metadatasharing.Item id="112" uuid="e22186b2-301c-4b62-8e83-1376ab52c2d0">
      <id>143981</id>
      <classname>org.openmrs.ConceptName</classname>
      <dateChanged id="113">2021-07-17 11:13:48</dateChanged>
    </org.openmrs.module.metadatasharing.Item>
    <org.openmrs.module.metadatasharing.Item id="114" uuid="1e5a8a94-78a8-418d-8a25-b47efb216f8c">
      <id>143982</id>
      <classname>org.openmrs.ConceptName</classname>
      <dateChanged id="115">2021-07-17 11:13:48</dateChanged>
    </org.openmrs.module.metadatasharing.Item>
    <org.openmrs.module.metadatasharing.Item id="116" uuid="cd283ceb-745a-4f0a-83c0-662b7c6e77f4">
      <id>18927</id>
      <classname>org.openmrs.ConceptDescription</classname>
      <dateChanged id="117">2021-06-25 07:22:08</dateChanged>
    </org.openmrs.module.metadatasharing.Item>
    <org.openmrs.module.metadatasharing.Item id="118" uuid="344fe6a0-d8bf-4fe1-8e37-319dab38d2be">
      <id>285531</id>
      <classname>org.openmrs.ConceptMap</classname>
      <dateChanged id="119">2021-09-22 13:50:02</dateChanged>
    </org.openmrs.module.metadatasharing.Item>
    <org.openmrs.module.metadatasharing.Item id="120" uuid="2d48e77f-29b8-4345-baaf-32cf3815edba">
      <id>285531</id>
      <classname>org.openmrs.ConceptReferenceTerm</classname>
      <dateChanged id="121">2021-09-22 13:50:02</dateChanged>
      <retired>false</retired>
    </org.openmrs.module.metadatasharing.Item>
    <org.openmrs.module.metadatasharing.Item id="122" uuid="288349ABBBBBBBBBBBBBBBBBBBBBBBBBBBBB">
      <id>287108</id>
      <classname>org.openmrs.ConceptMap</classname>
      <dateChanged id="123">2022-01-03 16:36:57</dateChanged>
    </org.openmrs.module.metadatasharing.Item>
    <org.openmrs.module.metadatasharing.Item id="124" uuid="362a4580-86f7-4750-ae60-e2a808c26d27">
      <id>286763</id>
      <classname>org.openmrs.ConceptReferenceTerm</classname>
      <dateChanged id="125">2022-01-03 16:36:57</dateChanged>
      <retired>false</retired>
    </org.openmrs.module.metadatasharing.Item>
    <org.openmrs.module.metadatasharing.Item id="126" uuid="288350ABBBBBBBBBBBBBBBBBBBBBBBBBBBBB">
      <id>286794</id>
      <classname>org.openmrs.ConceptMap</classname>
      <dateChanged id="127">2022-01-03 16:36:52</dateChanged>
    </org.openmrs.module.metadatasharing.Item>
    <org.openmrs.module.metadatasharing.Item id="128" uuid="7741b6fa-d510-4801-a24d-8a9ec4d61c13">
      <id>286549</id>
      <classname>org.openmrs.ConceptReferenceTerm</classname>
      <dateChanged id="129">2022-01-03 16:36:52</dateChanged>
      <retired>false</retired>
    </org.openmrs.module.metadatasharing.Item>
    <org.openmrs.module.metadatasharing.Item id="130" uuid="066bec7a-1ccc-4510-a3bd-1fbee490fe5c">
      <id>5896</id>
      <classname>org.openmrs.ConceptSet</classname>
      <dateChanged id="131">2023-07-25 12:11:30</dateChanged>
    </org.openmrs.module.metadatasharing.Item>
    <org.openmrs.module.metadatasharing.Item id="132" uuid="bd91eba8-3a59-4fc8-96f9-6e7f257d8877">
      <id>166237</id>
      <classname>org.openmrs.Concept</classname>
      <dateChanged id="133">2021-09-22 13:49:59</dateChanged>
      <retired>false</retired>
    </org.openmrs.module.metadatasharing.Item>
    <org.openmrs.module.metadatasharing.Item id="134" uuid="7eed676c-15be-42e7-96a5-46e507c6582d">
      <id>143948</id>
      <classname>org.openmrs.ConceptName</classname>
      <dateChanged id="135">2021-07-17 11:14:18</dateChanged>
    </org.openmrs.module.metadatasharing.Item>
    <org.openmrs.module.metadatasharing.Item id="136" uuid="dfa666fd-bbd4-4dbf-9637-cc137c5de4c9">
      <id>143949</id>
      <classname>org.openmrs.ConceptName</classname>
      <dateChanged id="137">2021-07-17 11:14:18</dateChanged>
    </org.openmrs.module.metadatasharing.Item>
    <org.openmrs.module.metadatasharing.Item id="138" uuid="a186cf04-bcc9-4d04-a7e3-1bf7c7df8f70">
      <id>18900</id>
      <classname>org.openmrs.ConceptDescription</classname>
      <dateChanged id="139">2021-06-25 07:24:20</dateChanged>
    </org.openmrs.module.metadatasharing.Item>
    <org.openmrs.module.metadatasharing.Item id="140" uuid="288266ABBBBBBBBBBBBBBBBBBBBBBBBBBBBB">
      <id>286154</id>
      <classname>org.openmrs.ConceptMap</classname>
      <dateChanged id="141">2022-01-03 16:36:40</dateChanged>
    </org.openmrs.module.metadatasharing.Item>
    <org.openmrs.module.metadatasharing.Item id="142" uuid="23bb2777-bb24-4d62-aa28-52e82c1f66bb">
      <id>286040</id>
      <classname>org.openmrs.ConceptReferenceTerm</classname>
      <dateChanged id="143">2022-01-03 16:36:40</dateChanged>
      <retired>false</retired>
    </org.openmrs.module.metadatasharing.Item>
    <org.openmrs.module.metadatasharing.Item id="144" uuid="288267ABBBBBBBBBBBBBBBBBBBBBBBBBBBBB">
      <id>286447</id>
      <classname>org.openmrs.ConceptMap</classname>
      <dateChanged id="145">2022-01-03 16:36:45</dateChanged>
    </org.openmrs.module.metadatasharing.Item>
    <org.openmrs.module.metadatasharing.Item id="146" uuid="08dc93fe-85dd-4d71-a3d0-ebc047024ef4">
      <id>286275</id>
      <classname>org.openmrs.ConceptReferenceTerm</classname>
      <dateChanged id="147">2022-01-03 16:36:45</dateChanged>
      <retired>false</retired>
    </org.openmrs.module.metadatasharing.Item>
    <org.openmrs.module.metadatasharing.Item id="148" uuid="cd28777b-e1bb-4c9a-accf-99fd661839ae">
      <id>285504</id>
      <classname>org.openmrs.ConceptMap</classname>
      <dateChanged id="149">2021-09-22 13:49:59</dateChanged>
    </org.openmrs.module.metadatasharing.Item>
    <org.openmrs.module.metadatasharing.Item id="150" uuid="f6dcd023-4f09-410e-b819-24f51a5bf99e">
      <id>285504</id>
      <classname>org.openmrs.ConceptReferenceTerm</classname>
      <dateChanged id="151">2021-09-22 13:49:59</dateChanged>
      <retired>false</retired>
    </org.openmrs.module.metadatasharing.Item>
    <org.openmrs.module.metadatasharing.Item id="152" uuid="6102df24-b46e-4e72-9296-d090c26b0283">
      <id>496603</id>
      <classname>org.openmrs.ConceptMap</classname>
      <dateChanged id="153">2023-08-01 18:06:11</dateChanged>
    </org.openmrs.module.metadatasharing.Item>
    <org.openmrs.module.metadatasharing.Item id="154" uuid="4d03ce3a-bb9b-420a-a397-c53c20130329">
      <id>448094</id>
      <classname>org.openmrs.ConceptReferenceTerm</classname>
      <dateChanged id="155">2023-08-01 18:06:08</dateChanged>
      <retired>false</retired>
    </org.openmrs.module.metadatasharing.Item>
    <org.openmrs.module.metadatasharing.Item id="156" uuid="37437d08-4328-4f35-9798-acf198f67b0e">
      <id>275106</id>
      <classname>org.openmrs.ConceptName</classname>
      <dateChanged id="157">2023-07-25 12:22:51</dateChanged>
    </org.openmrs.module.metadatasharing.Item>
    <org.openmrs.module.metadatasharing.Item id="158" uuid="2107bb0f-f919-4ba3-a0a4-83c69e1fbbc8">
      <id>5913</id>
      <classname>org.openmrs.ConceptSet</classname>
      <dateChanged id="159">2023-07-25 12:22:51</dateChanged>
    </org.openmrs.module.metadatasharing.Item>
    <org.openmrs.module.metadatasharing.Item id="160" uuid="4c89b40b-70e1-49fc-b4d9-6fd10bf2c6a1">
      <id>166136</id>
      <classname>org.openmrs.Concept</classname>
      <dateChanged id="161">2021-09-22 13:49:49</dateChanged>
      <retired>false</retired>
    </org.openmrs.module.metadatasharing.Item>
    <org.openmrs.module.metadatasharing.Item id="162" uuid="777d8be8-cc69-4a8a-83c3-b2ba7de6c218">
      <id>143838</id>
      <classname>org.openmrs.ConceptName</classname>
      <dateChanged id="163">2021-07-17 12:44:27</dateChanged>
    </org.openmrs.module.metadatasharing.Item>
    <org.openmrs.module.metadatasharing.Item id="164" uuid="414b6fb2-49a1-4745-8330-40c3e811a09f">
      <id>18800</id>
      <classname>org.openmrs.ConceptDescription</classname>
      <dateChanged id="165">2021-07-17 12:44:27</dateChanged>
    </org.openmrs.module.metadatasharing.Item>
    <org.openmrs.module.metadatasharing.Item id="166" uuid="287809ABBBBBBBBBBBBBBBBBBBBBBBBBBBBB">
      <id>286072</id>
      <classname>org.openmrs.ConceptMap</classname>
      <dateChanged id="167">2022-01-03 16:36:39</dateChanged>
    </org.openmrs.module.metadatasharing.Item>
    <org.openmrs.module.metadatasharing.Item id="168" uuid="8a09adff-3244-4957-b120-9ece5a988ca8">
      <id>285976</id>
      <classname>org.openmrs.ConceptReferenceTerm</classname>
      <dateChanged id="169">2022-01-03 16:36:39</dateChanged>
      <retired>false</retired>
    </org.openmrs.module.metadatasharing.Item>
    <org.openmrs.module.metadatasharing.Item id="170" uuid="3ebed3e9-f25d-5692-b046-e6c3f6caf3f0">
      <id>47</id>
      <classname>org.openmrs.ConceptSource</classname>
      <dateChanged id="171">2022-01-03 16:36:33</dateChanged>
      <retired>false</retired>
    </org.openmrs.module.metadatasharing.Item>
    <org.openmrs.module.metadatasharing.Item id="172" uuid="287810ABBBBBBBBBBBBBBBBBBBBBBBBBBBBB">
      <id>286387</id>
      <classname>org.openmrs.ConceptMap</classname>
      <dateChanged id="173">2022-01-03 16:36:44</dateChanged>
    </org.openmrs.module.metadatasharing.Item>
    <org.openmrs.module.metadatasharing.Item id="174" uuid="ff35903a-3bba-44d9-ba50-454786f2c07b">
      <id>286227</id>
      <classname>org.openmrs.ConceptReferenceTerm</classname>
      <dateChanged id="175">2022-01-03 16:36:44</dateChanged>
      <retired>false</retired>
    </org.openmrs.module.metadatasharing.Item>
    <org.openmrs.module.metadatasharing.Item id="176" uuid="d92f139c-2b3c-4b6f-9fec-2dc69070fd4c">
      <id>285392</id>
      <classname>org.openmrs.ConceptMap</classname>
      <dateChanged id="177">2021-09-22 13:49:49</dateChanged>
    </org.openmrs.module.metadatasharing.Item>
    <org.openmrs.module.metadatasharing.Item id="178" uuid="c349c8f4-a368-4bc1-953c-1095a2e901f1">
      <id>285392</id>
      <classname>org.openmrs.ConceptReferenceTerm</classname>
      <dateChanged id="179">2021-09-22 13:49:49</dateChanged>
      <retired>false</retired>
    </org.openmrs.module.metadatasharing.Item>
    <org.openmrs.module.metadatasharing.Item id="180" uuid="e0cdccd5-2a35-4fca-abfb-b739c22f3698">
      <id>5914</id>
      <classname>org.openmrs.ConceptSet</classname>
      <dateChanged id="181">2023-07-25 12:22:51</dateChanged>
    </org.openmrs.module.metadatasharing.Item>
    <org.openmrs.module.metadatasharing.Item id="182" uuid="6997d943-7555-4bb7-b41d-89f996167d6c">
      <id>166295</id>
      <classname>org.openmrs.Concept</classname>
      <dateChanged id="183">2021-09-22 13:50:05</dateChanged>
      <retired>false</retired>
    </org.openmrs.module.metadatasharing.Item>
    <org.openmrs.module.metadatasharing.Item id="184" uuid="3d6d814f-9f15-46a2-a2ca-9fbca499e83e">
      <id>144013</id>
      <classname>org.openmrs.ConceptName</classname>
      <dateChanged id="185">2021-07-17 12:46:01</dateChanged>
    </org.openmrs.module.metadatasharing.Item>
    <org.openmrs.module.metadatasharing.Item id="186" uuid="a0ce8c43-35b2-4726-bae2-7d3ca1e86ad6">
      <id>18958</id>
      <classname>org.openmrs.ConceptDescription</classname>
      <dateChanged id="187">2021-07-17 12:46:01</dateChanged>
    </org.openmrs.module.metadatasharing.Item>
    <org.openmrs.module.metadatasharing.Item id="188" uuid="7df5177a-9797-42f0-b41a-c7ef635df003">
      <id>285562</id>
      <classname>org.openmrs.ConceptMap</classname>
      <dateChanged id="189">2021-09-22 13:50:05</dateChanged>
    </org.openmrs.module.metadatasharing.Item>
    <org.openmrs.module.metadatasharing.Item id="190" uuid="428ab295-7d38-4032-9ad2-5389ae8f0db0">
      <id>285562</id>
      <classname>org.openmrs.ConceptReferenceTerm</classname>
      <dateChanged id="191">2021-09-22 13:50:05</dateChanged>
      <retired>false</retired>
    </org.openmrs.module.metadatasharing.Item>
    <org.openmrs.module.metadatasharing.Item id="192" uuid="288446ABBBBBBBBBBBBBBBBBBBBBBBBBBBBB">
      <id>285728</id>
      <classname>org.openmrs.ConceptMap</classname>
      <dateChanged id="193">2022-01-03 16:36:33</dateChanged>
    </org.openmrs.module.metadatasharing.Item>
    <org.openmrs.module.metadatasharing.Item id="194" uuid="abd4b169-f150-4054-ad26-b9ea3b2bcec9">
      <id>285690</id>
      <classname>org.openmrs.ConceptReferenceTerm</classname>
      <dateChanged id="195">2022-01-03 16:36:32</dateChanged>
      <retired>false</retired>
    </org.openmrs.module.metadatasharing.Item>
    <org.openmrs.module.metadatasharing.Item id="196" uuid="b430925d-71a9-41cc-bf6b-37d24578054d">
      <id>496604</id>
      <classname>org.openmrs.ConceptMap</classname>
      <dateChanged id="197">2023-08-01 18:06:11</dateChanged>
    </org.openmrs.module.metadatasharing.Item>
    <org.openmrs.module.metadatasharing.Item id="198" uuid="fcf6905e-ca4a-426b-8f86-6b97771af7d4">
      <id>448095</id>
      <classname>org.openmrs.ConceptReferenceTerm</classname>
      <dateChanged id="199">2023-08-01 18:06:09</dateChanged>
      <retired>false</retired>
    </org.openmrs.module.metadatasharing.Item>
    <org.openmrs.module.metadatasharing.Item id="200" uuid="dda19d86-9623-482b-a94f-49a45b28525a">
      <id>275109</id>
      <classname>org.openmrs.ConceptName</classname>
      <dateChanged id="201">2023-07-26 15:39:31</dateChanged>
    </org.openmrs.module.metadatasharing.Item>
    <org.openmrs.module.metadatasharing.Item id="202" uuid="71708d0d-4282-4e86-92fa-f64b16b0a046">
      <id>5915</id>
      <classname>org.openmrs.ConceptSet</classname>
      <dateChanged id="203">2023-07-26 15:39:31</dateChanged>
    </org.openmrs.module.metadatasharing.Item>
    <org.openmrs.module.metadatasharing.Item id="204" uuid="4122bb0e-e230-4673-81f9-9bf52212fbc6">
      <id>275107</id>
      <classname>org.openmrs.ConceptName</classname>
      <dateChanged id="205">2023-07-26 15:37:53</dateChanged>
    </org.openmrs.module.metadatasharing.Item>
    <org.openmrs.module.metadatasharing.Item id="206" uuid="4df5fc75-8def-4975-add4-d17d53e4940e">
      <id>35842</id>
      <classname>org.openmrs.ConceptDescription</classname>
      <dateChanged id="207">2023-07-26 15:37:53</dateChanged>
    </org.openmrs.module.metadatasharing.Item>
    <org.openmrs.module.metadatasharing.Item id="208" uuid="17bf9c3c-ad6a-4a32-bcf9-c8c5ae659100">
      <id>496607</id>
      <classname>org.openmrs.ConceptMap</classname>
      <dateChanged id="209">2023-08-01 18:06:11</dateChanged>
    </org.openmrs.module.metadatasharing.Item>
    <org.openmrs.module.metadatasharing.Item id="210" uuid="74065f06-6e13-4868-9189-72f295015d46">
      <id>448098</id>
      <classname>org.openmrs.ConceptReferenceTerm</classname>
      <dateChanged id="211">2023-08-01 18:06:10</dateChanged>
      <retired>false</retired>
    </org.openmrs.module.metadatasharing.Item>
    <org.openmrs.module.metadatasharing.Item id="212" uuid="e31a9751-1ead-4a3b-9eb0-32c0290c2f51">
      <id>5916</id>
      <classname>org.openmrs.ConceptSet</classname>
      <dateChanged id="213">2023-07-26 15:39:31</dateChanged>
    </org.openmrs.module.metadatasharing.Item>
    <org.openmrs.module.metadatasharing.Item id="214" uuid="c54f3725-36b4-449a-9759-a71029c71558">
      <id>275108</id>
      <classname>org.openmrs.ConceptName</classname>
      <dateChanged id="215">2023-07-26 15:38:39</dateChanged>
    </org.openmrs.module.metadatasharing.Item>
    <org.openmrs.module.metadatasharing.Item id="216" uuid="52315ce9-3741-4e03-a3b4-1def227e1728">
      <id>35843</id>
      <classname>org.openmrs.ConceptDescription</classname>
      <dateChanged id="217">2023-07-26 15:38:39</dateChanged>
    </org.openmrs.module.metadatasharing.Item>
    <org.openmrs.module.metadatasharing.Item id="218" uuid="0cc1f981-ffe0-4766-b0dc-ad7e2d0e1bf8">
      <id>496612</id>
      <classname>org.openmrs.ConceptMap</classname>
      <dateChanged id="219">2023-08-01 18:06:11</dateChanged>
    </org.openmrs.module.metadatasharing.Item>
    <org.openmrs.module.metadatasharing.Item id="220" uuid="e92984ad-02f6-454d-bcd9-788b9bcf587a">
      <id>448103</id>
      <classname>org.openmrs.ConceptReferenceTerm</classname>
      <dateChanged id="221">2023-08-01 18:06:11</dateChanged>
      <retired>false</retired>
    </org.openmrs.module.metadatasharing.Item>
    <org.openmrs.module.metadatasharing.Item id="222" uuid="b42e537d-bfe7-49a5-a839-71775cc1bf40">
      <id>496605</id>
      <classname>org.openmrs.ConceptMap</classname>
      <dateChanged id="223">2023-08-01 18:06:11</dateChanged>
    </org.openmrs.module.metadatasharing.Item>
    <org.openmrs.module.metadatasharing.Item id="224" uuid="ed78c988-3c3a-4031-8bc4-435eed7aa28c">
      <id>448096</id>
      <classname>org.openmrs.ConceptReferenceTerm</classname>
      <dateChanged id="225">2023-08-01 18:06:09</dateChanged>
      <retired>false</retired>
    </org.openmrs.module.metadatasharing.Item>
    <org.openmrs.module.metadatasharing.Item id="226" uuid="91cc0bea-58ab-4795-9a61-d4fd0c21f902">
      <id>275105</id>
      <classname>org.openmrs.ConceptName</classname>
      <dateChanged id="227">2023-07-25 12:21:55</dateChanged>
    </org.openmrs.module.metadatasharing.Item>
    <org.openmrs.module.metadatasharing.Item id="228" uuid="55ffefe9-b7b0-4424-9853-db54bf10f468">
      <id>5911</id>
      <classname>org.openmrs.ConceptSet</classname>
      <dateChanged id="229">2023-07-25 12:21:55</dateChanged>
    </org.openmrs.module.metadatasharing.Item>
    <org.openmrs.module.metadatasharing.Item id="230" uuid="6d39af4b-c1ac-4439-b5c5-534a30d6e758">
      <id>166208</id>
      <classname>org.openmrs.Concept</classname>
      <dateChanged id="231">2021-09-22 13:49:56</dateChanged>
      <retired>false</retired>
    </org.openmrs.module.metadatasharing.Item>
    <org.openmrs.module.metadatasharing.Item id="232" uuid="7d621c56-2eb5-45ae-9f2f-5234efff6f26">
      <id>143915</id>
      <classname>org.openmrs.ConceptName</classname>
      <dateChanged id="233">2021-07-17 12:38:41</dateChanged>
    </org.openmrs.module.metadatasharing.Item>
    <org.openmrs.module.metadatasharing.Item id="234" uuid="29644271-c1b6-4c30-b34b-be9758d4aed5">
      <id>18871</id>
      <classname>org.openmrs.ConceptDescription</classname>
      <dateChanged id="235">2021-07-17 12:38:41</dateChanged>
    </org.openmrs.module.metadatasharing.Item>
    <org.openmrs.module.metadatasharing.Item id="236" uuid="b749976f-fc93-4d9e-998e-7f2fd18af75f">
      <id>285467</id>
      <classname>org.openmrs.ConceptMap</classname>
      <dateChanged id="237">2021-09-22 13:49:56</dateChanged>
    </org.openmrs.module.metadatasharing.Item>
    <org.openmrs.module.metadatasharing.Item id="238" uuid="77d98c88-0d1b-4890-952b-acb7c1643776">
      <id>285467</id>
      <classname>org.openmrs.ConceptReferenceTerm</classname>
      <dateChanged id="239">2021-09-22 13:49:56</dateChanged>
      <retired>false</retired>
    </org.openmrs.module.metadatasharing.Item>
    <org.openmrs.module.metadatasharing.Item id="240" uuid="288116ABBBBBBBBBBBBBBBBBBBBBBBBBBBBB">
      <id>285789</id>
      <classname>org.openmrs.ConceptMap</classname>
      <dateChanged id="241">2022-01-03 16:36:34</dateChanged>
    </org.openmrs.module.metadatasharing.Item>
    <org.openmrs.module.metadatasharing.Item id="242" uuid="214b42f0-1a9a-431a-9c25-e99bd7952dda">
      <id>285764</id>
      <classname>org.openmrs.ConceptReferenceTerm</classname>
      <dateChanged id="243">2022-01-03 16:36:34</dateChanged>
      <retired>false</retired>
    </org.openmrs.module.metadatasharing.Item>
    <org.openmrs.module.metadatasharing.Item id="244" uuid="ece524be-5e02-546b-8624-51471aab5c66">
      <id>45</id>
      <classname>org.openmrs.ConceptSource</classname>
      <dateChanged id="245">2022-01-03 16:36:32</dateChanged>
      <retired>false</retired>
    </org.openmrs.module.metadatasharing.Item>
    <org.openmrs.module.metadatasharing.Item id="246" uuid="288124ABBBBBBBBBBBBBBBBBBBBBBBBBBBBB">
      <id>285760</id>
      <classname>org.openmrs.ConceptMap</classname>
      <dateChanged id="247">2022-01-03 16:36:34</dateChanged>
    </org.openmrs.module.metadatasharing.Item>
    <org.openmrs.module.metadatasharing.Item id="248" uuid="1a691b76-76a1-4c66-a327-46d4b1628fc0">
      <id>285709</id>
      <classname>org.openmrs.ConceptReferenceTerm</classname>
      <dateChanged id="249">2022-01-03 16:36:33</dateChanged>
      <retired>false</retired>
    </org.openmrs.module.metadatasharing.Item>
    <org.openmrs.module.metadatasharing.Item id="250" uuid="288117ABBBBBBBBBBBBBBBBBBBBBBBBBBBBB">
      <id>286024</id>
      <classname>org.openmrs.ConceptMap</classname>
      <dateChanged id="251">2022-01-03 16:36:38</dateChanged>
    </org.openmrs.module.metadatasharing.Item>
    <org.openmrs.module.metadatasharing.Item id="252" uuid="037a7955-14cc-412e-915e-c4f767d785f9">
      <id>285729</id>
      <classname>org.openmrs.ConceptReferenceTerm</classname>
      <dateChanged id="253">2022-01-03 16:36:33</dateChanged>
      <retired>false</retired>
    </org.openmrs.module.metadatasharing.Item>
    <org.openmrs.module.metadatasharing.Item id="254" uuid="5cf6d764-fd77-4667-876a-3decb536c1fd">
      <id>5912</id>
      <classname>org.openmrs.ConceptSet</classname>
      <dateChanged id="255">2023-07-25 12:21:55</dateChanged>
    </org.openmrs.module.metadatasharing.Item>
    <org.openmrs.module.metadatasharing.Item id="256" uuid="84b6f9ad-e361-4c82-a8cd-928527264eaf">
      <id>166215</id>
      <classname>org.openmrs.Concept</classname>
      <dateChanged id="257">2021-09-22 13:49:56</dateChanged>
      <retired>false</retired>
    </org.openmrs.module.metadatasharing.Item>
    <org.openmrs.module.metadatasharing.Item id="258" uuid="291b4ffd-d9d7-4cb7-af05-9e3b90cf40c2">
      <id>143923</id>
      <classname>org.openmrs.ConceptName</classname>
      <dateChanged id="259">2021-07-17 12:40:10</dateChanged>
    </org.openmrs.module.metadatasharing.Item>
    <org.openmrs.module.metadatasharing.Item id="260" uuid="8d5bda50-df27-4478-8bad-714a10bd856e">
      <id>18878</id>
      <classname>org.openmrs.ConceptDescription</classname>
      <dateChanged id="261">2021-07-17 12:40:10</dateChanged>
    </org.openmrs.module.metadatasharing.Item>
    <org.openmrs.module.metadatasharing.Item id="262" uuid="288173ABBBBBBBBBBBBBBBBBBBBBBBBBBBBB">
      <id>285665</id>
      <classname>org.openmrs.ConceptMap</classname>
      <dateChanged id="263">2022-01-03 16:36:31</dateChanged>
    </org.openmrs.module.metadatasharing.Item>
    <org.openmrs.module.metadatasharing.Item id="264" uuid="20bedf7a-8a81-4dd8-8459-07993648ed76">
      <id>285662</id>
      <classname>org.openmrs.ConceptReferenceTerm</classname>
      <dateChanged id="265">2022-01-03 16:36:31</dateChanged>
      <retired>false</retired>
    </org.openmrs.module.metadatasharing.Item>
    <org.openmrs.module.metadatasharing.Item id="266" uuid="3f65bd34-26fe-102b-80cb-0017a47871b2">
      <id>3</id>
      <classname>org.openmrs.ConceptSource</classname>
      <dateChanged id="267">2023-07-24 11:47:33</dateChanged>
      <retired>false</retired>
    </org.openmrs.module.metadatasharing.Item>
    <org.openmrs.module.metadatasharing.Item id="268" uuid="5d047b15-a94c-4390-ae26-039f37cc249f">
      <id>285475</id>
      <classname>org.openmrs.ConceptMap</classname>
      <dateChanged id="269">2021-09-22 13:49:56</dateChanged>
    </org.openmrs.module.metadatasharing.Item>
    <org.openmrs.module.metadatasharing.Item id="270" uuid="3e33ac6d-adf5-46a8-adc1-f8e1f8175530">
      <id>285475</id>
      <classname>org.openmrs.ConceptReferenceTerm</classname>
      <dateChanged id="271">2021-09-22 13:49:56</dateChanged>
      <retired>false</retired>
    </org.openmrs.module.metadatasharing.Item>
    <org.openmrs.module.metadatasharing.Item id="272" uuid="288174ABBBBBBBBBBBBBBBBBBBBBBBBBBBBB">
      <id>287169</id>
      <classname>org.openmrs.ConceptMap</classname>
      <dateChanged id="273">2022-01-03 16:36:58</dateChanged>
    </org.openmrs.module.metadatasharing.Item>
    <org.openmrs.module.metadatasharing.Item id="274" uuid="4fd88ac2-ba79-4a26-ac16-032d757975f6">
      <id>286803</id>
      <classname>org.openmrs.ConceptReferenceTerm</classname>
      <dateChanged id="275">2022-01-03 16:36:58</dateChanged>
      <retired>false</retired>
    </org.openmrs.module.metadatasharing.Item>
    <org.openmrs.module.metadatasharing.Item id="276" uuid="95640508-0edf-4cac-8e77-784e00ca2c25">
      <id>496606</id>
      <classname>org.openmrs.ConceptMap</classname>
      <dateChanged id="277">2023-08-01 18:06:11</dateChanged>
    </org.openmrs.module.metadatasharing.Item>
    <org.openmrs.module.metadatasharing.Item id="278" uuid="b3dc70d2-8425-4437-8a78-d1521adcbbf8">
      <id>448097</id>
      <classname>org.openmrs.ConceptReferenceTerm</classname>
      <dateChanged id="279">2023-08-01 18:06:10</dateChanged>
      <retired>false</retired>
    </org.openmrs.module.metadatasharing.Item>
    <org.openmrs.module.metadatasharing.Item id="280" uuid="6677a159-f738-4b77-bad5-ea58dccfe9a1">
      <id>275102</id>
      <classname>org.openmrs.ConceptName</classname>
      <dateChanged id="281">2023-07-25 12:18:05</dateChanged>
    </org.openmrs.module.metadatasharing.Item>
    <org.openmrs.module.metadatasharing.Item id="282" uuid="de75c7b4-cbfe-469d-904f-51330c6876ed">
      <id>5905</id>
      <classname>org.openmrs.ConceptSet</classname>
      <dateChanged id="283">2023-07-25 12:18:05</dateChanged>
    </org.openmrs.module.metadatasharing.Item>
    <org.openmrs.module.metadatasharing.Item id="284" uuid="6a9edd84-8591-478b-9641-085b4de8c6b7">
      <id>166218</id>
      <classname>org.openmrs.Concept</classname>
      <dateChanged id="285">2021-09-22 13:49:57</dateChanged>
      <retired>false</retired>
    </org.openmrs.module.metadatasharing.Item>
    <org.openmrs.module.metadatasharing.Item id="286" uuid="1f44d0c4-0c03-4b50-b1e1-b886a5aac18e">
      <id>143927</id>
      <classname>org.openmrs.ConceptName</classname>
      <dateChanged id="287">2021-07-17 11:15:07</dateChanged>
    </org.openmrs.module.metadatasharing.Item>
    <org.openmrs.module.metadatasharing.Item id="288" uuid="68e8f89b-027a-4ba4-bfb4-e014b38f37f8">
      <id>18881</id>
      <classname>org.openmrs.ConceptDescription</classname>
      <dateChanged id="289">2021-07-17 11:15:07</dateChanged>
    </org.openmrs.module.metadatasharing.Item>
    <org.openmrs.module.metadatasharing.Item id="290" uuid="288201ABBBBBBBBBBBBBBBBBBBBBBBBBBBBB">
      <id>286935</id>
      <classname>org.openmrs.ConceptMap</classname>
      <dateChanged id="291">2022-01-03 16:36:54</dateChanged>
    </org.openmrs.module.metadatasharing.Item>
    <org.openmrs.module.metadatasharing.Item id="292" uuid="d363c97e-e317-4bee-9b3b-b6baed55c3c6">
      <id>286649</id>
      <classname>org.openmrs.ConceptReferenceTerm</classname>
      <dateChanged id="293">2022-01-03 16:36:54</dateChanged>
      <retired>false</retired>
    </org.openmrs.module.metadatasharing.Item>
    <org.openmrs.module.metadatasharing.Item id="294" uuid="288199ABBBBBBBBBBBBBBBBBBBBBBBBBBBBB">
      <id>286972</id>
      <classname>org.openmrs.ConceptMap</classname>
      <dateChanged id="295">2022-01-03 16:36:54</dateChanged>
    </org.openmrs.module.metadatasharing.Item>
    <org.openmrs.module.metadatasharing.Item id="296" uuid="75ca390b-7a6b-4d87-9bb8-aaf2cd6c9366">
      <id>286673</id>
      <classname>org.openmrs.ConceptReferenceTerm</classname>
      <dateChanged id="297">2022-01-03 16:36:54</dateChanged>
      <retired>false</retired>
    </org.openmrs.module.metadatasharing.Item>
    <org.openmrs.module.metadatasharing.Item id="298" uuid="808e2045-1d41-4140-b4b1-a948499b88ee">
      <id>285478</id>
      <classname>org.openmrs.ConceptMap</classname>
      <dateChanged id="299">2021-09-22 13:49:57</dateChanged>
    </org.openmrs.module.metadatasharing.Item>
    <org.openmrs.module.metadatasharing.Item id="300" uuid="a5aa9a4f-9a62-48d2-9e2b-062ccb5c1112">
      <id>285478</id>
      <classname>org.openmrs.ConceptReferenceTerm</classname>
      <dateChanged id="301">2021-09-22 13:49:57</dateChanged>
      <retired>false</retired>
    </org.openmrs.module.metadatasharing.Item>
    <org.openmrs.module.metadatasharing.Item id="302" uuid="dde04854-7b95-4ac7-a7a7-8ed1c6bc4607">
      <id>5906</id>
      <classname>org.openmrs.ConceptSet</classname>
      <dateChanged id="303">2023-07-25 12:18:05</dateChanged>
    </org.openmrs.module.metadatasharing.Item>
    <org.openmrs.module.metadatasharing.Item id="304" uuid="2d77205a-20f1-493a-91a4-432085fa4730">
      <id>166233</id>
      <classname>org.openmrs.Concept</classname>
      <dateChanged id="305">2021-09-22 13:49:58</dateChanged>
      <retired>false</retired>
    </org.openmrs.module.metadatasharing.Item>
    <org.openmrs.module.metadatasharing.Item id="306" uuid="17524c71-4aad-45c0-8835-30146bb31224">
      <id>143944</id>
      <classname>org.openmrs.ConceptName</classname>
      <dateChanged id="307">2021-07-17 11:16:35</dateChanged>
    </org.openmrs.module.metadatasharing.Item>
    <org.openmrs.module.metadatasharing.Item id="308" uuid="8c5fe457-0854-4869-9f64-d134d592220d">
      <id>18896</id>
      <classname>org.openmrs.ConceptDescription</classname>
      <dateChanged id="309">2021-07-17 11:16:35</dateChanged>
    </org.openmrs.module.metadatasharing.Item>
    <org.openmrs.module.metadatasharing.Item id="310" uuid="62f5acf9-e28d-43ae-b4cc-ba38fc11dc97">
      <id>285494</id>
      <classname>org.openmrs.ConceptMap</classname>
      <dateChanged id="311">2021-09-22 13:49:58</dateChanged>
    </org.openmrs.module.metadatasharing.Item>
    <org.openmrs.module.metadatasharing.Item id="312" uuid="1d63e272-cbfa-4e37-b326-605d471d26d3">
      <id>285494</id>
      <classname>org.openmrs.ConceptReferenceTerm</classname>
      <dateChanged id="313">2021-09-22 13:49:58</dateChanged>
      <retired>false</retired>
    </org.openmrs.module.metadatasharing.Item>
    <org.openmrs.module.metadatasharing.Item id="314" uuid="288253ABBBBBBBBBBBBBBBBBBBBBBBBBBBBB">
      <id>286324</id>
      <classname>org.openmrs.ConceptMap</classname>
      <dateChanged id="315">2022-01-03 16:36:43</dateChanged>
    </org.openmrs.module.metadatasharing.Item>
    <org.openmrs.module.metadatasharing.Item id="316" uuid="e10e7d14-5a12-4b85-8a14-93a5ea2ede69">
      <id>286177</id>
      <classname>org.openmrs.ConceptReferenceTerm</classname>
      <dateChanged id="317">2022-01-03 16:36:43</dateChanged>
      <retired>false</retired>
    </org.openmrs.module.metadatasharing.Item>
    <org.openmrs.module.metadatasharing.Item id="318" uuid="288254ABBBBBBBBBBBBBBBBBBBBBBBBBBBBB">
      <id>286598</id>
      <classname>org.openmrs.ConceptMap</classname>
      <dateChanged id="319">2022-01-03 16:36:48</dateChanged>
    </org.openmrs.module.metadatasharing.Item>
    <org.openmrs.module.metadatasharing.Item id="320" uuid="f563c3ca-0649-42a8-a446-d213274cf62d">
      <id>286398</id>
      <classname>org.openmrs.ConceptReferenceTerm</classname>
      <dateChanged id="321">2022-01-03 16:36:48</dateChanged>
      <retired>false</retired>
    </org.openmrs.module.metadatasharing.Item>
    <org.openmrs.module.metadatasharing.Item id="322" uuid="c06445d0-1c87-48fc-8780-a7364fea9c32">
      <id>496608</id>
      <classname>org.openmrs.ConceptMap</classname>
      <dateChanged id="323">2023-08-01 18:06:11</dateChanged>
    </org.openmrs.module.metadatasharing.Item>
    <org.openmrs.module.metadatasharing.Item id="324" uuid="4eb101e2-3e00-4af8-a082-b072f120bec9">
      <id>448099</id>
      <classname>org.openmrs.ConceptReferenceTerm</classname>
      <dateChanged id="325">2023-08-01 18:06:10</dateChanged>
      <retired>false</retired>
    </org.openmrs.module.metadatasharing.Item>
    <org.openmrs.module.metadatasharing.Item id="326" uuid="26ea4a9f-8c4a-4ef3-81ec-7486f58c0931">
      <id>275100</id>
      <classname>org.openmrs.ConceptName</classname>
      <dateChanged id="327">2023-07-25 12:15:28</dateChanged>
    </org.openmrs.module.metadatasharing.Item>
    <org.openmrs.module.metadatasharing.Item id="328" uuid="769596b7-350e-4178-ae89-3564776635a5">
      <id>5901</id>
      <classname>org.openmrs.ConceptSet</classname>
      <dateChanged id="329">2023-07-25 12:15:28</dateChanged>
    </org.openmrs.module.metadatasharing.Item>
    <org.openmrs.module.metadatasharing.Item id="330" uuid="ffadb22d-aea6-44e1-8cbc-f46a955e2f73">
      <id>166213</id>
      <classname>org.openmrs.Concept</classname>
      <dateChanged id="331">2021-09-22 13:49:56</dateChanged>
      <retired>false</retired>
    </org.openmrs.module.metadatasharing.Item>
    <org.openmrs.module.metadatasharing.Item id="332" uuid="7eca5bc1-6dc2-4588-8259-893a1feb1bc2">
      <id>143921</id>
      <classname>org.openmrs.ConceptName</classname>
      <dateChanged id="333">2021-07-17 12:41:18</dateChanged>
    </org.openmrs.module.metadatasharing.Item>
    <org.openmrs.module.metadatasharing.Item id="334" uuid="d896186c-98fb-40ed-bdea-89da49a888c0">
      <id>18876</id>
      <classname>org.openmrs.ConceptDescription</classname>
      <dateChanged id="335">2021-07-17 12:41:18</dateChanged>
    </org.openmrs.module.metadatasharing.Item>
    <org.openmrs.module.metadatasharing.Item id="336" uuid="bf78cc37-93a5-4fec-8f63-ae24a402c538">
      <id>285473</id>
      <classname>org.openmrs.ConceptMap</classname>
      <dateChanged id="337">2021-09-22 13:49:56</dateChanged>
    </org.openmrs.module.metadatasharing.Item>
    <org.openmrs.module.metadatasharing.Item id="338" uuid="bbee1620-587a-4dde-94fe-85b5cdfd4ab8">
      <id>285473</id>
      <classname>org.openmrs.ConceptReferenceTerm</classname>
      <dateChanged id="339">2021-09-22 13:49:56</dateChanged>
      <retired>false</retired>
    </org.openmrs.module.metadatasharing.Item>
    <org.openmrs.module.metadatasharing.Item id="340" uuid="288148ABBBBBBBBBBBBBBBBBBBBBBBBBBBBB">
      <id>285776</id>
      <classname>org.openmrs.ConceptMap</classname>
      <dateChanged id="341">2022-01-03 16:36:34</dateChanged>
    </org.openmrs.module.metadatasharing.Item>
    <org.openmrs.module.metadatasharing.Item id="342" uuid="dab04e4c-1a2c-4156-a95d-88e56c77e387">
      <id>285756</id>
      <classname>org.openmrs.ConceptReferenceTerm</classname>
      <dateChanged id="343">2022-01-03 16:36:34</dateChanged>
      <retired>false</retired>
    </org.openmrs.module.metadatasharing.Item>
    <org.openmrs.module.metadatasharing.Item id="344" uuid="19d4a678-f755-41d9-adc2-db997f11fec5">
      <id>5902</id>
      <classname>org.openmrs.ConceptSet</classname>
      <dateChanged id="345">2023-07-25 12:15:28</dateChanged>
    </org.openmrs.module.metadatasharing.Item>
    <org.openmrs.module.metadatasharing.Item id="346" uuid="1e0c9845-c7bd-40f4-8b0f-b6b41c3512f7">
      <id>166273</id>
      <classname>org.openmrs.Concept</classname>
      <dateChanged id="347">2021-09-22 13:50:03</dateChanged>
      <retired>false</retired>
    </org.openmrs.module.metadatasharing.Item>
    <org.openmrs.module.metadatasharing.Item id="348" uuid="1b1a245b-caa6-4f6e-87a9-4e8af32ebd2d">
      <id>143991</id>
      <classname>org.openmrs.ConceptName</classname>
      <dateChanged id="349">2021-07-17 12:41:57</dateChanged>
    </org.openmrs.module.metadatasharing.Item>
    <org.openmrs.module.metadatasharing.Item id="350" uuid="e6cb66b5-97f7-4b9d-8fce-f27c783abcb3">
      <id>18936</id>
      <classname>org.openmrs.ConceptDescription</classname>
      <dateChanged id="351">2021-07-17 12:41:57</dateChanged>
    </org.openmrs.module.metadatasharing.Item>
    <org.openmrs.module.metadatasharing.Item id="352" uuid="fe9d63fd-45f0-4691-8467-81a24ed239b8">
      <id>285540</id>
      <classname>org.openmrs.ConceptMap</classname>
      <dateChanged id="353">2021-09-22 13:50:03</dateChanged>
    </org.openmrs.module.metadatasharing.Item>
    <org.openmrs.module.metadatasharing.Item id="354" uuid="d35b306a-688b-46c0-beec-67b008135dba">
      <id>285540</id>
      <classname>org.openmrs.ConceptReferenceTerm</classname>
      <dateChanged id="355">2021-09-22 13:50:03</dateChanged>
      <retired>false</retired>
    </org.openmrs.module.metadatasharing.Item>
    <org.openmrs.module.metadatasharing.Item id="356" uuid="288379ABBBBBBBBBBBBBBBBBBBBBBBBBBBBB">
      <id>286409</id>
      <classname>org.openmrs.ConceptMap</classname>
      <dateChanged id="357">2022-01-03 16:36:45</dateChanged>
    </org.openmrs.module.metadatasharing.Item>
    <org.openmrs.module.metadatasharing.Item id="358" uuid="288d361b-64f5-45fc-93be-af1f85a6708a">
      <id>286244</id>
      <classname>org.openmrs.ConceptReferenceTerm</classname>
      <dateChanged id="359">2022-01-03 16:36:45</dateChanged>
      <retired>false</retired>
    </org.openmrs.module.metadatasharing.Item>
    <org.openmrs.module.metadatasharing.Item id="360" uuid="288380ABBBBBBBBBBBBBBBBBBBBBBBBBBBBB">
      <id>286695</id>
      <classname>org.openmrs.ConceptMap</classname>
      <dateChanged id="361">2022-01-03 16:36:50</dateChanged>
    </org.openmrs.module.metadatasharing.Item>
    <org.openmrs.module.metadatasharing.Item id="362" uuid="76c27938-81ab-4f24-b2d2-19f052851883">
      <id>286475</id>
      <classname>org.openmrs.ConceptReferenceTerm</classname>
      <dateChanged id="363">2022-01-03 16:36:50</dateChanged>
      <retired>false</retired>
    </org.openmrs.module.metadatasharing.Item>
    <org.openmrs.module.metadatasharing.Item id="364" uuid="bb336fd8-0515-444d-aa46-7dd04fb9eb9f">
      <id>496609</id>
      <classname>org.openmrs.ConceptMap</classname>
      <dateChanged id="365">2023-08-01 18:06:11</dateChanged>
    </org.openmrs.module.metadatasharing.Item>
    <org.openmrs.module.metadatasharing.Item id="366" uuid="871f15d1-166a-421f-a6e4-c2b0c2020cf6">
      <id>448100</id>
      <classname>org.openmrs.ConceptReferenceTerm</classname>
      <dateChanged id="367">2023-08-01 18:06:10</dateChanged>
      <retired>false</retired>
    </org.openmrs.module.metadatasharing.Item>
    <org.openmrs.module.metadatasharing.Item id="368" uuid="4cac669b-0fbc-4b94-81c4-7d0465a4a053">
      <id>275098</id>
      <classname>org.openmrs.ConceptName</classname>
      <dateChanged id="369">2023-07-25 12:12:54</dateChanged>
    </org.openmrs.module.metadatasharing.Item>
    <org.openmrs.module.metadatasharing.Item id="370" uuid="ea03e174-f2f2-41c6-b99b-cdce5fc36d48">
      <id>5897</id>
      <classname>org.openmrs.ConceptSet</classname>
      <dateChanged id="371">2023-07-25 12:12:54</dateChanged>
    </org.openmrs.module.metadatasharing.Item>
    <org.openmrs.module.metadatasharing.Item id="372" uuid="57477d5f-eaca-4a02-b6e9-f229e523684c">
      <id>166248</id>
      <classname>org.openmrs.Concept</classname>
      <dateChanged id="373">2021-09-22 13:50:00</dateChanged>
      <retired>false</retired>
    </org.openmrs.module.metadatasharing.Item>
    <org.openmrs.module.metadatasharing.Item id="374" uuid="8b407a69-d5fa-49c6-a5df-61a27f30f07c">
      <id>143962</id>
      <classname>org.openmrs.ConceptName</classname>
      <dateChanged id="375">2021-07-17 11:17:27</dateChanged>
    </org.openmrs.module.metadatasharing.Item>
    <org.openmrs.module.metadatasharing.Item id="376" uuid="e94e16f1-2ef2-42ec-926d-e13ac3dae87c">
      <id>18911</id>
      <classname>org.openmrs.ConceptDescription</classname>
      <dateChanged id="377">2021-07-17 11:17:27</dateChanged>
    </org.openmrs.module.metadatasharing.Item>
    <org.openmrs.module.metadatasharing.Item id="378" uuid="7407f770-268b-4aa2-80be-6cfb76e2e719">
      <id>285515</id>
      <classname>org.openmrs.ConceptMap</classname>
      <dateChanged id="379">2021-09-22 13:50:00</dateChanged>
    </org.openmrs.module.metadatasharing.Item>
    <org.openmrs.module.metadatasharing.Item id="380" uuid="6f4d95e1-4438-4caf-b173-5ba2c5e9c24d">
      <id>285515</id>
      <classname>org.openmrs.ConceptReferenceTerm</classname>
      <dateChanged id="381">2021-09-22 13:50:00</dateChanged>
      <retired>false</retired>
    </org.openmrs.module.metadatasharing.Item>
    <org.openmrs.module.metadatasharing.Item id="382" uuid="288302ABBBBBBBBBBBBBBBBBBBBBBBBBBBBB">
      <id>285698</id>
      <classname>org.openmrs.ConceptMap</classname>
      <dateChanged id="383">2022-01-03 16:36:32</dateChanged>
    </org.openmrs.module.metadatasharing.Item>
    <org.openmrs.module.metadatasharing.Item id="384" uuid="80b347c3-50a3-418b-a252-0291a0a967a4">
      <id>285691</id>
      <classname>org.openmrs.ConceptReferenceTerm</classname>
      <dateChanged id="385">2022-01-03 16:36:32</dateChanged>
      <retired>false</retired>
    </org.openmrs.module.metadatasharing.Item>
    <org.openmrs.module.metadatasharing.Item id="386" uuid="288301ABBBBBBBBBBBBBBBBBBBBBBBBBBBBB">
      <id>286013</id>
      <classname>org.openmrs.ConceptMap</classname>
      <dateChanged id="387">2022-01-03 16:36:38</dateChanged>
    </org.openmrs.module.metadatasharing.Item>
    <org.openmrs.module.metadatasharing.Item id="388" uuid="25c20d5e-3f72-4b62-86bf-031fd7c7b9f2">
      <id>285930</id>
      <classname>org.openmrs.ConceptReferenceTerm</classname>
      <dateChanged id="389">2022-01-03 16:36:38</dateChanged>
      <retired>false</retired>
    </org.openmrs.module.metadatasharing.Item>
    <org.openmrs.module.metadatasharing.Item id="390" uuid="e99365aa-e172-46e9-b603-4ff7f64f084c">
      <id>5898</id>
      <classname>org.openmrs.ConceptSet</classname>
      <dateChanged id="391">2023-07-25 12:12:54</dateChanged>
    </org.openmrs.module.metadatasharing.Item>
    <org.openmrs.module.metadatasharing.Item id="392" uuid="add9112a-87d9-4d74-a0ec-667452feaa78">
      <id>166219</id>
      <classname>org.openmrs.Concept</classname>
      <dateChanged id="393">2021-09-22 13:49:57</dateChanged>
      <retired>false</retired>
    </org.openmrs.module.metadatasharing.Item>
    <org.openmrs.module.metadatasharing.Item id="394" uuid="e099cc07-b232-40c3-abf4-943da3acfae3">
      <id>143928</id>
      <classname>org.openmrs.ConceptName</classname>
      <dateChanged id="395">2021-07-17 11:18:07</dateChanged>
    </org.openmrs.module.metadatasharing.Item>
    <org.openmrs.module.metadatasharing.Item id="396" uuid="3aaf413b-92f7-4172-bff1-442b9892a41a">
      <id>18882</id>
      <classname>org.openmrs.ConceptDescription</classname>
      <dateChanged id="397">2021-07-17 11:18:07</dateChanged>
    </org.openmrs.module.metadatasharing.Item>
    <org.openmrs.module.metadatasharing.Item id="398" uuid="288205ABBBBBBBBBBBBBBBBBBBBBBBBBBBBB">
      <id>286899</id>
      <classname>org.openmrs.ConceptMap</classname>
      <dateChanged id="399">2022-01-03 16:36:53</dateChanged>
    </org.openmrs.module.metadatasharing.Item>
    <org.openmrs.module.metadatasharing.Item id="400" uuid="c18648fd-48b3-4141-bb4b-bbc96fa8fb5a">
      <id>286620</id>
      <classname>org.openmrs.ConceptReferenceTerm</classname>
      <dateChanged id="401">2022-01-03 16:36:53</dateChanged>
      <retired>false</retired>
    </org.openmrs.module.metadatasharing.Item>
    <org.openmrs.module.metadatasharing.Item id="402" uuid="6d899c4a-2d21-4dfa-aebb-d3bf780dd6c2">
      <id>285479</id>
      <classname>org.openmrs.ConceptMap</classname>
      <dateChanged id="403">2021-09-22 13:49:57</dateChanged>
    </org.openmrs.module.metadatasharing.Item>
    <org.openmrs.module.metadatasharing.Item id="404" uuid="21f09c44-c418-4db7-a7d5-d25ddd1266a9">
      <id>285479</id>
      <classname>org.openmrs.ConceptReferenceTerm</classname>
      <dateChanged id="405">2021-09-22 13:49:57</dateChanged>
      <retired>false</retired>
    </org.openmrs.module.metadatasharing.Item>
    <org.openmrs.module.metadatasharing.Item id="406" uuid="288204ABBBBBBBBBBBBBBBBBBBBBBBBBBBBB">
      <id>287234</id>
      <classname>org.openmrs.ConceptMap</classname>
      <dateChanged id="407">2022-01-03 16:36:59</dateChanged>
    </org.openmrs.module.metadatasharing.Item>
    <org.openmrs.module.metadatasharing.Item id="408" uuid="d417a533-294e-4fbc-a842-f13eda480c97">
      <id>286850</id>
      <classname>org.openmrs.ConceptReferenceTerm</classname>
      <dateChanged id="409">2022-01-03 16:36:59</dateChanged>
      <retired>false</retired>
    </org.openmrs.module.metadatasharing.Item>
    <org.openmrs.module.metadatasharing.Item id="410" uuid="94ddd347-d600-4ce4-8459-9bc4d8a97c4c">
      <id>496610</id>
      <classname>org.openmrs.ConceptMap</classname>
      <dateChanged id="411">2023-08-01 18:06:11</dateChanged>
    </org.openmrs.module.metadatasharing.Item>
    <org.openmrs.module.metadatasharing.Item id="412" uuid="616455e5-8f63-4b75-a1e6-599c3296dab6">
      <id>448101</id>
      <classname>org.openmrs.ConceptReferenceTerm</classname>
      <dateChanged id="413">2023-08-01 18:06:10</dateChanged>
      <retired>false</retired>
    </org.openmrs.module.metadatasharing.Item>
    <org.openmrs.module.metadatasharing.Item id="414" uuid="59c89bf6-58bc-4243-82f9-04d49259dd24">
      <id>275099</id>
      <classname>org.openmrs.ConceptName</classname>
      <dateChanged id="415">2023-07-25 12:14:10</dateChanged>
    </org.openmrs.module.metadatasharing.Item>
    <org.openmrs.module.metadatasharing.Item id="416" uuid="d9ef5102-1e0f-4e1a-a344-c69aa88e7bea">
      <id>5899</id>
      <classname>org.openmrs.ConceptSet</classname>
      <dateChanged id="417">2023-07-25 12:14:10</dateChanged>
    </org.openmrs.module.metadatasharing.Item>
    <org.openmrs.module.metadatasharing.Item id="418" uuid="d2abdab2-99a0-4ce9-9709-f173264eea22">
      <id>166250</id>
      <classname>org.openmrs.Concept</classname>
      <dateChanged id="419">2021-09-22 13:50:00</dateChanged>
      <retired>false</retired>
    </org.openmrs.module.metadatasharing.Item>
    <org.openmrs.module.metadatasharing.Item id="420" uuid="e4f6c5f2-e187-4407-8d0b-b3613f4f8b84">
      <id>143964</id>
      <classname>org.openmrs.ConceptName</classname>
      <dateChanged id="421">2021-07-17 12:23:29</dateChanged>
    </org.openmrs.module.metadatasharing.Item>
    <org.openmrs.module.metadatasharing.Item id="422" uuid="5421495a-de69-4311-83b5-5e42a744bb3b">
      <id>18913</id>
      <classname>org.openmrs.ConceptDescription</classname>
      <dateChanged id="423">2021-07-17 12:23:29</dateChanged>
    </org.openmrs.module.metadatasharing.Item>
    <org.openmrs.module.metadatasharing.Item id="424" uuid="289046ABBBBBBBBBBBBBBBBBBBBBBBBBBBBB">
      <id>287294</id>
      <classname>org.openmrs.ConceptMap</classname>
      <dateChanged id="425">2022-01-03 16:37:00</dateChanged>
    </org.openmrs.module.metadatasharing.Item>
    <org.openmrs.module.metadatasharing.Item id="426" uuid="fa8ed2df-0b6d-418c-8e07-0aa6e5414e3d">
      <id>285517</id>
      <classname>org.openmrs.ConceptMap</classname>
      <dateChanged id="427">2021-09-22 13:50:00</dateChanged>
    </org.openmrs.module.metadatasharing.Item>
    <org.openmrs.module.metadatasharing.Item id="428" uuid="7c9a9a4a-a098-4ac1-8a41-6b352a398a96">
      <id>285517</id>
      <classname>org.openmrs.ConceptReferenceTerm</classname>
      <dateChanged id="429">2021-09-22 13:50:00</dateChanged>
      <retired>false</retired>
    </org.openmrs.module.metadatasharing.Item>
    <org.openmrs.module.metadatasharing.Item id="430" uuid="288891ABBBBBBBBBBBBBBBBBBBBBBBBBBBBB">
      <id>285891</id>
      <classname>org.openmrs.ConceptMap</classname>
      <dateChanged id="431">2022-01-03 16:36:36</dateChanged>
    </org.openmrs.module.metadatasharing.Item>
    <org.openmrs.module.metadatasharing.Item id="432" uuid="290388ABBBBBBBBBBBBBBBBBBBBBBBBBBBBB">
      <id>285857</id>
      <classname>org.openmrs.ConceptMap</classname>
      <dateChanged id="433">2022-01-03 16:36:35</dateChanged>
    </org.openmrs.module.metadatasharing.Item>
    <org.openmrs.module.metadatasharing.Item id="434" uuid="ebe6ecdb-d36d-4491-8bd0-1a48f4c8995d">
      <id>285760</id>
      <classname>org.openmrs.ConceptReferenceTerm</classname>
      <dateChanged id="435">2022-01-03 16:36:34</dateChanged>
      <retired>false</retired>
    </org.openmrs.module.metadatasharing.Item>
    <org.openmrs.module.metadatasharing.Item id="436" uuid="a7ca94f5-63ff-4973-a805-25313e8954bf">
      <id>5900</id>
      <classname>org.openmrs.ConceptSet</classname>
      <dateChanged id="437">2023-07-25 12:14:10</dateChanged>
    </org.openmrs.module.metadatasharing.Item>
    <org.openmrs.module.metadatasharing.Item id="438" uuid="730949a8-9714-431c-888d-f6ac9154dc26">
      <id>166166</id>
      <classname>org.openmrs.Concept</classname>
      <dateChanged id="439">2021-09-22 13:49:52</dateChanged>
      <retired>false</retired>
    </org.openmrs.module.metadatasharing.Item>
    <org.openmrs.module.metadatasharing.Item id="440" uuid="15bc2731-89a8-41f4-a3cc-95b17a03c864">
      <id>143869</id>
      <classname>org.openmrs.ConceptName</classname>
      <dateChanged id="441">2021-07-17 12:24:04</dateChanged>
    </org.openmrs.module.metadatasharing.Item>
    <org.openmrs.module.metadatasharing.Item id="442" uuid="a68f5752-0407-4743-9513-487b3cc9aa3b">
      <id>18830</id>
      <classname>org.openmrs.ConceptDescription</classname>
      <dateChanged id="443">2021-07-17 12:24:04</dateChanged>
    </org.openmrs.module.metadatasharing.Item>
    <org.openmrs.module.metadatasharing.Item id="444" uuid="287908ABBBBBBBBBBBBBBBBBBBBBBBBBBBBB">
      <id>286632</id>
      <classname>org.openmrs.ConceptMap</classname>
      <dateChanged id="445">2022-01-03 16:36:49</dateChanged>
    </org.openmrs.module.metadatasharing.Item>
    <org.openmrs.module.metadatasharing.Item id="446" uuid="72956e68-40d7-42ba-9865-a8dd7788add7">
      <id>286421</id>
      <classname>org.openmrs.ConceptReferenceTerm</classname>
      <dateChanged id="447">2022-01-03 16:36:49</dateChanged>
      <retired>false</retired>
    </org.openmrs.module.metadatasharing.Item>
    <org.openmrs.module.metadatasharing.Item id="448" uuid="9dd3c68b-23b2-44f8-9321-908e64675aa1">
      <id>285425</id>
      <classname>org.openmrs.ConceptMap</classname>
      <dateChanged id="449">2021-09-22 13:49:52</dateChanged>
    </org.openmrs.module.metadatasharing.Item>
    <org.openmrs.module.metadatasharing.Item id="450" uuid="7bdad9fd-38f0-4565-9b56-023a9a225e2d">
      <id>285425</id>
      <classname>org.openmrs.ConceptReferenceTerm</classname>
      <dateChanged id="451">2021-09-22 13:49:52</dateChanged>
      <retired>false</retired>
    </org.openmrs.module.metadatasharing.Item>
    <org.openmrs.module.metadatasharing.Item id="452" uuid="287907ABBBBBBBBBBBBBBBBBBBBBBBBBBBBB">
      <id>286334</id>
      <classname>org.openmrs.ConceptMap</classname>
      <dateChanged id="453">2022-01-03 16:36:43</dateChanged>
    </org.openmrs.module.metadatasharing.Item>
    <org.openmrs.module.metadatasharing.Item id="454" uuid="1a949b51-7b6c-49c5-99d5-ecc8d7058f90">
      <id>286185</id>
      <classname>org.openmrs.ConceptReferenceTerm</classname>
      <dateChanged id="455">2022-01-03 16:36:43</dateChanged>
      <retired>false</retired>
    </org.openmrs.module.metadatasharing.Item>
    <org.openmrs.module.metadatasharing.Item id="456" uuid="381db5fa-c1a8-4d32-9761-97d6331699f4">
      <id>496611</id>
      <classname>org.openmrs.ConceptMap</classname>
      <dateChanged id="457">2023-08-01 18:06:11</dateChanged>
    </org.openmrs.module.metadatasharing.Item>
    <org.openmrs.module.metadatasharing.Item id="458" uuid="c6cab85d-f4cb-4a28-8880-0d34146cd647">
      <id>448102</id>
      <classname>org.openmrs.ConceptReferenceTerm</classname>
      <dateChanged id="459">2023-08-01 18:06:10</dateChanged>
      <retired>false</retired>
    </org.openmrs.module.metadatasharing.Item>
    <org.openmrs.module.metadatasharing.Item id="460" uuid="dfe0961c-9072-430c-b36f-1d6305b6d878">
      <id>275103</id>
      <classname>org.openmrs.ConceptName</classname>
      <dateChanged id="461">2023-07-25 12:19:25</dateChanged>
    </org.openmrs.module.metadatasharing.Item>
    <org.openmrs.module.metadatasharing.Item id="462" uuid="5d0ee5f5-e95c-47e8-bb91-29841423599f">
      <id>5907</id>
      <classname>org.openmrs.ConceptSet</classname>
      <dateChanged id="463">2023-07-25 12:19:25</dateChanged>
    </org.openmrs.module.metadatasharing.Item>
    <org.openmrs.module.metadatasharing.Item id="464" uuid="9b61ba17-3665-469f-8f22-236ed16b0d9c">
      <id>166088</id>
      <classname>org.openmrs.Concept</classname>
      <dateChanged id="465">2022-01-13 16:02:06</dateChanged>
      <retired>false</retired>
    </org.openmrs.module.metadatasharing.Item>
    <org.openmrs.module.metadatasharing.Item id="466" uuid="89c9c685-6e54-46b1-b2b0-47049e84205f">
      <id>143775</id>
      <classname>org.openmrs.ConceptName</classname>
      <dateChanged id="467">2021-07-17 12:20:31</dateChanged>
    </org.openmrs.module.metadatasharing.Item>
    <org.openmrs.module.metadatasharing.Item id="468" uuid="1ee9ad8a-fa84-4d29-b075-f369e110dcc9">
      <id>18752</id>
      <classname>org.openmrs.ConceptDescription</classname>
      <dateChanged id="469">2021-07-17 12:20:31</dateChanged>
    </org.openmrs.module.metadatasharing.Item>
    <org.openmrs.module.metadatasharing.Item id="470" uuid="288064ABBBBBBBBBBBBBBBBBBBBBBBBBBBBB">
      <id>288090</id>
      <classname>org.openmrs.ConceptMap</classname>
      <dateChanged id="471">2022-01-03 16:37:15</dateChanged>
    </org.openmrs.module.metadatasharing.Item>
    <org.openmrs.module.metadatasharing.Item id="472" uuid="fe223ab4-101f-4a73-85ad-00fbfb9d11b5">
      <id>287516</id>
      <classname>org.openmrs.ConceptReferenceTerm</classname>
      <dateChanged id="473">2022-01-03 16:37:15</dateChanged>
      <retired>false</retired>
    </org.openmrs.module.metadatasharing.Item>
    <org.openmrs.module.metadatasharing.Item id="474" uuid="4ADDDDDDDDDDDDDDDDDDDDDDDDDDDDDDDDDD">
      <id>4</id>
      <classname>org.openmrs.ConceptSource</classname>
      <dateChanged id="475">2010-04-25 11:13:48</dateChanged>
      <retired>false</retired>
    </org.openmrs.module.metadatasharing.Item>
    <org.openmrs.module.metadatasharing.Item id="476" uuid="287503ABBBBBBBBBBBBBBBBBBBBBBBBBBBBB">
      <id>287897</id>
      <classname>org.openmrs.ConceptMap</classname>
      <dateChanged id="477">2022-01-03 16:37:12</dateChanged>
    </org.openmrs.module.metadatasharing.Item>
    <org.openmrs.module.metadatasharing.Item id="478" uuid="13f3bb84-b6ec-4bea-841d-50b9a1bb4629">
      <id>287342</id>
      <classname>org.openmrs.ConceptReferenceTerm</classname>
      <dateChanged id="479">2022-01-03 16:37:11</dateChanged>
      <retired>false</retired>
    </org.openmrs.module.metadatasharing.Item>
    <org.openmrs.module.metadatasharing.Item id="480" uuid="84e10ff7-d283-417c-a13c-fa48b6000132">
      <id>285344</id>
      <classname>org.openmrs.ConceptMap</classname>
      <dateChanged id="481">2021-09-22 13:49:45</dateChanged>
    </org.openmrs.module.metadatasharing.Item>
    <org.openmrs.module.metadatasharing.Item id="482" uuid="6a8067b4-4651-44c6-9631-9126ee3712d9">
      <id>285344</id>
      <classname>org.openmrs.ConceptReferenceTerm</classname>
      <dateChanged id="483">2021-09-22 13:49:45</dateChanged>
      <retired>false</retired>
    </org.openmrs.module.metadatasharing.Item>
    <org.openmrs.module.metadatasharing.Item id="484" uuid="288063ABBBBBBBBBBBBBBBBBBBBBBBBBBBBB">
      <id>287882</id>
      <classname>org.openmrs.ConceptMap</classname>
      <dateChanged id="485">2022-01-03 16:37:12</dateChanged>
    </org.openmrs.module.metadatasharing.Item>
    <org.openmrs.module.metadatasharing.Item id="486" uuid="2c55d164-d495-4ba7-ad6a-6a894c00b18b">
      <id>287360</id>
      <classname>org.openmrs.ConceptReferenceTerm</classname>
      <dateChanged id="487">2022-01-03 16:37:12</dateChanged>
      <retired>false</retired>
    </org.openmrs.module.metadatasharing.Item>
    <org.openmrs.module.metadatasharing.Item id="488" uuid="f3a9e5ce-64bc-4017-8c02-21f16b82724f">
      <id>5908</id>
      <classname>org.openmrs.ConceptSet</classname>
      <dateChanged id="489">2023-07-25 12:19:25</dateChanged>
    </org.openmrs.module.metadatasharing.Item>
    <org.openmrs.module.metadatasharing.Item id="490" uuid="a0098f5d-52a0-47b0-9622-2e4b74b8e99b">
      <id>166282</id>
      <classname>org.openmrs.Concept</classname>
      <dateChanged id="491">2021-09-22 13:50:04</dateChanged>
      <retired>false</retired>
    </org.openmrs.module.metadatasharing.Item>
    <org.openmrs.module.metadatasharing.Item id="492" uuid="eb953ea5-c721-480c-ae34-b92c23d27ffc">
      <id>144000</id>
      <classname>org.openmrs.ConceptName</classname>
      <dateChanged id="493">2021-07-17 12:22:09</dateChanged>
    </org.openmrs.module.metadatasharing.Item>
    <org.openmrs.module.metadatasharing.Item id="494" uuid="5cf905df-9e39-4fe2-976d-b7953ed03430">
      <id>18945</id>
      <classname>org.openmrs.ConceptDescription</classname>
      <dateChanged id="495">2021-07-17 12:22:09</dateChanged>
    </org.openmrs.module.metadatasharing.Item>
    <org.openmrs.module.metadatasharing.Item id="496" uuid="288406ABBBBBBBBBBBBBBBBBBBBBBBBBBBBB">
      <id>286288</id>
      <classname>org.openmrs.ConceptMap</classname>
      <dateChanged id="497">2022-01-03 16:36:43</dateChanged>
    </org.openmrs.module.metadatasharing.Item>
    <org.openmrs.module.metadatasharing.Item id="498" uuid="b5a2b484-5035-4a7a-a4e1-ae01263e25c4">
      <id>286147</id>
      <classname>org.openmrs.ConceptReferenceTerm</classname>
      <dateChanged id="499">2022-01-03 16:36:43</dateChanged>
      <retired>false</retired>
    </org.openmrs.module.metadatasharing.Item>
    <org.openmrs.module.metadatasharing.Item id="500" uuid="70b64e89-c460-4c4c-a383-945f64b35cec">
      <id>285549</id>
      <classname>org.openmrs.ConceptMap</classname>
      <dateChanged id="501">2021-09-22 13:50:04</dateChanged>
    </org.openmrs.module.metadatasharing.Item>
    <org.openmrs.module.metadatasharing.Item id="502" uuid="51523dd4-1e05-401a-8bc4-b1b44508f898">
      <id>285549</id>
      <classname>org.openmrs.ConceptReferenceTerm</classname>
      <dateChanged id="503">2021-09-22 13:50:04</dateChanged>
      <retired>false</retired>
    </org.openmrs.module.metadatasharing.Item>
    <org.openmrs.module.metadatasharing.Item id="504" uuid="288407ABBBBBBBBBBBBBBBBBBBBBBBBBBBBB">
      <id>286016</id>
      <classname>org.openmrs.ConceptMap</classname>
      <dateChanged id="505">2022-01-03 16:36:38</dateChanged>
    </org.openmrs.module.metadatasharing.Item>
    <org.openmrs.module.metadatasharing.Item id="506" uuid="db7b5a0d-2881-4c89-a0c5-369485f69f2f">
      <id>285932</id>
      <classname>org.openmrs.ConceptReferenceTerm</classname>
      <dateChanged id="507">2022-01-03 16:36:38</dateChanged>
      <retired>false</retired>
    </org.openmrs.module.metadatasharing.Item>
    <org.openmrs.module.metadatasharing.Item id="508" uuid="c4547a40-82e8-4bb9-bb87-22108f8432be">
      <id>496613</id>
      <classname>org.openmrs.ConceptMap</classname>
      <dateChanged id="509">2023-08-01 18:06:11</dateChanged>
    </org.openmrs.module.metadatasharing.Item>
    <org.openmrs.module.metadatasharing.Item id="510" uuid="c4ae49f1-0a33-4114-9260-103ea787e03d">
      <id>448104</id>
      <classname>org.openmrs.ConceptReferenceTerm</classname>
      <dateChanged id="511">2023-08-01 18:06:11</dateChanged>
      <retired>false</retired>
    </org.openmrs.module.metadatasharing.Item>
    <org.openmrs.module.metadatasharing.Item id="512" uuid="c2c9d861-099e-41c3-99ec-d323b3cc7d23">
      <id>275104</id>
      <classname>org.openmrs.ConceptName</classname>
      <dateChanged id="513">2023-07-25 12:20:34</dateChanged>
    </org.openmrs.module.metadatasharing.Item>
    <org.openmrs.module.metadatasharing.Item id="514" uuid="fa15f667-4723-4357-b419-59d62db69a3c">
      <id>5909</id>
      <classname>org.openmrs.ConceptSet</classname>
      <dateChanged id="515">2023-07-25 12:20:34</dateChanged>
    </org.openmrs.module.metadatasharing.Item>
    <org.openmrs.module.metadatasharing.Item id="516" uuid="202100ce-3b7b-455c-bf72-912a62c8887e">
      <id>166305</id>
      <classname>org.openmrs.Concept</classname>
      <dateChanged id="517">2021-09-22 13:50:06</dateChanged>
      <retired>false</retired>
    </org.openmrs.module.metadatasharing.Item>
    <org.openmrs.module.metadatasharing.Item id="518" uuid="eeafc5ab-fbfa-44d3-a3b3-3d54c735b999">
      <id>144023</id>
      <classname>org.openmrs.ConceptName</classname>
      <dateChanged id="519">2021-07-17 12:24:45</dateChanged>
    </org.openmrs.module.metadatasharing.Item>
    <org.openmrs.module.metadatasharing.Item id="520" uuid="cfcd2649-7e83-43e0-b8e0-e58929e7749a">
      <id>18968</id>
      <classname>org.openmrs.ConceptDescription</classname>
      <dateChanged id="521">2021-07-17 12:24:45</dateChanged>
    </org.openmrs.module.metadatasharing.Item>
    <org.openmrs.module.metadatasharing.Item id="522" uuid="288475ABBBBBBBBBBBBBBBBBBBBBBBBBBBBB">
      <id>287077</id>
      <classname>org.openmrs.ConceptMap</classname>
      <dateChanged id="523">2022-01-03 16:36:56</dateChanged>
    </org.openmrs.module.metadatasharing.Item>
    <org.openmrs.module.metadatasharing.Item id="524" uuid="a54e42a9-f5e5-46c1-a0c1-25232f6d4ce4">
      <id>286743</id>
      <classname>org.openmrs.ConceptReferenceTerm</classname>
      <dateChanged id="525">2022-01-03 16:36:56</dateChanged>
      <retired>false</retired>
    </org.openmrs.module.metadatasharing.Item>
    <org.openmrs.module.metadatasharing.Item id="526" uuid="ad6bbe17-7b1e-49c4-8401-97c2a5adfe5c">
      <id>285573</id>
      <classname>org.openmrs.ConceptMap</classname>
      <dateChanged id="527">2021-09-22 13:50:06</dateChanged>
    </org.openmrs.module.metadatasharing.Item>
    <org.openmrs.module.metadatasharing.Item id="528" uuid="374b18b5-fc6d-4961-a185-a2c2390bdf70">
      <id>285573</id>
      <classname>org.openmrs.ConceptReferenceTerm</classname>
      <dateChanged id="529">2021-09-22 13:50:06</dateChanged>
      <retired>false</retired>
    </org.openmrs.module.metadatasharing.Item>
    <org.openmrs.module.metadatasharing.Item id="530" uuid="288474ABBBBBBBBBBBBBBBBBBBBBBBBBBBBB">
      <id>287342</id>
      <classname>org.openmrs.ConceptMap</classname>
      <dateChanged id="531">2022-01-03 16:37:02</dateChanged>
    </org.openmrs.module.metadatasharing.Item>
    <org.openmrs.module.metadatasharing.Item id="532" uuid="a90a5e33-f046-4174-b2c0-1411138c1372">
      <id>286934</id>
      <classname>org.openmrs.ConceptReferenceTerm</classname>
      <dateChanged id="533">2022-01-03 16:37:02</dateChanged>
      <retired>false</retired>
    </org.openmrs.module.metadatasharing.Item>
    <org.openmrs.module.metadatasharing.Item id="534" uuid="d81d4a4e-863f-4cf2-828d-8f0e1a4c90ff">
      <id>5910</id>
      <classname>org.openmrs.ConceptSet</classname>
      <dateChanged id="535">2023-07-25 12:20:34</dateChanged>
    </org.openmrs.module.metadatasharing.Item>
    <org.openmrs.module.metadatasharing.Item id="536" uuid="0c83afde-9655-4552-a6de-03a5540fba11">
      <id>166186</id>
      <classname>org.openmrs.Concept</classname>
      <dateChanged id="537">2021-09-22 13:49:54</dateChanged>
      <retired>false</retired>
    </org.openmrs.module.metadatasharing.Item>
    <org.openmrs.module.metadatasharing.Item id="538" uuid="ddd0a17b-06bc-40fd-a844-f5cf0816f519">
      <id>143891</id>
      <classname>org.openmrs.ConceptName</classname>
      <dateChanged id="539">2021-07-17 12:25:35</dateChanged>
    </org.openmrs.module.metadatasharing.Item>
    <org.openmrs.module.metadatasharing.Item id="540" uuid="21fd1686-40ef-4415-bc56-b1b5419753a5">
      <id>18850</id>
      <classname>org.openmrs.ConceptDescription</classname>
      <dateChanged id="541">2021-07-17 12:25:35</dateChanged>
    </org.openmrs.module.metadatasharing.Item>
    <org.openmrs.module.metadatasharing.Item id="542" uuid="287988ABBBBBBBBBBBBBBBBBBBBBBBBBBBBB">
      <id>287013</id>
      <classname>org.openmrs.ConceptMap</classname>
      <dateChanged id="543">2022-01-03 16:36:55</dateChanged>
    </org.openmrs.module.metadatasharing.Item>
    <org.openmrs.module.metadatasharing.Item id="544" uuid="b5eefce3-349d-4a98-9506-ddec595b5998">
      <id>286700</id>
      <classname>org.openmrs.ConceptReferenceTerm</classname>
      <dateChanged id="545">2022-01-03 16:36:55</dateChanged>
      <retired>false</retired>
    </org.openmrs.module.metadatasharing.Item>
    <org.openmrs.module.metadatasharing.Item id="546" uuid="287987ABBBBBBBBBBBBBBBBBBBBBBBBBBBBB">
      <id>285646</id>
      <classname>org.openmrs.ConceptMap</classname>
      <dateChanged id="547">2022-01-03 16:36:31</dateChanged>
    </org.openmrs.module.metadatasharing.Item>
    <org.openmrs.module.metadatasharing.Item id="548" uuid="208af526-fc94-48f0-a2c4-23a8b078166b">
      <id>285643</id>
      <classname>org.openmrs.ConceptReferenceTerm</classname>
      <dateChanged id="549">2022-01-03 16:36:31</dateChanged>
      <retired>false</retired>
    </org.openmrs.module.metadatasharing.Item>
    <org.openmrs.module.metadatasharing.Item id="550" uuid="287985ABBBBBBBBBBBBBBBBBBBBBBBBBBBBB">
      <id>285661</id>
      <classname>org.openmrs.ConceptMap</classname>
      <dateChanged id="551">2022-01-03 16:36:31</dateChanged>
    </org.openmrs.module.metadatasharing.Item>
    <org.openmrs.module.metadatasharing.Item id="552" uuid="ed85f6b5-27fa-4caa-9813-20736d622a74">
      <id>285658</id>
      <classname>org.openmrs.ConceptReferenceTerm</classname>
      <dateChanged id="553">2022-01-03 16:36:31</dateChanged>
      <retired>false</retired>
    </org.openmrs.module.metadatasharing.Item>
    <org.openmrs.module.metadatasharing.Item id="554" uuid="af7c84f2-b117-444e-9e50-1baca8e0d824">
      <id>285445</id>
      <classname>org.openmrs.ConceptMap</classname>
      <dateChanged id="555">2021-09-22 13:49:54</dateChanged>
    </org.openmrs.module.metadatasharing.Item>
    <org.openmrs.module.metadatasharing.Item id="556" uuid="d32a5878-ce0d-405a-8a49-438cc5b171b5">
      <id>285445</id>
      <classname>org.openmrs.ConceptReferenceTerm</classname>
      <dateChanged id="557">2021-09-22 13:49:54</dateChanged>
      <retired>false</retired>
    </org.openmrs.module.metadatasharing.Item>
    <org.openmrs.module.metadatasharing.Item id="558" uuid="324b5d19-f793-4aa5-a61f-fe75458d5455">
      <id>496614</id>
      <classname>org.openmrs.ConceptMap</classname>
      <dateChanged id="559">2023-08-01 18:06:11</dateChanged>
    </org.openmrs.module.metadatasharing.Item>
    <org.openmrs.module.metadatasharing.Item id="560" uuid="b5ad5eb2-a96f-41ed-b205-76630c96e41c">
      <id>448105</id>
      <classname>org.openmrs.ConceptReferenceTerm</classname>
      <dateChanged id="561">2023-08-01 18:06:11</dateChanged>
      <retired>false</retired>
    </org.openmrs.module.metadatasharing.Item>
  </relatedItems>
</package>
