<?xml version="1.0" encoding="UTF-8"?>
<list id="1">
  <org.openmrs.Concept id="2" uuid="9c65e0a7-8c12-46d4-8ad2-da1aa37b8276">
    <conceptId>166067</conceptId>
    <retired>false</retired>
    <datatype id="3" resolves-to="org.openmrs.ConceptDatatype" uuid="8d4a4ab4-c2cc-11de-8d13-0010c6dffd0f">
      <name>Text</name>
      <description>Free text</description>
      <creator/>
      <dateCreated id="4">2004-02-02 00:00:00</dateCreated>
      <retired>false</retired>
      <retiredBy/>
      <conceptDatatypeId>3</conceptDatatypeId>
      <hl7Abbreviation>ST</hl7Abbreviation>
    </datatype>
    <conceptClass id="5" resolves-to="org.openmrs.ConceptClass" uuid="8d4907b2-c2cc-11de-8d13-0010c6dffd0f">
      <name>Test</name>
      <description>Acq. during patient encounter (vitals, labs, etc.)</description>
      <creator/>
      <dateCreated id="6">2004-02-02 00:00:00</dateCreated>
      <changedBy/>
      <dateChanged id="7">2023-05-26 13:55:51</dateChanged>
      <retired>false</retired>
      <conceptClassId>1</conceptClassId>
    </conceptClass>
    <set>false</set>
    <creator/>
    <dateCreated id="8">2021-05-21 07:22:58</dateCreated>
    <changedBy/>
    <dateChanged id="9">2024-03-26 16:42:57</dateChanged>
    <names class="set" id="10">
      <org.openmrs.ConceptName id="11" uuid="da5a7891-cabf-436c-a7f7-5716caf93c48">
        <conceptNameId>143753</conceptNameId>
        <concept reference="2"/>
        <name>HIV ART Reason Stopped</name>
        <locale id="12">en</locale>
        <creator/>
        <dateCreated id="13">2021-05-21 07:22:58</dateCreated>
        <voided>false</voided>
        <tags class="set" id="14"/>
        <conceptNameType>FULLY_SPECIFIED</conceptNameType>
        <localePreferred>true</localePreferred>
        <changedBy/>
        <dateChanged id="15">2024-03-26 16:42:57</dateChanged>
      </org.openmrs.ConceptName>
    </names>
    <answers class="set" id="16"/>
    <conceptSets class="set" id="17"/>
    <descriptions class="set" id="18"/>
    <conceptMappings class="set" id="19">
      <org.openmrs.ConceptMap id="20" uuid="0efb0a73-4860-42f2-899f-561b585dfd63">
        <conceptMapType id="21" uuid="35543629-7d8c-11e1-909d-c80aa9edcf4e">
          <name>SAME-AS</name>
          <creator/>
          <dateCreated id="22">2018-10-12 00:00:00</dateCreated>
          <changedBy/>
          <dateChanged id="23">2023-11-06 15:59:36</dateChanged>
          <retired>false</retired>
          <conceptMapTypeId>1</conceptMapTypeId>
          <isHidden>false</isHidden>
        </conceptMapType>
        <creator/>
        <dateCreated id="24">2024-03-26 16:42:56</dateCreated>
        <conceptMapId>496633</conceptMapId>
        <concept reference="2"/>
        <conceptReferenceTerm id="25" uuid="679eb862-ae3c-4703-b715-c0c8a229f69d">
          <creator/>
          <dateCreated id="26">2022-01-03 16:37:23</dateCreated>
          <retired>false</retired>
          <conceptReferenceTermId>287902</conceptReferenceTermId>
          <conceptSource id="27" uuid="21ADDDDDDDDDDDDDDDDDDDDDDDDDDDDDDDDD">
            <name>CIEL</name>
            <description>Columbia International eHealth Laboratory concept ID</description>
            <creator/>
            <dateCreated id="28">2013-07-03 15:55:03</dateCreated>
            <changedBy/>
            <dateChanged id="29">2023-11-06 15:59:36</dateChanged>
            <retired>false</retired>
            <conceptSourceId>21</conceptSourceId>
          </conceptSource>
          <code>166067</code>
          <conceptReferenceTermMaps id="30"/>
        </conceptReferenceTerm>
      </org.openmrs.ConceptMap>
    </conceptMappings>
    <attributes id="31"/>
  </org.openmrs.Concept>
</list>
