<?xml version="1.0" encoding="UTF-8"?>
<list id="1">
  <org.openmrs.module.htmlformentry.HtmlForm id="2" uuid="f31a52cd-fcf9-4690-b581-4e8e33451d60">
    <creator/>
    <dateCreated id="3">2022-01-18 12:08:59</dateCreated>
    <changedBy/>
    <dateChanged id="4">2022-03-31 07:50:44</dateChanged>
    <retired>false</retired>
    <id>18</id>
    <form id="5" resolves-to="org.openmrs.Form" uuid="8c0e7e1a-64e1-456f-bd60-4d007db802d3">
      <name>CfL Migrated Medical History</name>
      <description>Form for Fields migrated from motech</description>
      <creator/>
      <dateCreated id="6">2022-01-18 12:08:59</dateCreated>
      <changedBy/>
      <dateChanged id="7">2022-03-31 07:50:44</dateChanged>
      <retired>false</retired>
      <formId>18</formId>
      <version>1.0</version>
      <published>false</published>
      <encounterType id="8" resolves-to="org.openmrs.EncounterType" uuid="645ce7ac-3714-4cb4-922a-9d5b4b164fa8">
        <name>CFL HIV Program Enrollment</name>
        <creator/>
        <dateCreated id="9">2021-07-14 08:30:57</dateCreated>
        <retired>false</retired>
        <encounterTypeId>11</encounterTypeId>
      </encounterType>
      <formFields id="10"/>
    </form>
    <xmlData>&lt;htmlform description=&quot;Form for Fields migrated from motech&quot; formName=&quot;Migrated Medical History&quot; formUuid=&quot;8c0e7e1a-64e1-456f-bd60-4d007db802d3&quot; formVersion=&quot;1.0&quot;&gt;&#xd;
&#xd;
    &lt;style&gt;&#xd;
		.section {&#xd;
			border: 1px solid #009d8e;&#xd;
			padding: 2px;&#xd;
			text-align: left;&#xd;
			margin-bottom: 1em;&#xd;
		}&#xd;
		.sectionHeader {&#xd;
			background-color: $headerColor;&#xd;
			color: white;&#xd;
			display: block;&#xd;
			padding: 2px;&#xd;
			font-weight: bold;&#xd;
		}&#xd;
		table.baseline-aligned td {&#xd;
			vertical-align: baseline;&#xd;
			cursor: default !important;&#xd;
		}&#xd;
		table thead{&#xd;
            font-weight: bold;&#xd;
            font-size: 20px !important;&#xd;
        }&#xd;
	&lt;/style&gt;&#xd;
&#xd;
    &lt;h2&gt;Migrated Medical History&lt;/h2&gt;&#xd;
&#xd;
    &lt;section headerLabel=&quot;Medical History&quot;&gt;&#xd;
        &lt;table class=&quot;baseline-aligned&quot;&gt;&#xd;
            &lt;thead&gt;&#xd;
            &lt;tr&gt;&#xd;
                &lt;td&gt;Group&lt;/td&gt;&#xd;
                &lt;td&gt;Name&lt;/td&gt;&#xd;
                &lt;td&gt;Value&lt;/td&gt;&#xd;
                &lt;td&gt;Additional info&lt;/td&gt;&#xd;
            &lt;/tr&gt;&#xd;
            &lt;/thead&gt;&#xd;
            &lt;tbody&gt;&#xd;
                &lt;lookup complexExpression=&quot;#foreach($obs in $fn.allObs(&apos;62f00afd-e23f-458d-b7d4-049ed567c008&apos;))                     &amp;lt;tr&amp;gt;                         &amp;lt;td&amp;gt;#if($obs.accessionNumber.split(&apos;##&apos;).size() &amp;gt; 1) $obs.accessionNumber.split(&apos;##&apos;).get(0)#end&amp;lt;/td&amp;gt;                         &amp;lt;td&amp;gt;#if($obs.accessionNumber.split(&apos;##&apos;).size() == 1) $obs.accessionNumber.split(&apos;##&apos;).get(0) #else $obs.accessionNumber.split(&apos;##&apos;).get(1) #end&amp;lt;/td&amp;gt;                         &amp;lt;td&amp;gt;&amp;lt;span class=&apos;value&apos;&amp;gt;#if($obs.valueText.split(&apos;##&apos;).size() == 1) $obs.valueText.split(&apos;##&apos;).get(0)#end&amp;lt;/span&amp;gt;&amp;lt;/td&amp;gt;                         &amp;lt;td&amp;gt;&amp;lt;span class=&apos;value&apos;&amp;gt;#if($obs.valueText.split(&apos;##&apos;).size() &amp;gt; 1) $obs.valueText.split(&apos;##&apos;).get(1)#end&amp;lt;/span&amp;gt;&amp;lt;/td&amp;gt;                     &amp;lt;/tr&amp;gt;                 #end&quot;/&gt;&#xd;
            &lt;/tbody&gt;&#xd;
        &lt;/table&gt;&#xd;
    &lt;/section&gt;&#xd;
&lt;/htmlform&gt;&#xd;
</xmlData>
    <dependencies class="set" id="11"/>
  </org.openmrs.module.htmlformentry.HtmlForm>
</list>
