<?xml version="1.0" encoding="UTF-8"?>
<list id="1">
  <org.openmrs.Concept id="2" uuid="e7541654-c327-4fee-8e48-f729946c7791">
    <conceptId>165950</conceptId>
    <retired>false</retired>
    <datatype id="3" resolves-to="org.openmrs.ConceptDatatype" uuid="8d4a48b6-c2cc-11de-8d13-0010c6dffd0f">
      <name>Coded</name>
      <description>Value determined by term dictionary lookup (i.e., term identifier)</description>
      <creator/>
      <dateCreated id="4">2004-02-02 00:00:00</dateCreated>
      <retired>false</retired>
      <retiredBy/>
      <conceptDatatypeId>2</conceptDatatypeId>
      <hl7Abbreviation>CWE</hl7Abbreviation>
    </datatype>
    <conceptClass id="5" resolves-to="org.openmrs.ConceptClass" uuid="8d491e50-c2cc-11de-8d13-0010c6dffd0f">
      <name>Question</name>
      <description>Question (eg, patient history, SF36 items)</description>
      <creator/>
      <dateCreated id="6">2004-03-02 00:00:00</dateCreated>
      <changedBy/>
      <dateChanged id="7">2023-05-26 13:55:51</dateChanged>
      <retired>false</retired>
      <conceptClassId>7</conceptClassId>
    </conceptClass>
    <set>false</set>
    <creator/>
    <dateCreated id="8">2020-03-26 16:21:15</dateCreated>
    <changedBy/>
    <dateChanged id="9">2024-04-24 17:22:30</dateChanged>
    <names class="set" id="10">
      <org.openmrs.ConceptName id="11" uuid="20d50cde-fa0e-45af-a067-a430480a285e">
        <conceptNameId>143577</conceptNameId>
        <concept reference="2"/>
        <name>Which health tip was played?</name>
        <locale id="12">en</locale>
        <creator/>
        <dateCreated id="13">2020-03-26 16:21:15</dateCreated>
        <voided>false</voided>
        <tags class="set" id="14"/>
        <conceptNameType>FULLY_SPECIFIED</conceptNameType>
        <localePreferred>true</localePreferred>
        <changedBy/>
        <dateChanged id="15">2024-04-24 17:22:30</dateChanged>
      </org.openmrs.ConceptName>
    </names>
    <answers class="set" id="16"/>
    <conceptSets class="set" id="17"/>
    <descriptions class="set" id="18">
      <org.openmrs.ConceptDescription id="19" uuid="727181f3-11cd-4dfb-a761-d90b21e5a542">
        <conceptDescriptionId>18704</conceptDescriptionId>
        <concept reference="2"/>
        <description>Used to determine which health tip was played to the user</description>
        <locale id="20">en</locale>
        <creator/>
        <dateCreated id="21">2020-03-26 16:21:15</dateCreated>
      </org.openmrs.ConceptDescription>
    </descriptions>
    <conceptMappings class="set" id="22">
      <org.openmrs.ConceptMap id="23" uuid="02942544-f228-4d89-88db-b73f20920141">
        <conceptMapType id="24" uuid="35543629-7d8c-11e1-909d-c80aa9edcf4e">
          <name>SAME-AS</name>
          <creator/>
          <dateCreated id="25">2018-10-12 00:00:00</dateCreated>
          <changedBy/>
          <dateChanged id="26">2023-11-06 15:59:36</dateChanged>
          <retired>false</retired>
          <conceptMapTypeId>1</conceptMapTypeId>
          <isHidden>false</isHidden>
        </conceptMapType>
        <creator/>
        <dateCreated id="27">2024-04-24 17:22:30</dateCreated>
        <conceptMapId>496634</conceptMapId>
        <concept reference="2"/>
        <conceptReferenceTerm id="28" uuid="234ccb5f-8835-451c-8d7f-ba9802b5092c">
          <creator/>
          <dateCreated id="29">2022-01-03 16:37:37</dateCreated>
          <retired>false</retired>
          <conceptReferenceTermId>288498</conceptReferenceTermId>
          <conceptSource id="30" uuid="21ADDDDDDDDDDDDDDDDDDDDDDDDDDDDDDDDD">
            <name>CIEL</name>
            <description>Columbia International eHealth Laboratory concept ID</description>
            <creator/>
            <dateCreated id="31">2013-07-03 15:55:03</dateCreated>
            <changedBy/>
            <dateChanged id="32">2023-11-06 15:59:36</dateChanged>
            <retired>false</retired>
            <conceptSourceId>21</conceptSourceId>
          </conceptSource>
          <code>165950</code>
          <conceptReferenceTermMaps id="33"/>
        </conceptReferenceTerm>
      </org.openmrs.ConceptMap>
    </conceptMappings>
    <attributes id="34"/>
  </org.openmrs.Concept>
</list>
