<?xml version="1.0" encoding="UTF-8"?>
<list id="1">
  <org.openmrs.module.visits.api.entity.VisitStatus id="2" uuid="73fcb53b-19a9-11ee-a800-0242ac130002">
    <name>SCHEDULED</name>
    <creator/>
    <dateCreated id="3">2023-07-03 13:56:48</dateCreated>
    <retired>false</retired>
    <visitStatusId>4</visitStatusId>
    <isDefault>true</isDefault>
  </org.openmrs.module.visits.api.entity.VisitStatus>
  <org.openmrs.module.visits.api.entity.VisitStatus id="4" uuid="73fcb92d-19a9-11ee-a800-0242ac130002">
    <name>MISSED</name>
    <creator/>
    <dateCreated id="5">2023-07-03 13:56:48</dateCreated>
    <retired>false</retired>
    <visitStatusId>5</visitStatusId>
    <statusGroup>missedVisitStatus</statusGroup>
    <isDefault>false</isDefault>
  </org.openmrs.module.visits.api.entity.VisitStatus>
  <org.openmrs.module.visits.api.entity.VisitStatus id="6" uuid="73fcb87d-19a9-11ee-a800-0242ac130002">
    <name>OCCURRED</name>
    <creator/>
    <dateCreated id="7">2023-07-03 13:56:48</dateCreated>
    <retired>false</retired>
    <visitStatusId>6</visitStatusId>
    <statusGroup>endingVisit,occurredVisitStatus</statusGroup>
    <isDefault>false</isDefault>
  </org.openmrs.module.visits.api.entity.VisitStatus>
</list>
